<?xml version="1.0" encoding="UTF-8"?>
<?xml-stylesheet href="indent-lined.css"?>
<book>
   <sentence>
      <p>
         <milestone>2John.1.1</milestone>Ὁ πρεσβύτερος ἐκλεκτῇ κυρίᾳ καὶ τοῖς τέκνοις αὐτῆς, οὓς ἐγὼ ἀγαπῶ ἐν ἀληθείᾳ, καὶ οὐκ ἐγὼ μόνος ἀλλὰ καὶ πάντες οἱ ἐγνωκότες τὴν ἀλήθειαν, διὰ τὴν ἀλήθειαν τὴν μένουσαν ἐν ἡμῖν, καὶ μεθ’ ἡμῶν ἔσται εἰς τὸν αἰῶνα·</p>
      <wg class="cl" n="630010010010380" articular="true" det="true">
         <wg class="cl"
             n="630010010010310"
             articular="true"
             head="true"
             det="true">
            <wg role="s">
               <w class="det"
                  osisId="2John.1.1!1"
                  n="630010010010010"
                  lemma="ὁ"
                  number="singular"
                  gender="masculine"
                  case="nominative">Ὁ</w>
               <w class="adj"
                  osisId="2John.1.1!2"
                  n="630010010020010"
                  lemma="πρεσβύτερος"
                  number="singular"
                  gender="masculine"
                  case="nominative"
                  head="true">πρεσβύτερος</w>
            </wg>
            <wg role="io">
               <wg class="np" n="630010010030060" head="true">
                  <wg class="np" n="630010010030020" head="true">
                     <w class="adj"
                        osisId="2John.1.1!3"
                        n="630010010030010"
                        lemma="ἐκλεκτός"
                        number="singular"
                        gender="feminine"
                        case="dative">ἐκλεκτῇ</w>
                     <w class="noun"
                        type="common"
                        osisId="2John.1.1!4"
                        n="630010010040010"
                        lemma="κυρία"
                        number="singular"
                        gender="feminine"
                        case="dative"
                        head="true">κυρίᾳ</w>
                  </wg>
                  <w class="conj"
                     osisId="2John.1.1!5"
                     n="630010010050010"
                     lemma="καί">καὶ</w>
                  <wg class="np" n="630010010060030" articular="true" det="true">
                     <w class="det"
                        osisId="2John.1.1!6"
                        n="630010010060010"
                        lemma="ὁ"
                        number="plural"
                        gender="neuter"
                        case="dative">τοῖς</w>
                     <wg class="np" n="630010010070020" head="true">
                        <w class="noun"
                           type="common"
                           osisId="2John.1.1!7"
                           n="630010010070010"
                           lemma="τέκνον"
                           number="plural"
                           gender="neuter"
                           case="dative"
                           head="true">τέκνοις</w>
                        <w class="pron"
                           type="personal"
                           osisId="2John.1.1!8"
                           n="630010010080010"
                           lemma="αὐτός"
                           number="singular"
                           gender="feminine"
                           case="genitive">αὐτῆς</w>
                     </wg>
                  </wg>
               </wg>
               <wg class="cl" n="630010010090230">
                  <w role="o"
                     class="pron"
                     type="relative"
                     osisId="2John.1.1!9"
                     n="630010010090010"
                     lemma="ὅς"
                     number="plural"
                     gender="masculine"
                     case="accusative">οὓς</w>
                  <w role="v"
                     class="verb"
                     osisId="2John.1.1!11"
                     n="630010010110010"
                     lemma="ἀγαπάω"
                     number="singular"
                     person="first"
                     tense="present"
                     voice="active"
                     mood="indicative"
                     head="true">ἀγαπῶ</w>
                  <wg role="adv">
                     <w class="prep"
                        osisId="2John.1.1!12"
                        n="630010010120010"
                        lemma="ἐν">ἐν</w>
                     <w class="noun"
                        type="common"
                        osisId="2John.1.1!13"
                        n="630010010130010"
                        lemma="ἀλήθεια"
                        number="singular"
                        gender="feminine"
                        case="dative"
                        head="true"
                        discontinuous="true">ἀληθείᾳ</w>
                  </wg>
                  <wg role="s">
                     <w class="pron"
                        type="personal"
                        osisId="2John.1.1!10"
                        n="630010010100010"
                        lemma="ἐγώ"
                        number="singular"
                        case="nominative"
                        head="true">ἐγὼ</w>
                     <w class="conj"
                        osisId="2John.1.1!14"
                        n="630010010140010"
                        lemma="καί">καὶ</w>
                     <wg class="np" n="630010010150100" articular="true" det="true">
                        <w class="adv"
                           osisId="2John.1.1!15"
                           n="630010010150010"
                           lemma="οὐ">οὐκ</w>
                        <wg class="np" n="630010010160020">
                           <w class="pron"
                              type="personal"
                              osisId="2John.1.1!16"
                              n="630010010160010"
                              lemma="ἐγώ"
                              number="singular"
                              case="nominative"
                              head="true">ἐγὼ</w>
                           <w class="adj"
                              osisId="2John.1.1!17"
                              n="630010010170010"
                              lemma="μόνος"
                              number="singular"
                              gender="masculine"
                              case="nominative">μόνος</w>
                        </wg>
                        <w class="conj"
                           osisId="2John.1.1!18"
                           n="630010010180010"
                           lemma="ἀλλά">ἀλλὰ</w>
                        <wg class="np"
                            n="630010010190060"
                            articular="true"
                            head="true"
                            det="true">
                           <w class="adv"
                              osisId="2John.1.1!19"
                              n="630010010190010"
                              lemma="καί">καὶ</w>
                           <wg class="np"
                               n="630010010200050"
                               articular="true"
                               head="true"
                               det="true">
                              <w class="adj"
                                 osisId="2John.1.1!20"
                                 n="630010010200010"
                                 lemma="πᾶς"
                                 number="plural"
                                 gender="masculine"
                                 case="nominative">πάντες</w>
                              <wg class="np"
                                  n="630010010210040"
                                  articular="true"
                                  head="true"
                                  det="true">
                                 <w class="det"
                                    osisId="2John.1.1!21"
                                    n="630010010210010"
                                    lemma="ὁ"
                                    number="plural"
                                    gender="masculine"
                                    case="nominative">οἱ</w>
                                 <wg class="cl" n="630010010220030" head="true">
                                    <w role="v"
                                       class="verb"
                                       osisId="2John.1.1!22"
                                       n="630010010220010"
                                       lemma="γινώσκω"
                                       number="plural"
                                       gender="masculine"
                                       case="nominative"
                                       tense="perfect"
                                       voice="active"
                                       mood="participle"
                                       type="?"
                                       head="true">ἐγνωκότες</w>
                                    <wg role="o">
                                       <w class="det"
                                          osisId="2John.1.1!23"
                                          n="630010010230010"
                                          lemma="ὁ"
                                          number="singular"
                                          gender="feminine"
                                          case="accusative">τὴν</w>
                                       <w class="noun"
                                          type="common"
                                          osisId="2John.1.1!24"
                                          n="630010010240010"
                                          lemma="ἀλήθεια"
                                          number="singular"
                                          gender="feminine"
                                          case="accusative"
                                          head="true">ἀλήθειαν</w>
                                    </wg>
                                 </wg>
                              </wg>
                           </wg>
                        </wg>
                     </wg>
                  </wg>
                  <wg role="adv">
                     <w class="prep"
                        osisId="2John.1.2!1"
                        n="630010020010010"
                        lemma="διά">διὰ</w>
                     <wg class="np"
                         n="630010020020060"
                         articular="true"
                         head="true"
                         det="true">
                        <wg class="np"
                            n="630010020020020"
                            articular="true"
                            head="true"
                            det="true">
                           <w class="det"
                              osisId="2John.1.2!2"
                              n="630010020020010"
                              lemma="ὁ"
                              number="singular"
                              gender="feminine"
                              case="accusative">τὴν</w>
                           <w class="noun"
                              type="common"
                              osisId="2John.1.2!3"
                              n="630010020030010"
                              lemma="ἀλήθεια"
                              number="singular"
                              gender="feminine"
                              case="accusative"
                              head="true">ἀλήθειαν</w>
                        </wg>
                        <wg class="np" n="630010020040040" articular="true" det="true">
                           <w class="det"
                              osisId="2John.1.2!4"
                              n="630010020040010"
                              lemma="ὁ"
                              number="singular"
                              gender="feminine"
                              case="accusative">τὴν</w>
                           <wg class="cl" n="630010020050030" head="true">
                              <w role="v"
                                 class="verb"
                                 osisId="2John.1.2!5"
                                 n="630010020050010"
                                 lemma="μένω"
                                 number="singular"
                                 gender="feminine"
                                 case="accusative"
                                 tense="present"
                                 voice="active"
                                 mood="participle"
                                 type="?"
                                 head="true">μένουσαν</w>
                              <wg role="adv">
                                 <w class="prep"
                                    osisId="2John.1.2!6"
                                    n="630010020060010"
                                    lemma="ἐν">ἐν</w>
                                 <w class="pron"
                                    type="personal"
                                    osisId="2John.1.2!7"
                                    n="630010020070010"
                                    lemma="ἐγώ"
                                    number="plural"
                                    case="dative"
                                    head="true">ἡμῖν</w>
                              </wg>
                           </wg>
                        </wg>
                     </wg>
                  </wg>
               </wg>
            </wg>
         </wg>
         <w class="conj"
            osisId="2John.1.2!8"
            n="630010020080010"
            lemma="καί">καὶ</w>
         <wg class="cl" n="630010020090060">
            <wg role="p">
               <w class="prep"
                  osisId="2John.1.2!9"
                  n="630010020090010"
                  lemma="μετά">μεθ’</w>
               <w class="pron"
                  type="personal"
                  osisId="2John.1.2!10"
                  n="630010020100010"
                  lemma="ἐγώ"
                  number="plural"
                  case="genitive"
                  head="true">ἡμῶν</w>
            </wg>
            <w role="vc"
               class="verb"
               osisId="2John.1.2!11"
               n="630010020110010"
               lemma="εἰμί"
               number="singular"
               person="third"
               tense="future"
               voice="middle"
               mood="indicative">ἔσται</w>
            <wg role="adv">
               <w class="prep"
                  osisId="2John.1.2!12"
                  n="630010020120010"
                  lemma="εἰς">εἰς</w>
               <wg class="np"
                   n="630010020130020"
                   articular="true"
                   head="true"
                   det="true">
                  <w class="det"
                     osisId="2John.1.2!13"
                     n="630010020130010"
                     lemma="ὁ"
                     number="singular"
                     gender="masculine"
                     case="accusative">τὸν</w>
                  <w class="noun"
                     type="common"
                     osisId="2John.1.2!14"
                     n="630010020140010"
                     lemma="αἰών"
                     number="singular"
                     gender="masculine"
                     case="accusative"
                     head="true">αἰῶνα</w>
               </wg>
            </wg>
         </wg>
      </wg>
   </sentence>
   <sentence>
      <p>
         <milestone>2John.1.3</milestone>ἔσται μεθ’ ἡμῶν χάρις ἔλεος εἰρήνη παρὰ θεοῦ πατρός, καὶ παρὰ Ἰησοῦ Χριστοῦ τοῦ υἱοῦ τοῦ πατρός, ἐν ἀληθείᾳ καὶ ἀγάπῃ.</p>
      <wg class="cl" n="630010030010210">
         <w role="vc"
            class="verb"
            osisId="2John.1.3!1"
            n="630010030010010"
            lemma="εἰμί"
            number="singular"
            person="third"
            tense="future"
            voice="middle"
            mood="indicative">ἔσται</w>
         <wg role="p">
            <w class="prep"
               osisId="2John.1.3!2"
               n="630010030020010"
               lemma="μετά">μεθ’</w>
            <w class="pron"
               type="personal"
               osisId="2John.1.3!3"
               n="630010030030010"
               lemma="ἐγώ"
               number="plural"
               case="genitive"
               head="true">ἡμῶν</w>
         </wg>
         <wg role="s">
            <wg class="np" n="630010030040030" head="true">
               <w class="noun"
                  type="common"
                  osisId="2John.1.3!4"
                  n="630010030040010"
                  lemma="χάρις"
                  number="singular"
                  gender="feminine"
                  case="nominative"
                  head="true">χάρις</w>
               <w class="noun"
                  type="common"
                  osisId="2John.1.3!5"
                  n="630010030050010"
                  lemma="ἔλεος"
                  number="singular"
                  gender="neuter"
                  case="nominative">ἔλεος</w>
               <w class="noun"
                  type="common"
                  osisId="2John.1.3!6"
                  n="630010030060010"
                  lemma="εἰρήνη"
                  number="singular"
                  gender="feminine"
                  case="nominative">εἰρήνη</w>
            </wg>
            <wg class="pp" n="630010030070110">
               <wg class="pp" n="630010030070030" head="true">
                  <w class="prep"
                     osisId="2John.1.3!7"
                     n="630010030070010"
                     lemma="παρά">παρὰ</w>
                  <wg class="np" n="630010030080020" head="true">
                     <w class="noun"
                        type="common"
                        osisId="2John.1.3!8"
                        n="630010030080010"
                        lemma="θεός"
                        number="singular"
                        gender="masculine"
                        case="genitive"
                        head="true">θεοῦ</w>
                     <w class="noun"
                        type="common"
                        osisId="2John.1.3!9"
                        n="630010030090010"
                        lemma="πατήρ"
                        number="singular"
                        gender="masculine"
                        case="genitive">πατρός</w>
                  </wg>
               </wg>
               <w class="conj"
                  osisId="2John.1.3!10"
                  n="630010030100010"
                  lemma="καί">καὶ</w>
               <wg class="pp" n="630010030110070">
                  <w class="prep"
                     osisId="2John.1.3!11"
                     n="630010030110010"
                     lemma="παρά">παρὰ</w>
                  <wg class="np" n="630010030120060" head="true">
                     <wg class="np" n="630010030120020" head="true">
                        <w class="noun"
                           type="proper"
                           osisId="2John.1.3!12"
                           n="630010030120010"
                           lemma="Ἰησοῦς"
                           number="singular"
                           gender="masculine"
                           case="genitive"
                           head="true">Ἰησοῦ</w>
                        <w class="noun"
                           type="proper"
                           osisId="2John.1.3!13"
                           n="630010030130010"
                           lemma="Χριστός"
                           number="singular"
                           gender="masculine"
                           case="genitive">Χριστοῦ</w>
                     </wg>
                     <wg class="np" n="630010030140040" articular="true" det="true">
                        <w class="det"
                           osisId="2John.1.3!14"
                           n="630010030140010"
                           lemma="ὁ"
                           number="singular"
                           gender="masculine"
                           case="genitive">τοῦ</w>
                        <wg class="np" n="630010030150030" head="true">
                           <w class="noun"
                              type="common"
                              osisId="2John.1.3!15"
                              n="630010030150010"
                              lemma="υἱός"
                              number="singular"
                              gender="masculine"
                              case="genitive"
                              head="true">υἱοῦ</w>
                           <wg class="np" n="630010030160020" articular="true" det="true">
                              <w class="det"
                                 osisId="2John.1.3!16"
                                 n="630010030160010"
                                 lemma="ὁ"
                                 number="singular"
                                 gender="masculine"
                                 case="genitive">τοῦ</w>
                              <w class="noun"
                                 type="common"
                                 osisId="2John.1.3!17"
                                 n="630010030170010"
                                 lemma="πατήρ"
                                 number="singular"
                                 gender="masculine"
                                 case="genitive"
                                 head="true">πατρός</w>
                           </wg>
                        </wg>
                     </wg>
                  </wg>
               </wg>
            </wg>
         </wg>
         <wg role="adv">
            <w class="prep"
               osisId="2John.1.3!18"
               n="630010030180010"
               lemma="ἐν">ἐν</w>
            <wg class="np" n="630010030190030" head="true">
               <w class="noun"
                  type="common"
                  osisId="2John.1.3!19"
                  n="630010030190010"
                  lemma="ἀλήθεια"
                  number="singular"
                  gender="feminine"
                  case="dative"
                  head="true">ἀληθείᾳ</w>
               <w class="conj"
                  osisId="2John.1.3!20"
                  n="630010030200010"
                  lemma="καί">καὶ</w>
               <w class="noun"
                  type="common"
                  osisId="2John.1.3!21"
                  n="630010030210010"
                  lemma="ἀγάπη"
                  number="singular"
                  gender="feminine"
                  case="dative">ἀγάπῃ</w>
            </wg>
         </wg>
      </wg>
   </sentence>
   <sentence>
      <p>
         <milestone>2John.1.4</milestone>Ἐχάρην λίαν ὅτι εὕρηκα ἐκ τῶν τέκνων σου περιπατοῦντας ἐν ἀληθείᾳ, καθὼς ἐντολὴν ἐλάβομεν παρὰ τοῦ πατρός.</p>
      <wg class="cl" n="630010040010170">
         <wg class="cl" n="630010040010020" head="true">
            <w role="v"
               class="verb"
               osisId="2John.1.4!1"
               n="630010040010010"
               lemma="χαίρω"
               number="singular"
               person="first"
               tense="aorist"
               voice="passive"
               mood="indicative"
               head="true">Ἐχάρην</w>
            <w role="adv"
               class="adv"
               osisId="2John.1.4!2"
               n="630010040020010"
               lemma="λίαν">λίαν</w>
         </wg>
         <wg class="cl" n="630010040030150">
            <w class="conj"
               osisId="2John.1.4!3"
               n="630010040030010"
               lemma="ὅτι">ὅτι</w>
            <wg class="cl" n="630010040040140" head="true">
               <w role="v"
                  class="verb"
                  osisId="2John.1.4!4"
                  n="630010040040010"
                  lemma="εὑρίσκω"
                  number="singular"
                  person="first"
                  tense="perfect"
                  voice="active"
                  mood="indicative"
                  head="true">εὕρηκα</w>
               <wg role="o">
                  <wg class="cl" n="630010040050070" head="true">
                     <wg role="adv">
                        <w class="prep"
                           osisId="2John.1.4!5"
                           n="630010040050010"
                           lemma="ἐκ">ἐκ</w>
                        <wg class="np"
                            n="630010040060030"
                            articular="true"
                            head="true"
                            det="true">
                           <w class="det"
                              osisId="2John.1.4!6"
                              n="630010040060010"
                              lemma="ὁ"
                              number="plural"
                              gender="neuter"
                              case="genitive">τῶν</w>
                           <wg class="np" n="630010040070020" head="true">
                              <w class="noun"
                                 type="common"
                                 osisId="2John.1.4!7"
                                 n="630010040070010"
                                 lemma="τέκνον"
                                 number="plural"
                                 gender="neuter"
                                 case="genitive"
                                 head="true">τέκνων</w>
                              <w class="pron"
                                 type="personal"
                                 osisId="2John.1.4!8"
                                 n="630010040080010"
                                 lemma="σύ"
                                 number="singular"
                                 case="genitive">σου</w>
                           </wg>
                        </wg>
                     </wg>
                     <w role="v"
                        class="verb"
                        osisId="2John.1.4!9"
                        n="630010040090010"
                        lemma="περιπατέω"
                        number="plural"
                        gender="masculine"
                        case="accusative"
                        tense="present"
                        voice="active"
                        mood="participle"
                        type="?"
                        head="true">περιπατοῦντας</w>
                     <wg role="adv">
                        <w class="prep"
                           osisId="2John.1.4!10"
                           n="630010040100010"
                           lemma="ἐν">ἐν</w>
                        <w class="noun"
                           type="common"
                           osisId="2John.1.4!11"
                           n="630010040110010"
                           lemma="ἀλήθεια"
                           number="singular"
                           gender="feminine"
                           case="dative"
                           head="true">ἀληθείᾳ</w>
                     </wg>
                  </wg>
                  <wg class="cl" n="630010040120060">
                     <w class="conj"
                        osisId="2John.1.4!12"
                        n="630010040120010"
                        lemma="καθώς">καθὼς</w>
                     <wg class="cl" n="630010040130050" head="true">
                        <w role="o"
                           class="noun"
                           type="common"
                           osisId="2John.1.4!13"
                           n="630010040130010"
                           lemma="ἐντολή"
                           number="singular"
                           gender="feminine"
                           case="accusative">ἐντολὴν</w>
                        <w role="v"
                           class="verb"
                           osisId="2John.1.4!14"
                           n="630010040140010"
                           lemma="λαμβάνω"
                           number="plural"
                           person="first"
                           tense="aorist"
                           voice="active"
                           mood="indicative"
                           head="true">ἐλάβομεν</w>
                        <wg role="adv">
                           <w class="prep"
                              osisId="2John.1.4!15"
                              n="630010040150010"
                              lemma="παρά">παρὰ</w>
                           <wg class="np"
                               n="630010040160020"
                               articular="true"
                               head="true"
                               det="true">
                              <w class="det"
                                 osisId="2John.1.4!16"
                                 n="630010040160010"
                                 lemma="ὁ"
                                 number="singular"
                                 gender="masculine"
                                 case="genitive">τοῦ</w>
                              <w class="noun"
                                 type="common"
                                 osisId="2John.1.4!17"
                                 n="630010040170010"
                                 lemma="πατήρ"
                                 number="singular"
                                 gender="masculine"
                                 case="genitive"
                                 head="true">πατρός</w>
                           </wg>
                        </wg>
                     </wg>
                  </wg>
               </wg>
            </wg>
         </wg>
      </wg>
   </sentence>
   <sentence>
      <p>
         <milestone>2John.1.5</milestone>καὶ νῦν ἐρωτῶ σε, κυρία, οὐχ ὡς ἐντολὴν καινὴν γράφων σοι ἀλλὰ ἣν εἴχομεν ἀπ’ ἀρχῆς, ἵνα ἀγαπῶμεν ἀλλήλους.</p>
      <wg class="cl" n="630010050010190">
         <w class="conj"
            osisId="2John.1.5!1"
            n="630010050010010"
            lemma="καί">καὶ</w>
         <wg class="cl" n="630010050050180" head="true">
            <w class="noun"
               type="common"
               osisId="2John.1.5!5"
               n="630010050050010"
               lemma="κυρία"
               number="singular"
               gender="feminine"
               case="vocative"
               discontinuous="true">κυρία</w>
            <wg class="cl" n="630010050020170" head="true">
               <wg class="cl" n="630010050020140" head="true">
                  <w role="adv"
                     class="adv"
                     osisId="2John.1.5!2"
                     n="630010050020010"
                     lemma="νῦν">νῦν</w>
                  <w role="v"
                     class="verb"
                     osisId="2John.1.5!3"
                     n="630010050030010"
                     lemma="ἐρωτάω"
                     number="singular"
                     person="first"
                     tense="present"
                     voice="active"
                     mood="indicative"
                     head="true">ἐρωτῶ</w>
                  <w role="o"
                     class="pron"
                     type="personal"
                     osisId="2John.1.5!4"
                     n="630010050040010"
                     lemma="σύ"
                     number="singular"
                     case="accusative">σε</w>
                  <wg role="adv">
                     <w role="v"
                        class="verb"
                        osisId="2John.1.5!10"
                        n="630010050100010"
                        lemma="γράφω"
                        number="singular"
                        gender="masculine"
                        case="nominative"
                        tense="present"
                        voice="active"
                        mood="participle"
                        type="?"
                        head="true">γράφων</w>
                     <w role="io"
                        class="pron"
                        type="personal"
                        osisId="2John.1.5!11"
                        n="630010050110010"
                        lemma="σύ"
                        number="singular"
                        case="dative"
                        discontinuous="true">σοι</w>
                     <wg role="adv">
                        <w class="adv" osisId="2John.1.5!6" n="630010050060010" lemma="οὐ">οὐχ</w>
                        <wg class="cl" n="630010050070030">
                           <w class="conj"
                              osisId="2John.1.5!7"
                              n="630010050070010"
                              lemma="ὡς">ὡς</w>
                           <wg class="cl" n="630010050080022" head="true">
                              <wg role="o">
                                 <w class="noun"
                                    type="common"
                                    osisId="2John.1.5!8"
                                    n="630010050080010"
                                    lemma="ἐντολή"
                                    number="singular"
                                    gender="feminine"
                                    case="accusative"
                                    head="true">ἐντολὴν</w>
                                 <w class="adj"
                                    osisId="2John.1.5!9"
                                    n="630010050090010"
                                    lemma="καινός"
                                    number="singular"
                                    gender="feminine"
                                    case="accusative">καινὴν</w>
                              </wg>
                           </wg>
                        </wg>
                        <w class="conj"
                           osisId="2John.1.5!12"
                           n="630010050120010"
                           lemma="ἀλλά">ἀλλὰ</w>
                        <wg class="cl" n="630010050130040" head="true">
                           <w role="o"
                              class="pron"
                              type="relative"
                              osisId="2John.1.5!13"
                              n="630010050130010"
                              lemma="ὅς"
                              number="singular"
                              gender="feminine"
                              case="accusative">ἣν</w>
                           <w role="v"
                              class="verb"
                              osisId="2John.1.5!14"
                              n="630010050140010"
                              lemma="ἔχω"
                              number="plural"
                              person="first"
                              tense="imperfect"
                              voice="active"
                              mood="indicative"
                              head="true">εἴχομεν</w>
                           <wg role="adv">
                              <w class="prep"
                                 osisId="2John.1.5!15"
                                 n="630010050150010"
                                 lemma="ἀπό">ἀπ’</w>
                              <w class="noun"
                                 type="common"
                                 osisId="2John.1.5!16"
                                 n="630010050160010"
                                 lemma="ἀρχή"
                                 number="singular"
                                 gender="feminine"
                                 case="genitive"
                                 head="true">ἀρχῆς</w>
                           </wg>
                        </wg>
                     </wg>
                  </wg>
               </wg>
               <wg class="cl" n="630010050170030">
                  <w class="conj"
                     osisId="2John.1.5!17"
                     n="630010050170010"
                     lemma="ἵνα">ἵνα</w>
                  <wg class="cl" n="630010050180020" head="true">
                     <w role="v"
                        class="verb"
                        osisId="2John.1.5!18"
                        n="630010050180010"
                        lemma="ἀγαπάω"
                        number="plural"
                        person="first"
                        tense="present"
                        voice="active"
                        mood="subjunctive"
                        head="true">ἀγαπῶμεν</w>
                     <w role="o"
                        class="pron"
                        type="personal"
                        osisId="2John.1.5!19"
                        n="630010050190010"
                        lemma="ἀλλήλων"
                        number="plural"
                        gender="masculine"
                        case="accusative">ἀλλήλους</w>
                  </wg>
               </wg>
            </wg>
         </wg>
      </wg>
   </sentence>
   <sentence>
      <p>
         <milestone>2John.1.6</milestone>καὶ αὕτη ἐστὶν ἡ ἀγάπη, ἵνα περιπατῶμεν κατὰ τὰς ἐντολὰς αὐτοῦ·</p>
      <wg class="cl" n="630010060010110">
         <w class="conj"
            osisId="2John.1.6!1"
            n="630010060010010"
            lemma="καί">καὶ</w>
         <wg class="cl" n="630010060020100" head="true">
            <wg class="cl" n="630010060020040" head="true">
               <w role="p"
                  class="pron"
                  type="demonstrative"
                  osisId="2John.1.6!2"
                  n="630010060020010"
                  lemma="οὗτος"
                  number="singular"
                  gender="feminine"
                  case="nominative"
                  head="true">αὕτη</w>
               <w role="vc"
                  class="verb"
                  osisId="2John.1.6!3"
                  n="630010060030010"
                  lemma="εἰμί"
                  number="singular"
                  person="third"
                  tense="present"
                  voice="active"
                  mood="indicative">ἐστὶν</w>
               <wg role="s">
                  <w class="det"
                     osisId="2John.1.6!4"
                     n="630010060040010"
                     lemma="ὁ"
                     number="singular"
                     gender="feminine"
                     case="nominative">ἡ</w>
                  <w class="noun"
                     type="common"
                     osisId="2John.1.6!5"
                     n="630010060050010"
                     lemma="ἀγάπη"
                     number="singular"
                     gender="feminine"
                     case="nominative"
                     head="true">ἀγάπη</w>
               </wg>
            </wg>
            <wg class="cl" n="630010060060060">
               <w class="adv"
                  osisId="2John.1.6!6"
                  n="630010060060010"
                  lemma="ἵνα">ἵνα</w>
               <wg class="cl" n="630010060070050" head="true">
                  <w role="v"
                     class="verb"
                     osisId="2John.1.6!7"
                     n="630010060070010"
                     lemma="περιπατέω"
                     number="plural"
                     person="first"
                     tense="present"
                     voice="active"
                     mood="subjunctive"
                     head="true">περιπατῶμεν</w>
                  <wg role="adv">
                     <w class="prep"
                        osisId="2John.1.6!8"
                        n="630010060080010"
                        lemma="κατά">κατὰ</w>
                     <wg class="np"
                         n="630010060090030"
                         articular="true"
                         head="true"
                         det="true">
                        <w class="det"
                           osisId="2John.1.6!9"
                           n="630010060090010"
                           lemma="ὁ"
                           number="plural"
                           gender="feminine"
                           case="accusative">τὰς</w>
                        <wg class="np" n="630010060100020" head="true">
                           <w class="noun"
                              type="common"
                              osisId="2John.1.6!10"
                              n="630010060100010"
                              lemma="ἐντολή"
                              number="plural"
                              gender="feminine"
                              case="accusative"
                              head="true">ἐντολὰς</w>
                           <w class="pron"
                              type="personal"
                              osisId="2John.1.6!11"
                              n="630010060110010"
                              lemma="αὐτός"
                              number="singular"
                              gender="masculine"
                              case="genitive">αὐτοῦ</w>
                        </wg>
                     </wg>
                  </wg>
               </wg>
            </wg>
         </wg>
      </wg>
   </sentence>
   <sentence>
      <p>
         <milestone>2John.1.6</milestone>αὕτη ἡ ἐντολή ἐστιν, καθὼς ἠκούσατε ἀπ’ ἀρχῆς, ἵνα ἐν αὐτῇ περιπατῆτε.</p>
      <wg class="cl" n="630010060120120">
         <wg class="cl" n="630010060120080" head="true">
            <wg class="cl" n="630010060120040" head="true">
               <w role="p"
                  class="pron"
                  type="demonstrative"
                  osisId="2John.1.6!12"
                  n="630010060120010"
                  lemma="οὗτος"
                  number="singular"
                  gender="feminine"
                  case="nominative"
                  head="true">αὕτη</w>
               <wg role="s">
                  <w class="det"
                     osisId="2John.1.6!13"
                     n="630010060130010"
                     lemma="ὁ"
                     number="singular"
                     gender="feminine"
                     case="nominative">ἡ</w>
                  <w class="noun"
                     type="common"
                     osisId="2John.1.6!14"
                     n="630010060140010"
                     lemma="ἐντολή"
                     number="singular"
                     gender="feminine"
                     case="nominative"
                     head="true">ἐντολή</w>
               </wg>
               <w role="vc"
                  class="verb"
                  osisId="2John.1.6!15"
                  n="630010060150010"
                  lemma="εἰμί"
                  number="singular"
                  person="third"
                  tense="present"
                  voice="active"
                  mood="indicative">ἐστιν</w>
            </wg>
            <wg class="cl" n="630010060160040">
               <w class="conj"
                  osisId="2John.1.6!16"
                  n="630010060160010"
                  lemma="καθώς">καθὼς</w>
               <wg class="cl" n="630010060170030" head="true">
                  <w role="v"
                     class="verb"
                     osisId="2John.1.6!17"
                     n="630010060170010"
                     lemma="ἀκούω"
                     number="plural"
                     person="second"
                     tense="aorist"
                     voice="active"
                     mood="indicative"
                     head="true">ἠκούσατε</w>
                  <wg role="adv">
                     <w class="prep"
                        osisId="2John.1.6!18"
                        n="630010060180010"
                        lemma="ἀπό">ἀπ’</w>
                     <w class="noun"
                        type="common"
                        osisId="2John.1.6!19"
                        n="630010060190010"
                        lemma="ἀρχή"
                        number="singular"
                        gender="feminine"
                        case="genitive"
                        head="true">ἀρχῆς</w>
                  </wg>
               </wg>
            </wg>
         </wg>
         <wg class="cl" n="630010060200040">
            <w class="adv"
               osisId="2John.1.6!20"
               n="630010060200010"
               lemma="ἵνα">ἵνα</w>
            <wg class="cl" n="630010060210030" head="true">
               <wg role="adv">
                  <w class="prep"
                     osisId="2John.1.6!21"
                     n="630010060210010"
                     lemma="ἐν">ἐν</w>
                  <w class="pron"
                     type="personal"
                     osisId="2John.1.6!22"
                     n="630010060220010"
                     lemma="αὐτός"
                     number="singular"
                     gender="feminine"
                     case="dative"
                     head="true">αὐτῇ</w>
               </wg>
               <w role="v"
                  class="verb"
                  osisId="2John.1.6!23"
                  n="630010060230010"
                  lemma="περιπατέω"
                  number="plural"
                  person="second"
                  tense="present"
                  voice="active"
                  mood="subjunctive"
                  head="true">περιπατῆτε</w>
            </wg>
         </wg>
      </wg>
   </sentence>
   <sentence>
      <p>
         <milestone>2John.1.7</milestone>ὅτι πολλοὶ πλάνοι ἐξῆλθον εἰς τὸν κόσμον, οἱ μὴ ὁμολογοῦντες Ἰησοῦν Χριστὸν ἐρχόμενον ἐν σαρκί·</p>
      <wg class="cl" n="630010070010150">
         <w class="conj"
            osisId="2John.1.7!1"
            n="630010070010010"
            lemma="ὅτι">ὅτι</w>
         <wg class="cl" n="630010070040140" head="true">
            <w role="v"
               class="verb"
               osisId="2John.1.7!4"
               n="630010070040010"
               lemma="ἐξέρχομαι"
               number="plural"
               person="third"
               tense="aorist"
               voice="active"
               mood="indicative"
               head="true">ἐξῆλθον</w>
            <wg role="adv">
               <w class="prep"
                  osisId="2John.1.7!5"
                  n="630010070050010"
                  lemma="εἰς">εἰς</w>
               <wg class="np"
                   n="630010070060020"
                   articular="true"
                   head="true"
                   det="true">
                  <w class="det"
                     osisId="2John.1.7!6"
                     n="630010070060010"
                     lemma="ὁ"
                     number="singular"
                     gender="masculine"
                     case="accusative">τὸν</w>
                  <w class="noun"
                     type="common"
                     osisId="2John.1.7!7"
                     n="630010070070010"
                     lemma="κόσμος"
                     number="singular"
                     gender="masculine"
                     case="accusative"
                     head="true"
                     discontinuous="true">κόσμον</w>
               </wg>
            </wg>
            <wg role="s">
               <wg class="np" n="630010070020020" head="true">
                  <w class="adj"
                     osisId="2John.1.7!2"
                     n="630010070020010"
                     lemma="πολύς"
                     number="plural"
                     gender="masculine"
                     case="nominative">πολλοὶ</w>
                  <w class="adj"
                     osisId="2John.1.7!3"
                     n="630010070030010"
                     lemma="πλάνος"
                     number="plural"
                     gender="masculine"
                     case="nominative"
                     head="true">πλάνοι</w>
               </wg>
               <wg class="np" n="630010070080080" articular="true" det="true">
                  <w class="det"
                     osisId="2John.1.7!8"
                     n="630010070080010"
                     lemma="ὁ"
                     number="plural"
                     gender="masculine"
                     case="nominative">οἱ</w>
                  <wg class="cl" n="630010070090070" head="true">
                     <w role="adv"
                        class="adv"
                        osisId="2John.1.7!9"
                        n="630010070090010"
                        lemma="μή">μὴ</w>
                     <w role="v"
                        class="verb"
                        osisId="2John.1.7!10"
                        n="630010070100010"
                        lemma="ὁμολογέω"
                        number="plural"
                        gender="masculine"
                        case="nominative"
                        tense="present"
                        voice="active"
                        mood="participle"
                        type="?"
                        head="true">ὁμολογοῦντες</w>
                     <wg role="o">
                        <wg role="s">
                           <w class="noun"
                              type="proper"
                              osisId="2John.1.7!11"
                              n="630010070110010"
                              lemma="Ἰησοῦς"
                              number="singular"
                              gender="masculine"
                              case="accusative"
                              head="true">Ἰησοῦν</w>
                           <w class="noun"
                              type="proper"
                              osisId="2John.1.7!12"
                              n="630010070120010"
                              lemma="Χριστός"
                              number="singular"
                              gender="masculine"
                              case="accusative">Χριστὸν</w>
                        </wg>
                        <w role="v"
                           class="verb"
                           osisId="2John.1.7!13"
                           n="630010070130010"
                           lemma="ἔρχομαι"
                           number="singular"
                           gender="masculine"
                           case="accusative"
                           tense="present"
                           voice="middle"
                           mood="participle"
                           type="?"
                           head="true">ἐρχόμενον</w>
                        <wg role="adv">
                           <w class="prep"
                              osisId="2John.1.7!14"
                              n="630010070140010"
                              lemma="ἐν">ἐν</w>
                           <w class="noun"
                              type="common"
                              osisId="2John.1.7!15"
                              n="630010070150010"
                              lemma="σάρξ"
                              number="singular"
                              gender="feminine"
                              case="dative"
                              head="true">σαρκί</w>
                        </wg>
                     </wg>
                  </wg>
               </wg>
            </wg>
         </wg>
      </wg>
   </sentence>
   <sentence>
      <p>
         <milestone>2John.1.7</milestone>οὗτός ἐστιν ὁ πλάνος καὶ ὁ ἀντίχριστος.</p>
      <wg class="cl" n="630010070160070" articular="true" det="true">
         <w role="s"
            class="pron"
            type="demonstrative"
            osisId="2John.1.7!16"
            n="630010070160010"
            lemma="οὗτος"
            number="singular"
            gender="masculine"
            case="nominative">οὗτός</w>
         <w role="vc"
            class="verb"
            osisId="2John.1.7!17"
            n="630010070170010"
            lemma="εἰμί"
            number="singular"
            person="third"
            tense="present"
            voice="active"
            mood="indicative">ἐστιν</w>
         <wg role="p">
            <wg class="np"
                n="630010070180020"
                articular="true"
                head="true"
                det="true">
               <w class="det"
                  osisId="2John.1.7!18"
                  n="630010070180010"
                  lemma="ὁ"
                  number="singular"
                  gender="masculine"
                  case="nominative">ὁ</w>
               <w class="adj"
                  osisId="2John.1.7!19"
                  n="630010070190010"
                  lemma="πλάνος"
                  number="singular"
                  gender="masculine"
                  case="nominative"
                  head="true">πλάνος</w>
            </wg>
            <w class="conj"
               osisId="2John.1.7!20"
               n="630010070200010"
               lemma="καί">καὶ</w>
            <wg class="np" n="630010070210020" articular="true" det="true">
               <w class="det"
                  osisId="2John.1.7!21"
                  n="630010070210010"
                  lemma="ὁ"
                  number="singular"
                  gender="masculine"
                  case="nominative">ὁ</w>
               <w class="noun"
                  type="common"
                  osisId="2John.1.7!22"
                  n="630010070220010"
                  lemma="ἀντίχριστος"
                  number="singular"
                  gender="masculine"
                  case="nominative"
                  head="true">ἀντίχριστος</w>
            </wg>
         </wg>
      </wg>
   </sentence>
   <sentence>
      <p>
         <milestone>2John.1.8</milestone>βλέπετε ἑαυτούς, ἵνα μὴ ἀπολέσητε ἃ εἰργασάμεθα, ἀλλὰ μισθὸν πλήρη ἀπολάβητε.</p>
      <wg class="cl" n="630010080010110">
         <wg class="cl" n="630010080010020" head="true">
            <w role="v"
               class="verb"
               osisId="2John.1.8!1"
               n="630010080010010"
               lemma="βλέπω"
               number="plural"
               person="second"
               tense="present"
               voice="active"
               mood="imperative"
               head="true">βλέπετε</w>
            <w role="o"
               class="pron"
               type="personal"
               osisId="2John.1.8!2"
               n="630010080020010"
               lemma="ἑαυτοῦ"
               number="plural"
               gender="masculine"
               case="accusative">ἑαυτούς</w>
         </wg>
         <wg class="cl" n="630010080030090">
            <w class="conj"
               osisId="2John.1.8!3"
               n="630010080030010"
               lemma="ἵνα">ἵνα</w>
            <wg class="cl" n="630010080040080" head="true">
               <w class="adv" osisId="2John.1.8!4" n="630010080040010" lemma="μή">μὴ</w>
               <wg class="cl" n="630010080050030">
                  <w role="v"
                     class="verb"
                     osisId="2John.1.8!5"
                     n="630010080050010"
                     lemma="ἀπόλλυμι"
                     number="plural"
                     person="second"
                     tense="aorist"
                     voice="active"
                     mood="subjunctive"
                     head="true">ἀπολέσητε</w>
                  <wg role="o">
                     <wg class="cl" n="630010080060020">
                        <w role="o"
                           class="pron"
                           type="relative"
                           osisId="2John.1.8!6"
                           n="630010080060010"
                           lemma="ὅς"
                           number="plural"
                           gender="neuter"
                           case="accusative">ἃ</w>
                        <w role="v"
                           class="verb"
                           osisId="2John.1.8!7"
                           n="630010080070010"
                           lemma="ἐργάζομαι"
                           number="plural"
                           person="first"
                           tense="aorist"
                           voice="middle"
                           mood="indicative"
                           head="true">εἰργασάμεθα</w>
                     </wg>
                  </wg>
               </wg>
               <w class="conj"
                  osisId="2John.1.8!8"
                  n="630010080080010"
                  lemma="ἀλλά">ἀλλὰ</w>
               <wg class="cl" n="630010080090030" head="true">
                  <wg role="o">
                     <w class="noun"
                        type="common"
                        osisId="2John.1.8!9"
                        n="630010080090010"
                        lemma="μισθός"
                        number="singular"
                        gender="masculine"
                        case="accusative"
                        head="true">μισθὸν</w>
                     <w class="adj"
                        osisId="2John.1.8!10"
                        n="630010080100010"
                        lemma="πλήρης"
                        number="singular"
                        gender="masculine"
                        case="accusative">πλήρη</w>
                  </wg>
                  <w role="v"
                     class="verb"
                     osisId="2John.1.8!11"
                     n="630010080110010"
                     lemma="ἀπολαμβάνω"
                     number="plural"
                     person="second"
                     tense="aorist"
                     voice="active"
                     mood="subjunctive"
                     head="true">ἀπολάβητε</w>
               </wg>
            </wg>
         </wg>
      </wg>
   </sentence>
   <sentence>
      <p>
         <milestone>2John.1.9</milestone>πᾶς ὁ προάγων καὶ μὴ μένων ἐν τῇ διδαχῇ τοῦ Χριστοῦ θεὸν οὐκ ἔχει·</p>
      <wg class="cl" n="630010090010140">
         <wg role="s">
            <w class="adj"
               osisId="2John.1.9!1"
               n="630010090010010"
               lemma="πᾶς"
               number="singular"
               gender="masculine"
               case="nominative">πᾶς</w>
            <wg class="np"
                n="630010090020100"
                articular="true"
                head="true"
                det="true">
               <w class="det"
                  osisId="2John.1.9!2"
                  n="630010090020010"
                  lemma="ὁ"
                  number="singular"
                  gender="masculine"
                  case="nominative">ὁ</w>
               <wg class="cl" n="630010090030090" head="true">
                  <w class="verb"
                     osisId="2John.1.9!3"
                     n="630010090030010"
                     lemma="προάγω"
                     number="singular"
                     gender="masculine"
                     case="nominative"
                     tense="present"
                     voice="active"
                     mood="participle"
                     type="?"
                     head="true">προάγων</w>
                  <w class="conj"
                     osisId="2John.1.9!4"
                     n="630010090040010"
                     lemma="καί">καὶ</w>
                  <wg class="cl" n="630010090050070">
                     <w role="adv"
                        class="adv"
                        osisId="2John.1.9!5"
                        n="630010090050010"
                        lemma="μή">μὴ</w>
                     <w role="v"
                        class="verb"
                        osisId="2John.1.9!6"
                        n="630010090060010"
                        lemma="μένω"
                        number="singular"
                        gender="masculine"
                        case="nominative"
                        tense="present"
                        voice="active"
                        mood="participle"
                        type="?"
                        head="true">μένων</w>
                     <wg role="adv">
                        <w class="prep"
                           osisId="2John.1.9!7"
                           n="630010090070010"
                           lemma="ἐν">ἐν</w>
                        <wg class="np"
                            n="630010090080040"
                            articular="true"
                            head="true"
                            det="true">
                           <w class="det"
                              osisId="2John.1.9!8"
                              n="630010090080010"
                              lemma="ὁ"
                              number="singular"
                              gender="feminine"
                              case="dative">τῇ</w>
                           <wg class="np" n="630010090090030" head="true">
                              <w class="noun"
                                 type="common"
                                 osisId="2John.1.9!9"
                                 n="630010090090010"
                                 lemma="διδαχή"
                                 number="singular"
                                 gender="feminine"
                                 case="dative"
                                 head="true">διδαχῇ</w>
                              <wg class="np" n="630010090100020" articular="true" det="true">
                                 <w class="det"
                                    osisId="2John.1.9!10"
                                    n="630010090100010"
                                    lemma="ὁ"
                                    number="singular"
                                    gender="masculine"
                                    case="genitive">τοῦ</w>
                                 <w class="noun"
                                    type="proper"
                                    osisId="2John.1.9!11"
                                    n="630010090110010"
                                    lemma="Χριστός"
                                    number="singular"
                                    gender="masculine"
                                    case="genitive"
                                    head="true">Χριστοῦ</w>
                              </wg>
                           </wg>
                        </wg>
                     </wg>
                  </wg>
               </wg>
            </wg>
         </wg>
         <w role="o"
            class="noun"
            type="common"
            osisId="2John.1.9!12"
            n="630010090120010"
            lemma="θεός"
            number="singular"
            gender="masculine"
            case="accusative">θεὸν</w>
         <w role="adv"
            class="adv"
            osisId="2John.1.9!13"
            n="630010090130010"
            lemma="οὐ">οὐκ</w>
         <w role="v"
            class="verb"
            osisId="2John.1.9!14"
            n="630010090140010"
            lemma="ἔχω"
            number="singular"
            person="third"
            tense="present"
            voice="active"
            mood="indicative"
            head="true">ἔχει</w>
      </wg>
   </sentence>
   <sentence>
      <p>
         <milestone>2John.1.9</milestone>ὁ μένων ἐν τῇ διδαχῇ, οὗτος καὶ τὸν πατέρα καὶ τὸν υἱὸν ἔχει.</p>
      <wg class="cl" n="630010090150130">
         <wg class="cl" n="630010090150051" articular="true" det="true">
            <wg class="np" n="630010090150050" articular="true" det="true">
               <w class="det"
                  osisId="2John.1.9!15"
                  n="630010090150010"
                  lemma="ὁ"
                  number="singular"
                  gender="masculine"
                  case="nominative">ὁ</w>
               <wg class="cl" n="630010090160040" head="true">
                  <w role="v"
                     class="verb"
                     osisId="2John.1.9!16"
                     n="630010090160010"
                     lemma="μένω"
                     number="singular"
                     gender="masculine"
                     case="nominative"
                     tense="present"
                     voice="active"
                     mood="participle"
                     type="?"
                     head="true">μένων</w>
                  <wg role="adv">
                     <w class="prep"
                        osisId="2John.1.9!17"
                        n="630010090170010"
                        lemma="ἐν">ἐν</w>
                     <wg class="np"
                         n="630010090180020"
                         articular="true"
                         head="true"
                         det="true">
                        <w class="det"
                           osisId="2John.1.9!18"
                           n="630010090180010"
                           lemma="ὁ"
                           number="singular"
                           gender="feminine"
                           case="dative">τῇ</w>
                        <w class="noun"
                           type="common"
                           osisId="2John.1.9!19"
                           n="630010090190010"
                           lemma="διδαχή"
                           number="singular"
                           gender="feminine"
                           case="dative"
                           head="true">διδαχῇ</w>
                     </wg>
                  </wg>
               </wg>
            </wg>
         </wg>
         <wg class="cl" n="630010090200080" head="true">
            <w role="s"
               class="pron"
               type="demonstrative"
               osisId="2John.1.9!20"
               n="630010090200010"
               lemma="οὗτος"
               number="singular"
               gender="masculine"
               case="nominative">οὗτος</w>
            <wg role="o">
               <w class="conj"
                  osisId="2John.1.9!21"
                  n="630010090210010"
                  lemma="καί">καὶ</w>
               <wg class="np"
                   n="630010090220020"
                   articular="true"
                   head="true"
                   det="true">
                  <w class="det"
                     osisId="2John.1.9!22"
                     n="630010090220010"
                     lemma="ὁ"
                     number="singular"
                     gender="masculine"
                     case="accusative">τὸν</w>
                  <w class="noun"
                     type="common"
                     osisId="2John.1.9!23"
                     n="630010090230010"
                     lemma="πατήρ"
                     number="singular"
                     gender="masculine"
                     case="accusative"
                     head="true">πατέρα</w>
               </wg>
               <w class="conj"
                  osisId="2John.1.9!24"
                  n="630010090240010"
                  lemma="καί">καὶ</w>
               <wg class="np" n="630010090250020" articular="true" det="true">
                  <w class="det"
                     osisId="2John.1.9!25"
                     n="630010090250010"
                     lemma="ὁ"
                     number="singular"
                     gender="masculine"
                     case="accusative">τὸν</w>
                  <w class="noun"
                     type="common"
                     osisId="2John.1.9!26"
                     n="630010090260010"
                     lemma="υἱός"
                     number="singular"
                     gender="masculine"
                     case="accusative"
                     head="true">υἱὸν</w>
               </wg>
            </wg>
            <w role="v"
               class="verb"
               osisId="2John.1.9!27"
               n="630010090270010"
               lemma="ἔχω"
               number="singular"
               person="third"
               tense="present"
               voice="active"
               mood="indicative"
               head="true">ἔχει</w>
         </wg>
      </wg>
   </sentence>
   <sentence>
      <p>
         <milestone>2John.1.10</milestone>εἴ τις ἔρχεται πρὸς ὑμᾶς καὶ ταύτην τὴν διδαχὴν οὐ φέρει, μὴ λαμβάνετε αὐτὸν εἰς οἰκίαν καὶ χαίρειν αὐτῷ μὴ λέγετε·</p>
      <wg class="cl" n="630010100010210">
         <wg class="cl" n="630010100010110">
            <w class="conj"
               osisId="2John.1.10!1"
               n="630010100010010"
               lemma="εἰ">εἴ</w>
            <wg class="cl" n="630010100020100" head="true">
               <wg class="cl" n="630010100020040" head="true">
                  <w role="s"
                     class="pron"
                     type="indefinite"
                     osisId="2John.1.10!2"
                     n="630010100020010"
                     lemma="τις"
                     number="singular"
                     gender="masculine"
                     case="nominative">τις</w>
                  <w role="v"
                     class="verb"
                     osisId="2John.1.10!3"
                     n="630010100030010"
                     lemma="ἔρχομαι"
                     number="singular"
                     person="third"
                     tense="present"
                     voice="middle"
                     mood="indicative"
                     head="true">ἔρχεται</w>
                  <wg role="adv">
                     <w class="prep"
                        osisId="2John.1.10!4"
                        n="630010100040010"
                        lemma="πρός">πρὸς</w>
                     <w class="pron"
                        type="personal"
                        osisId="2John.1.10!5"
                        n="630010100050010"
                        lemma="σύ"
                        number="plural"
                        case="accusative"
                        head="true">ὑμᾶς</w>
                  </wg>
               </wg>
               <w class="conj"
                  osisId="2John.1.10!6"
                  n="630010100060010"
                  lemma="καί">καὶ</w>
               <wg class="cl" n="630010100070050">
                  <wg role="o">
                     <w class="pron"
                        type="demonstrative"
                        osisId="2John.1.10!7"
                        n="630010100070010"
                        lemma="οὗτος"
                        number="singular"
                        gender="feminine"
                        case="accusative">ταύτην</w>
                     <wg class="np"
                         n="630010100080020"
                         articular="true"
                         head="true"
                         det="true">
                        <w class="det"
                           osisId="2John.1.10!8"
                           n="630010100080010"
                           lemma="ὁ"
                           number="singular"
                           gender="feminine"
                           case="accusative">τὴν</w>
                        <w class="noun"
                           type="common"
                           osisId="2John.1.10!9"
                           n="630010100090010"
                           lemma="διδαχή"
                           number="singular"
                           gender="feminine"
                           case="accusative"
                           head="true">διδαχὴν</w>
                     </wg>
                  </wg>
                  <w role="adv"
                     class="adv"
                     osisId="2John.1.10!10"
                     n="630010100100010"
                     lemma="οὐ">οὐ</w>
                  <w role="v"
                     class="verb"
                     osisId="2John.1.10!11"
                     n="630010100110010"
                     lemma="φέρω"
                     number="singular"
                     person="third"
                     tense="present"
                     voice="active"
                     mood="indicative"
                     head="true">φέρει</w>
               </wg>
            </wg>
         </wg>
         <wg class="cl" n="630010100120100" head="true">
            <wg class="cl" n="630010100120050" head="true">
               <w role="adv"
                  class="adv"
                  osisId="2John.1.10!12"
                  n="630010100120010"
                  lemma="μή">μὴ</w>
               <w role="v"
                  class="verb"
                  osisId="2John.1.10!13"
                  n="630010100130010"
                  lemma="λαμβάνω"
                  number="plural"
                  person="second"
                  tense="present"
                  voice="active"
                  mood="imperative"
                  head="true">λαμβάνετε</w>
               <w role="o"
                  class="pron"
                  type="personal"
                  osisId="2John.1.10!14"
                  n="630010100140010"
                  lemma="αὐτός"
                  number="singular"
                  gender="masculine"
                  case="accusative">αὐτὸν</w>
               <wg role="adv">
                  <w class="prep"
                     osisId="2John.1.10!15"
                     n="630010100150010"
                     lemma="εἰς">εἰς</w>
                  <w class="noun"
                     type="common"
                     osisId="2John.1.10!16"
                     n="630010100160010"
                     lemma="οἰκία"
                     number="singular"
                     gender="feminine"
                     case="accusative"
                     head="true">οἰκίαν</w>
               </wg>
            </wg>
            <w class="conj"
               osisId="2John.1.10!17"
               n="630010100170010"
               lemma="καί">καὶ</w>
            <wg class="cl" n="630010100180040">
               <w role="o"
                  class="verb"
                  osisId="2John.1.10!18"
                  n="630010100180010"
                  lemma="χαίρω"
                  tense="present"
                  voice="active"
                  mood="infinitive"
                  type="?">χαίρειν</w>
               <w role="io"
                  class="pron"
                  type="personal"
                  osisId="2John.1.10!19"
                  n="630010100190010"
                  lemma="αὐτός"
                  number="singular"
                  gender="masculine"
                  case="dative">αὐτῷ</w>
               <w role="adv"
                  class="adv"
                  osisId="2John.1.10!20"
                  n="630010100200010"
                  lemma="μή">μὴ</w>
               <w role="v"
                  class="verb"
                  osisId="2John.1.10!21"
                  n="630010100210010"
                  lemma="λέγω"
                  number="plural"
                  person="second"
                  tense="present"
                  voice="active"
                  mood="imperative"
                  head="true">λέγετε</w>
            </wg>
         </wg>
      </wg>
   </sentence>
   <sentence>
      <p>
         <milestone>2John.1.11</milestone>ὁ λέγων γὰρ αὐτῷ χαίρειν κοινωνεῖ τοῖς ἔργοις αὐτοῦ τοῖς πονηροῖς.</p>
      <wg class="cl" n="630010110030110">
         <w class="conj"
            osisId="2John.1.11!3"
            n="630010110030010"
            lemma="γάρ"
            discontinuous="true">γὰρ</w>
         <wg class="cl" n="630010110010100" head="true">
            <wg role="s">
               <w class="det"
                  osisId="2John.1.11!1"
                  n="630010110010010"
                  lemma="ὁ"
                  number="singular"
                  gender="masculine"
                  case="nominative">ὁ</w>
               <wg class="cl" n="630010110020030" head="true">
                  <w role="v"
                     class="verb"
                     osisId="2John.1.11!2"
                     n="630010110020010"
                     lemma="λέγω"
                     number="singular"
                     gender="masculine"
                     case="nominative"
                     tense="present"
                     voice="active"
                     mood="participle"
                     type="?"
                     head="true">λέγων</w>
                  <w role="io"
                     class="pron"
                     type="personal"
                     osisId="2John.1.11!4"
                     n="630010110040010"
                     lemma="αὐτός"
                     number="singular"
                     gender="masculine"
                     case="dative">αὐτῷ</w>
                  <w role="o"
                     class="verb"
                     osisId="2John.1.11!5"
                     n="630010110050010"
                     lemma="χαίρω"
                     tense="present"
                     voice="active"
                     mood="infinitive"
                     type="?">χαίρειν</w>
               </wg>
            </wg>
            <w role="v"
               class="verb"
               osisId="2John.1.11!6"
               n="630010110060010"
               lemma="κοινωνέω"
               number="singular"
               person="third"
               tense="present"
               voice="active"
               mood="indicative"
               head="true">κοινωνεῖ</w>
            <wg role="adv">
               <w class="det"
                  osisId="2John.1.11!7"
                  n="630010110070010"
                  lemma="ὁ"
                  number="plural"
                  gender="neuter"
                  case="dative">τοῖς</w>
               <wg class="np" n="630010110080040" head="true">
                  <wg class="np" n="630010110080020" head="true">
                     <w class="noun"
                        type="common"
                        osisId="2John.1.11!8"
                        n="630010110080010"
                        lemma="ἔργον"
                        number="plural"
                        gender="neuter"
                        case="dative"
                        head="true">ἔργοις</w>
                     <w class="pron"
                        type="personal"
                        osisId="2John.1.11!9"
                        n="630010110090010"
                        lemma="αὐτός"
                        number="singular"
                        gender="masculine"
                        case="genitive">αὐτοῦ</w>
                  </wg>
                  <wg class="np" n="630010110100020" articular="true" det="true">
                     <w class="det"
                        osisId="2John.1.11!10"
                        n="630010110100010"
                        lemma="ὁ"
                        number="plural"
                        gender="neuter"
                        case="dative">τοῖς</w>
                     <w class="adj"
                        osisId="2John.1.11!11"
                        n="630010110110010"
                        lemma="πονηρός"
                        number="plural"
                        gender="neuter"
                        case="dative"
                        head="true">πονηροῖς</w>
                  </wg>
               </wg>
            </wg>
         </wg>
      </wg>
   </sentence>
   <sentence>
      <p>
         <milestone>2John.1.12</milestone>Πολλὰ ἔχων ὑμῖν γράφειν οὐκ ἐβουλήθην διὰ χάρτου καὶ μέλανος, ἀλλὰ ἐλπίζω γενέσθαι πρὸς ὑμᾶς καὶ στόμα πρὸς στόμα λαλῆσαι, ἵνα ἡ χαρὰ ὑμῶν πεπληρωμένη ᾖ.</p>
      <wg class="cl" n="630010120020260">
         <wg class="cl" n="630010120020100" head="true">
            <wg role="adv">
               <w role="v"
                  class="verb"
                  osisId="2John.1.12!2"
                  n="630010120020010"
                  lemma="ἔχω"
                  number="singular"
                  gender="masculine"
                  case="nominative"
                  tense="present"
                  voice="active"
                  mood="participle"
                  type="?"
                  head="true"
                  discontinuous="true">ἔχων</w>
               <wg role="o">
                  <w role="o"
                     class="adj"
                     osisId="2John.1.12!1"
                     n="630010120010010"
                     lemma="πολύς"
                     number="plural"
                     gender="neuter"
                     case="accusative">Πολλὰ</w>
                  <w role="io"
                     class="pron"
                     type="personal"
                     osisId="2John.1.12!3"
                     n="630010120030010"
                     lemma="σύ"
                     number="plural"
                     case="dative">ὑμῖν</w>
                  <w role="v"
                     class="verb"
                     osisId="2John.1.12!4"
                     n="630010120040010"
                     lemma="γράφω"
                     tense="present"
                     voice="active"
                     mood="infinitive"
                     type="?"
                     head="true">γράφειν</w>
               </wg>
            </wg>
            <w role="adv"
               class="adv"
               osisId="2John.1.12!5"
               n="630010120050010"
               lemma="οὐ">οὐκ</w>
            <w role="v"
               class="verb"
               osisId="2John.1.12!6"
               n="630010120060010"
               lemma="βούλομαι"
               number="singular"
               person="first"
               tense="aorist"
               voice="passive"
               mood="indicative"
               head="true">ἐβουλήθην</w>
            <wg role="adv">
               <w class="prep"
                  osisId="2John.1.12!7"
                  n="630010120070010"
                  lemma="διά">διὰ</w>
               <wg class="np" n="630010120080030" head="true">
                  <w class="noun"
                     type="common"
                     osisId="2John.1.12!8"
                     n="630010120080010"
                     lemma="χάρτης"
                     number="singular"
                     gender="masculine"
                     case="genitive"
                     head="true">χάρτου</w>
                  <w class="conj"
                     osisId="2John.1.12!9"
                     n="630010120090010"
                     lemma="καί">καὶ</w>
                  <w class="noun"
                     type="common"
                     osisId="2John.1.12!10"
                     n="630010120100010"
                     lemma="μέλαν"
                     number="singular"
                     gender="neuter"
                     case="genitive">μέλανος</w>
               </wg>
            </wg>
         </wg>
         <w class="conj"
            osisId="2John.1.12!11"
            n="630010120110010"
            lemma="ἀλλά">ἀλλὰ</w>
         <wg class="cl" n="630010120120150">
            <wg class="cl" n="630010120120090" head="true">
               <w role="v"
                  class="verb"
                  osisId="2John.1.12!12"
                  n="630010120120010"
                  lemma="ἐλπίζω"
                  number="singular"
                  person="first"
                  tense="present"
                  voice="active"
                  mood="indicative"
                  head="true">ἐλπίζω</w>
               <wg role="o">
                  <wg class="cl" n="630010120130030" head="true">
                     <w role="v"
                        class="verb"
                        osisId="2John.1.12!13"
                        n="630010120130010"
                        lemma="γίνομαι"
                        tense="aorist"
                        voice="middle"
                        mood="infinitive"
                        type="?"
                        head="true">γενέσθαι</w>
                     <wg role="adv">
                        <w class="prep"
                           osisId="2John.1.12!14"
                           n="630010120140010"
                           lemma="πρός">πρὸς</w>
                        <w class="pron"
                           type="personal"
                           osisId="2John.1.12!15"
                           n="630010120150010"
                           lemma="σύ"
                           number="plural"
                           case="accusative"
                           head="true">ὑμᾶς</w>
                     </wg>
                  </wg>
                  <w class="conj"
                     osisId="2John.1.12!16"
                     n="630010120160010"
                     lemma="καί">καὶ</w>
                  <wg class="cl" n="630010120170040">
                     <wg role="adv">
                        <w class="noun"
                           type="common"
                           osisId="2John.1.12!17"
                           n="630010120170010"
                           lemma="στόμα"
                           number="singular"
                           gender="neuter"
                           case="accusative"
                           head="true">στόμα</w>
                        <wg class="pp" n="630010120180020">
                           <w class="prep"
                              osisId="2John.1.12!18"
                              n="630010120180010"
                              lemma="πρός">πρὸς</w>
                           <w class="noun"
                              type="common"
                              osisId="2John.1.12!19"
                              n="630010120190010"
                              lemma="στόμα"
                              number="singular"
                              gender="neuter"
                              case="accusative"
                              head="true">στόμα</w>
                        </wg>
                     </wg>
                     <w role="v"
                        class="verb"
                        osisId="2John.1.12!20"
                        n="630010120200010"
                        lemma="λαλέω"
                        tense="aorist"
                        voice="active"
                        mood="infinitive"
                        type="?"
                        head="true">λαλῆσαι</w>
                  </wg>
               </wg>
            </wg>
            <wg class="cl" n="630010120210060">
               <w class="conj"
                  osisId="2John.1.12!21"
                  n="630010120210010"
                  lemma="ἵνα">ἵνα</w>
               <wg class="cl" n="630010120220050" head="true">
                  <wg role="s">
                     <w class="det"
                        osisId="2John.1.12!22"
                        n="630010120220010"
                        lemma="ὁ"
                        number="singular"
                        gender="feminine"
                        case="nominative">ἡ</w>
                     <wg class="np" n="630010120230020" head="true">
                        <w class="noun"
                           type="common"
                           osisId="2John.1.12!23"
                           n="630010120230010"
                           lemma="χαρά"
                           number="singular"
                           gender="feminine"
                           case="nominative"
                           head="true">χαρὰ</w>
                        <w class="pron"
                           type="personal"
                           osisId="2John.1.12!24"
                           n="630010120240010"
                           lemma="σύ"
                           number="plural"
                           case="genitive">ὑμῶν</w>
                     </wg>
                  </wg>
                  <wg role="v">
                     <w class="verb"
                        osisId="2John.1.12!25"
                        n="630010120250010"
                        lemma="πληρόω"
                        number="singular"
                        gender="feminine"
                        case="nominative"
                        tense="perfect"
                        voice="passive"
                        mood="participle"
                        type="?"
                        head="true">πεπληρωμένη</w>
                     <w class="verb"
                        osisId="2John.1.12!26"
                        n="630010120260010"
                        lemma="εἰμί"
                        number="singular"
                        person="third"
                        tense="present"
                        voice="active"
                        mood="subjunctive">ᾖ</w>
                  </wg>
               </wg>
            </wg>
         </wg>
      </wg>
   </sentence>
   <sentence>
      <p>
         <milestone>2John.1.13</milestone>Ἀσπάζεταί σε τὰ τέκνα τῆς ἀδελφῆς σου τῆς ἐκλεκτῆς.</p>
      <wg class="cl" n="630010130010090">
         <w role="v"
            class="verb"
            osisId="2John.1.13!1"
            n="630010130010010"
            lemma="ἀσπάζομαι"
            number="singular"
            person="third"
            tense="present"
            voice="middle"
            mood="indicative"
            head="true">Ἀσπάζεταί</w>
         <w role="o"
            class="pron"
            type="personal"
            osisId="2John.1.13!2"
            n="630010130020010"
            lemma="σύ"
            number="singular"
            case="accusative">σε</w>
         <wg role="s">
            <w class="det"
               osisId="2John.1.13!3"
               n="630010130030010"
               lemma="ὁ"
               number="plural"
               gender="neuter"
               case="nominative">τὰ</w>
            <wg class="np" n="630010130040060" head="true">
               <w class="noun"
                  type="common"
                  osisId="2John.1.13!4"
                  n="630010130040010"
                  lemma="τέκνον"
                  number="plural"
                  gender="neuter"
                  case="nominative"
                  head="true">τέκνα</w>
               <wg class="np" n="630010130050050" articular="true" det="true">
                  <w class="det"
                     osisId="2John.1.13!5"
                     n="630010130050010"
                     lemma="ὁ"
                     number="singular"
                     gender="feminine"
                     case="genitive">τῆς</w>
                  <wg class="np" n="630010130060040" head="true">
                     <wg class="np" n="630010130060020" head="true">
                        <w class="noun"
                           type="common"
                           osisId="2John.1.13!6"
                           n="630010130060010"
                           lemma="ἀδελφή"
                           number="singular"
                           gender="feminine"
                           case="genitive"
                           head="true">ἀδελφῆς</w>
                        <w class="pron"
                           type="personal"
                           osisId="2John.1.13!7"
                           n="630010130070010"
                           lemma="σύ"
                           number="singular"
                           case="genitive">σου</w>
                     </wg>
                     <wg class="np" n="630010130080020" articular="true" det="true">
                        <w class="det"
                           osisId="2John.1.13!8"
                           n="630010130080010"
                           lemma="ὁ"
                           number="singular"
                           gender="feminine"
                           case="genitive">τῆς</w>
                        <w class="adj"
                           osisId="2John.1.13!9"
                           n="630010130090010"
                           lemma="ἐκλεκτός"
                           number="singular"
                           gender="feminine"
                           case="genitive"
                           head="true">ἐκλεκτῆς</w>
                     </wg>
                  </wg>
               </wg>
            </wg>
         </wg>
      </wg>
   </sentence>
</book>