<?xml version="1.0" encoding="UTF-8"?>
<?xml-stylesheet href="indent-lined.css"?>
<book>
   <sentence>
      <p>
         <milestone>3John.1.1</milestone>Ὁ πρεσβύτερος Γαΐῳ τῷ ἀγαπητῷ, ὃν ἐγὼ ἀγαπῶ ἐν ἀληθείᾳ.</p>
      <wg class="cl" n="640010010010100" articular="true" det="true">
         <wg role="s">
            <w class="det"
               osisId="3John.1.1!1"
               n="640010010010010"
               lemma="ὁ"
               number="singular"
               gender="masculine"
               case="nominative">Ὁ</w>
            <w class="adj"
               osisId="3John.1.1!2"
               n="640010010020010"
               lemma="πρεσβύτερος"
               number="singular"
               gender="masculine"
               case="nominative"
               head="true">πρεσβύτερος</w>
         </wg>
         <wg role="io">
            <wg class="np" n="640010010030030" head="true">
               <w class="noun"
                  type="proper"
                  osisId="3John.1.1!3"
                  n="640010010030010"
                  lemma="Γάϊος"
                  number="singular"
                  gender="masculine"
                  case="dative"
                  head="true">Γαΐῳ</w>
               <wg class="np" n="640010010040020" articular="true" det="true">
                  <w class="det"
                     osisId="3John.1.1!4"
                     n="640010010040010"
                     lemma="ὁ"
                     number="singular"
                     gender="masculine"
                     case="dative">τῷ</w>
                  <w class="adj"
                     osisId="3John.1.1!5"
                     n="640010010050010"
                     lemma="ἀγαπητός"
                     number="singular"
                     gender="masculine"
                     case="dative"
                     head="true">ἀγαπητῷ</w>
               </wg>
            </wg>
            <wg class="cl" n="640010010060050">
               <w role="o"
                  class="pron"
                  type="relative"
                  osisId="3John.1.1!6"
                  n="640010010060010"
                  lemma="ὅς"
                  number="singular"
                  gender="masculine"
                  case="accusative">ὃν</w>
               <w role="s"
                  class="pron"
                  type="personal"
                  osisId="3John.1.1!7"
                  n="640010010070010"
                  lemma="ἐγώ"
                  number="singular"
                  case="nominative">ἐγὼ</w>
               <w role="v"
                  class="verb"
                  osisId="3John.1.1!8"
                  n="640010010080010"
                  lemma="ἀγαπάω"
                  number="singular"
                  person="first"
                  tense="present"
                  voice="active"
                  mood="indicative"
                  head="true">ἀγαπῶ</w>
               <wg role="adv">
                  <w class="prep"
                     osisId="3John.1.1!9"
                     n="640010010090010"
                     lemma="ἐν">ἐν</w>
                  <w class="noun"
                     type="common"
                     osisId="3John.1.1!10"
                     n="640010010100010"
                     lemma="ἀλήθεια"
                     number="singular"
                     gender="feminine"
                     case="dative"
                     head="true">ἀληθείᾳ</w>
               </wg>
            </wg>
         </wg>
      </wg>
   </sentence>
   <sentence>
      <p>
         <milestone>3John.1.2</milestone>Ἀγαπητέ, περὶ πάντων εὔχομαί σε εὐοδοῦσθαι καὶ ὑγιαίνειν, καθὼς εὐοδοῦταί σου ἡ ψυχή.</p>
      <wg class="cl" n="640010020010130">
         <w class="adj"
            osisId="3John.1.2!1"
            n="640010020010010"
            lemma="ἀγαπητός"
            number="singular"
            gender="masculine"
            case="vocative">Ἀγαπητέ</w>
         <wg class="cl" n="640010020020120" head="true">
            <wg class="cl" n="640010020020070" head="true">
               <wg role="adv">
                  <w class="prep"
                     osisId="3John.1.2!2"
                     n="640010020020010"
                     lemma="περί">περὶ</w>
                  <w class="adj"
                     osisId="3John.1.2!3"
                     n="640010020030010"
                     lemma="πᾶς"
                     number="plural"
                     gender="neuter"
                     case="genitive"
                     head="true">πάντων</w>
               </wg>
               <w role="v"
                  class="verb"
                  osisId="3John.1.2!4"
                  n="640010020040010"
                  lemma="εὔχομαι"
                  number="singular"
                  person="first"
                  tense="present"
                  voice="middle"
                  mood="indicative"
                  head="true">εὔχομαί</w>
               <wg role="o">
                  <w role="s"
                     class="pron"
                     type="personal"
                     osisId="3John.1.2!5"
                     n="640010020050010"
                     lemma="σύ"
                     number="singular"
                     case="accusative">σε</w>
                  <wg role="v">
                     <w class="verb"
                        osisId="3John.1.2!6"
                        n="640010020060010"
                        lemma="εὐοδόομαι"
                        tense="present"
                        voice="passive"
                        mood="infinitive"
                        type="?"
                        head="true">εὐοδοῦσθαι</w>
                     <w class="conj"
                        osisId="3John.1.2!7"
                        n="640010020070010"
                        lemma="καί">καὶ</w>
                     <w class="verb"
                        osisId="3John.1.2!8"
                        n="640010020080010"
                        lemma="ὑγιαίνω"
                        tense="present"
                        voice="active"
                        mood="infinitive"
                        type="?">ὑγιαίνειν</w>
                  </wg>
               </wg>
            </wg>
            <wg class="cl" n="640010020090050">
               <w class="conj"
                  osisId="3John.1.2!9"
                  n="640010020090010"
                  lemma="καθώς">καθὼς</w>
               <wg class="cl" n="640010020100040" head="true">
                  <w role="v"
                     class="verb"
                     osisId="3John.1.2!10"
                     n="640010020100010"
                     lemma="εὐοδόομαι"
                     number="singular"
                     person="third"
                     tense="present"
                     voice="passive"
                     mood="indicative"
                     head="true">εὐοδοῦταί</w>
                  <wg role="s">
                     <w class="pron"
                        type="personal"
                        osisId="3John.1.2!11"
                        n="640010020110010"
                        lemma="σύ"
                        number="singular"
                        case="genitive">σου</w>
                     <wg class="np"
                         n="640010020120020"
                         articular="true"
                         head="true"
                         det="true">
                        <w class="det"
                           osisId="3John.1.2!12"
                           n="640010020120010"
                           lemma="ὁ"
                           number="singular"
                           gender="feminine"
                           case="nominative">ἡ</w>
                        <w class="noun"
                           type="common"
                           osisId="3John.1.2!13"
                           n="640010020130010"
                           lemma="ψυχή"
                           number="singular"
                           gender="feminine"
                           case="nominative"
                           head="true">ψυχή</w>
                     </wg>
                  </wg>
               </wg>
            </wg>
         </wg>
      </wg>
   </sentence>
   <sentence>
      <p>
         <milestone>3John.1.3</milestone>ἐχάρην γὰρ λίαν ἐρχομένων ἀδελφῶν καὶ μαρτυρούντων σου τῇ ἀληθείᾳ, καθὼς σὺ ἐν ἀληθείᾳ περιπατεῖς.</p>
      <wg class="cl" n="640010030020150">
         <w class="conj"
            osisId="3John.1.3!2"
            n="640010030020010"
            lemma="γάρ"
            discontinuous="true">γὰρ</w>
         <wg class="cl" n="640010030010140" head="true">
            <wg class="cl" n="640010030010020" head="true">
               <w role="v"
                  class="verb"
                  osisId="3John.1.3!1"
                  n="640010030010010"
                  lemma="χαίρω"
                  number="singular"
                  person="first"
                  tense="aorist"
                  voice="passive"
                  mood="indicative"
                  head="true">ἐχάρην</w>
               <w role="adv"
                  class="adv"
                  osisId="3John.1.3!3"
                  n="640010030030010"
                  lemma="λίαν">λίαν</w>
            </wg>
            <wg class="cl" n="640010030040120">
               <wg class="cl" n="640010030040070" head="true">
                  <wg class="cl" n="640010030040020" head="true">
                     <w role="v"
                        class="verb"
                        osisId="3John.1.3!4"
                        n="640010030040010"
                        lemma="ἔρχομαι"
                        number="plural"
                        gender="masculine"
                        case="genitive"
                        tense="present"
                        voice="middle"
                        mood="participle"
                        type="?"
                        head="true">ἐρχομένων</w>
                     <w role="s"
                        class="noun"
                        type="common"
                        osisId="3John.1.3!5"
                        n="640010030050010"
                        lemma="ἀδελφός"
                        number="plural"
                        gender="masculine"
                        case="genitive">ἀδελφῶν</w>
                  </wg>
                  <w class="conj"
                     osisId="3John.1.3!6"
                     n="640010030060010"
                     lemma="καί">καὶ</w>
                  <wg class="cl" n="640010030070040">
                     <w role="v"
                        class="verb"
                        osisId="3John.1.3!7"
                        n="640010030070010"
                        lemma="μαρτυρέω"
                        number="plural"
                        gender="masculine"
                        case="genitive"
                        tense="present"
                        voice="active"
                        mood="participle"
                        type="?"
                        head="true">μαρτυρούντων</w>
                     <wg role="adv">
                        <w class="pron"
                           type="personal"
                           osisId="3John.1.3!8"
                           n="640010030080010"
                           lemma="σύ"
                           number="singular"
                           case="genitive">σου</w>
                        <wg class="np"
                            n="640010030090020"
                            articular="true"
                            head="true"
                            det="true">
                           <w class="det"
                              osisId="3John.1.3!9"
                              n="640010030090010"
                              lemma="ὁ"
                              number="singular"
                              gender="feminine"
                              case="dative">τῇ</w>
                           <w class="noun"
                              type="common"
                              osisId="3John.1.3!10"
                              n="640010030100010"
                              lemma="ἀλήθεια"
                              number="singular"
                              gender="feminine"
                              case="dative"
                              head="true">ἀληθείᾳ</w>
                        </wg>
                     </wg>
                  </wg>
               </wg>
               <wg class="cl" n="640010030110050">
                  <w class="conj"
                     osisId="3John.1.3!11"
                     n="640010030110010"
                     lemma="καθώς">καθὼς</w>
                  <wg class="cl" n="640010030120040" head="true">
                     <w role="s"
                        class="pron"
                        type="personal"
                        osisId="3John.1.3!12"
                        n="640010030120010"
                        lemma="σύ"
                        number="singular"
                        case="nominative">σὺ</w>
                     <wg role="adv">
                        <w class="prep"
                           osisId="3John.1.3!13"
                           n="640010030130010"
                           lemma="ἐν">ἐν</w>
                        <w class="noun"
                           type="common"
                           osisId="3John.1.3!14"
                           n="640010030140010"
                           lemma="ἀλήθεια"
                           number="singular"
                           gender="feminine"
                           case="dative"
                           head="true">ἀληθείᾳ</w>
                     </wg>
                     <w role="v"
                        class="verb"
                        osisId="3John.1.3!15"
                        n="640010030150010"
                        lemma="περιπατέω"
                        number="singular"
                        person="second"
                        tense="present"
                        voice="active"
                        mood="indicative"
                        head="true">περιπατεῖς</w>
                  </wg>
               </wg>
            </wg>
         </wg>
      </wg>
   </sentence>
   <sentence>
      <p>
         <milestone>3John.1.4</milestone>μειζοτέραν τούτων οὐκ ἔχω χαράν, ἵνα ἀκούω τὰ ἐμὰ τέκνα ἐν τῇ ἀληθείᾳ περιπατοῦντα.</p>
      <wg class="cl" n="640010040010140">
         <wg class="cl" n="640010040010050" head="true">
            <wg role="o">
               <w class="adj"
                  osisId="3John.1.4!1"
                  n="640010040010010"
                  lemma="μειζότερος"
                  number="singular"
                  gender="feminine"
                  case="accusative"
                  degree="comparative">μειζοτέραν</w>
               <w class="noun"
                  type="common"
                  osisId="3John.1.4!5"
                  n="640010040050010"
                  lemma="χαρά"
                  number="singular"
                  gender="feminine"
                  case="accusative"
                  head="true"
                  discontinuous="true">χαράν</w>
            </wg>
            <w role="adv"
               class="pron"
               type="demonstrative"
               osisId="3John.1.4!2"
               n="640010040020010"
               lemma="οὗτος"
               number="plural"
               gender="neuter"
               case="genitive">τούτων</w>
            <w role="adv"
               class="adv"
               osisId="3John.1.4!3"
               n="640010040030010"
               lemma="οὐ">οὐκ</w>
            <w role="v"
               class="verb"
               osisId="3John.1.4!4"
               n="640010040040010"
               lemma="ἔχω"
               number="singular"
               person="first"
               tense="present"
               voice="active"
               mood="indicative"
               head="true">ἔχω</w>
         </wg>
         <wg class="cl" n="640010040060090">
            <w class="adv"
               osisId="3John.1.4!6"
               n="640010040060010"
               lemma="ἵνα">ἵνα</w>
            <wg class="cl" n="640010040070080" head="true">
               <w role="v"
                  class="verb"
                  osisId="3John.1.4!7"
                  n="640010040070010"
                  lemma="ἀκούω"
                  number="singular"
                  person="first"
                  tense="present"
                  voice="active"
                  mood="subjunctive"
                  head="true">ἀκούω</w>
               <wg role="o">
                  <wg role="s">
                     <w class="det"
                        osisId="3John.1.4!8"
                        n="640010040080010"
                        lemma="ὁ"
                        number="plural"
                        gender="neuter"
                        case="accusative">τὰ</w>
                     <wg class="np" n="640010040090020" head="true">
                        <w class="adj"
                           osisId="3John.1.4!9"
                           n="640010040090010"
                           lemma="ἐμός"
                           number="plural"
                           gender="neuter"
                           case="accusative">ἐμὰ</w>
                        <w class="noun"
                           type="common"
                           osisId="3John.1.4!10"
                           n="640010040100010"
                           lemma="τέκνον"
                           number="plural"
                           gender="neuter"
                           case="accusative"
                           head="true">τέκνα</w>
                     </wg>
                  </wg>
                  <wg role="adv">
                     <w class="prep"
                        osisId="3John.1.4!11"
                        n="640010040110010"
                        lemma="ἐν">ἐν</w>
                     <wg class="np"
                         n="640010040120020"
                         articular="true"
                         head="true"
                         det="true">
                        <w class="det"
                           osisId="3John.1.4!12"
                           n="640010040120010"
                           lemma="ὁ"
                           number="singular"
                           gender="feminine"
                           case="dative">τῇ</w>
                        <w class="noun"
                           type="common"
                           osisId="3John.1.4!13"
                           n="640010040130010"
                           lemma="ἀλήθεια"
                           number="singular"
                           gender="feminine"
                           case="dative"
                           head="true">ἀληθείᾳ</w>
                     </wg>
                  </wg>
                  <w role="v"
                     class="verb"
                     osisId="3John.1.4!14"
                     n="640010040140010"
                     lemma="περιπατέω"
                     number="plural"
                     gender="neuter"
                     case="accusative"
                     tense="present"
                     voice="active"
                     mood="participle"
                     type="?"
                     head="true">περιπατοῦντα</w>
               </wg>
            </wg>
         </wg>
      </wg>
   </sentence>
   <sentence>
      <p>
         <milestone>3John.1.5</milestone>Ἀγαπητέ, πιστὸν ποιεῖς ὃ ἐὰν ἐργάσῃ εἰς τοὺς ἀδελφοὺς καὶ τοῦτο ξένους, οἳ ἐμαρτύρησάν σου τῇ ἀγάπῃ ἐνώπιον ἐκκλησίας, οὓς καλῶς ποιήσεις προπέμψας ἀξίως τοῦ θεοῦ·</p>
      <wg class="cl" n="640010050010260">
         <w class="adj"
            osisId="3John.1.5!1"
            n="640010050010010"
            lemma="ἀγαπητός"
            number="singular"
            gender="masculine"
            case="vocative">Ἀγαπητέ</w>
         <wg class="cl" n="640010050020250" head="true">
            <wg class="cl" n="640010050020080" head="true">
               <w role="o"
                  class="adj"
                  osisId="3John.1.5!2"
                  n="640010050020010"
                  lemma="πιστός"
                  number="singular"
                  gender="neuter"
                  case="accusative">πιστὸν</w>
               <w role="v"
                  class="verb"
                  osisId="3John.1.5!3"
                  n="640010050030010"
                  lemma="ποιέω"
                  number="singular"
                  person="second"
                  tense="present"
                  voice="active"
                  mood="indicative"
                  head="true">ποιεῖς</w>
               <wg role="adv">
                  <wg class="cl" n="640010050050060">
                     <w class="ptcl"
                        osisId="3John.1.5!5"
                        n="640010050050010"
                        lemma="ἐάν"
                        discontinuous="true">ἐὰν</w>
                     <wg class="cl" n="640010050040050" head="true">
                        <w role="o"
                           class="pron"
                           type="relative"
                           osisId="3John.1.5!4"
                           n="640010050040010"
                           lemma="ὅς"
                           number="singular"
                           gender="neuter"
                           case="accusative">ὃ</w>
                        <w role="v"
                           class="verb"
                           osisId="3John.1.5!6"
                           n="640010050060010"
                           lemma="ἐργάζομαι"
                           number="singular"
                           person="second"
                           tense="aorist"
                           voice="middle"
                           mood="subjunctive"
                           head="true">ἐργάσῃ</w>
                        <wg role="adv">
                           <w class="prep"
                              osisId="3John.1.5!7"
                              n="640010050070010"
                              lemma="εἰς">εἰς</w>
                           <wg class="np"
                               n="640010050080020"
                               articular="true"
                               head="true"
                               det="true">
                              <w class="det"
                                 osisId="3John.1.5!8"
                                 n="640010050080010"
                                 lemma="ὁ"
                                 number="plural"
                                 gender="masculine"
                                 case="accusative">τοὺς</w>
                              <w class="noun"
                                 type="common"
                                 osisId="3John.1.5!9"
                                 n="640010050090010"
                                 lemma="ἀδελφός"
                                 number="plural"
                                 gender="masculine"
                                 case="accusative"
                                 head="true">ἀδελφοὺς</w>
                           </wg>
                        </wg>
                     </wg>
                  </wg>
               </wg>
            </wg>
            <w class="conj"
               osisId="3John.1.5!10"
               n="640010050100010"
               lemma="καί">καὶ</w>
            <wg class="cl" n="640010050110160">
               <w role="o"
                  class="pron"
                  type="demonstrative"
                  osisId="3John.1.5!11"
                  n="640010050110010"
                  lemma="οὗτος"
                  number="singular"
                  gender="neuter"
                  case="accusative"
                  head="true">τοῦτο</w>
               <wg role="adv">
                  <wg class="np" n="640010050120080" head="true">
                     <w class="adj"
                        osisId="3John.1.5!12"
                        n="640010050120010"
                        lemma="ξένος"
                        number="plural"
                        gender="masculine"
                        case="accusative"
                        head="true">ξένους</w>
                     <wg class="cl" n="640010060010070">
                        <w role="s"
                           class="pron"
                           type="relative"
                           osisId="3John.1.6!1"
                           n="640010060010010"
                           lemma="ὅς"
                           number="plural"
                           gender="masculine"
                           case="nominative">οἳ</w>
                        <w role="v"
                           class="verb"
                           osisId="3John.1.6!2"
                           n="640010060020010"
                           lemma="μαρτυρέω"
                           number="plural"
                           person="third"
                           tense="aorist"
                           voice="active"
                           mood="indicative"
                           head="true">ἐμαρτύρησάν</w>
                        <wg role="adv">
                           <w class="pron"
                              type="personal"
                              osisId="3John.1.6!3"
                              n="640010060030010"
                              lemma="σύ"
                              number="singular"
                              case="genitive">σου</w>
                           <wg class="np"
                               n="640010060040020"
                               articular="true"
                               head="true"
                               det="true">
                              <w class="det"
                                 osisId="3John.1.6!4"
                                 n="640010060040010"
                                 lemma="ὁ"
                                 number="singular"
                                 gender="feminine"
                                 case="dative">τῇ</w>
                              <w class="noun"
                                 type="common"
                                 osisId="3John.1.6!5"
                                 n="640010060050010"
                                 lemma="ἀγάπη"
                                 number="singular"
                                 gender="feminine"
                                 case="dative"
                                 head="true">ἀγάπῃ</w>
                           </wg>
                        </wg>
                        <wg role="adv">
                           <w class="prep"
                              osisId="3John.1.6!6"
                              n="640010060060010"
                              lemma="ἐνώπιον">ἐνώπιον</w>
                           <w class="noun"
                              type="common"
                              osisId="3John.1.6!7"
                              n="640010060070010"
                              lemma="ἐκκλησία"
                              number="singular"
                              gender="feminine"
                              case="genitive"
                              head="true">ἐκκλησίας</w>
                        </wg>
                     </wg>
                  </wg>
                  <wg class="cl" n="640010060080070">
                     <w role="adv"
                        class="pron"
                        type="relative"
                        osisId="3John.1.6!8"
                        n="640010060080010"
                        lemma="ὅς"
                        number="plural"
                        gender="masculine"
                        case="accusative">οὓς</w>
                     <w role="adv"
                        class="adv"
                        osisId="3John.1.6!9"
                        n="640010060090010"
                        lemma="καλῶς">καλῶς</w>
                     <w role="v"
                        class="verb"
                        osisId="3John.1.6!10"
                        n="640010060100010"
                        lemma="ποιέω"
                        number="singular"
                        person="second"
                        tense="future"
                        voice="active"
                        mood="indicative"
                        head="true">ποιήσεις</w>
                     <wg role="adv">
                        <w role="v"
                           class="verb"
                           osisId="3John.1.6!11"
                           n="640010060110010"
                           lemma="προπέμπω"
                           number="singular"
                           gender="masculine"
                           case="nominative"
                           tense="aorist"
                           voice="active"
                           mood="participle"
                           type="?"
                           head="true">προπέμψας</w>
                        <w role="adv"
                           class="adv"
                           osisId="3John.1.6!12"
                           n="640010060120010"
                           lemma="ἀξίως">ἀξίως</w>
                        <wg role="adv">
                           <w class="det"
                              osisId="3John.1.6!13"
                              n="640010060130010"
                              lemma="ὁ"
                              number="singular"
                              gender="masculine"
                              case="genitive">τοῦ</w>
                           <w class="noun"
                              type="common"
                              osisId="3John.1.6!14"
                              n="640010060140010"
                              lemma="θεός"
                              number="singular"
                              gender="masculine"
                              case="genitive"
                              head="true">θεοῦ</w>
                        </wg>
                     </wg>
                  </wg>
               </wg>
            </wg>
         </wg>
      </wg>
   </sentence>
   <sentence>
      <p>
         <milestone>3John.1.7</milestone>ὑπὲρ γὰρ τοῦ ὀνόματος ἐξῆλθον μηδὲν λαμβάνοντες ἀπὸ τῶν ἐθνικῶν.</p>
      <wg class="cl" n="640010070020100">
         <w class="conj"
            osisId="3John.1.7!2"
            n="640010070020010"
            lemma="γάρ"
            discontinuous="true">γὰρ</w>
         <wg class="cl" n="640010070010090" head="true">
            <wg role="adv">
               <w class="prep"
                  osisId="3John.1.7!1"
                  n="640010070010010"
                  lemma="ὑπέρ">ὑπὲρ</w>
               <wg class="np"
                   n="640010070030020"
                   articular="true"
                   head="true"
                   det="true">
                  <w class="det"
                     osisId="3John.1.7!3"
                     n="640010070030010"
                     lemma="ὁ"
                     number="singular"
                     gender="neuter"
                     case="genitive">τοῦ</w>
                  <w class="noun"
                     type="common"
                     osisId="3John.1.7!4"
                     n="640010070040010"
                     lemma="ὄνομα"
                     number="singular"
                     gender="neuter"
                     case="genitive"
                     head="true">ὀνόματος</w>
               </wg>
            </wg>
            <w role="v"
               class="verb"
               osisId="3John.1.7!5"
               n="640010070050010"
               lemma="ἐξέρχομαι"
               number="plural"
               person="third"
               tense="aorist"
               voice="active"
               mood="indicative"
               head="true">ἐξῆλθον</w>
            <wg role="adv">
               <w role="o"
                  class="adj"
                  osisId="3John.1.7!6"
                  n="640010070060010"
                  lemma="μηδείς"
                  number="singular"
                  gender="neuter"
                  case="accusative">μηδὲν</w>
               <w role="v"
                  class="verb"
                  osisId="3John.1.7!7"
                  n="640010070070010"
                  lemma="λαμβάνω"
                  number="plural"
                  gender="masculine"
                  case="nominative"
                  tense="present"
                  voice="active"
                  mood="participle"
                  type="?"
                  head="true">λαμβάνοντες</w>
               <wg role="adv">
                  <w class="prep"
                     osisId="3John.1.7!8"
                     n="640010070080010"
                     lemma="ἀπό">ἀπὸ</w>
                  <wg class="np"
                      n="640010070090020"
                      articular="true"
                      head="true"
                      det="true">
                     <w class="det"
                        osisId="3John.1.7!9"
                        n="640010070090010"
                        lemma="ὁ"
                        number="plural"
                        gender="masculine"
                        case="genitive">τῶν</w>
                     <w class="adj"
                        osisId="3John.1.7!10"
                        n="640010070100010"
                        lemma="ἐθνικός"
                        number="plural"
                        gender="masculine"
                        case="genitive"
                        head="true">ἐθνικῶν</w>
                  </wg>
               </wg>
            </wg>
         </wg>
      </wg>
   </sentence>
   <sentence>
      <p>
         <milestone>3John.1.8</milestone>ἡμεῖς οὖν ὀφείλομεν ὑπολαμβάνειν τοὺς τοιούτους, ἵνα συνεργοὶ γινώμεθα τῇ ἀληθείᾳ.</p>
      <wg class="cl" n="640010080020110">
         <w class="conj"
            osisId="3John.1.8!2"
            n="640010080020010"
            lemma="οὖν"
            discontinuous="true">οὖν</w>
         <wg class="cl" n="640010080010100" head="true">
            <wg class="cl" n="640010080010050" head="true">
               <w role="s"
                  class="pron"
                  type="personal"
                  osisId="3John.1.8!1"
                  n="640010080010010"
                  lemma="ἐγώ"
                  number="plural"
                  case="nominative">ἡμεῖς</w>
               <w role="v"
                  class="verb"
                  osisId="3John.1.8!3"
                  n="640010080030010"
                  lemma="ὀφείλω"
                  number="plural"
                  person="first"
                  tense="present"
                  voice="active"
                  mood="indicative"
                  head="true">ὀφείλομεν</w>
               <wg role="o">
                  <w role="v"
                     class="verb"
                     osisId="3John.1.8!4"
                     n="640010080040010"
                     lemma="ὑπολαμβάνω"
                     tense="present"
                     voice="active"
                     mood="infinitive"
                     type="?"
                     head="true">ὑπολαμβάνειν</w>
                  <wg role="o">
                     <w class="det"
                        osisId="3John.1.8!5"
                        n="640010080050010"
                        lemma="ὁ"
                        number="plural"
                        gender="masculine"
                        case="accusative">τοὺς</w>
                     <w class="pron"
                        type="demonstrative"
                        osisId="3John.1.8!6"
                        n="640010080060010"
                        lemma="τοιοῦτος"
                        number="plural"
                        gender="masculine"
                        case="accusative"
                        head="true">τοιούτους</w>
                  </wg>
               </wg>
            </wg>
            <wg class="cl" n="640010080070050">
               <w class="conj"
                  osisId="3John.1.8!7"
                  n="640010080070010"
                  lemma="ἵνα">ἵνα</w>
               <wg class="cl" n="640010080080040" head="true">
                  <w role="p"
                     class="adj"
                     osisId="3John.1.8!8"
                     n="640010080080010"
                     lemma="συνεργός"
                     number="plural"
                     gender="masculine"
                     case="nominative"
                     head="true">συνεργοὶ</w>
                  <w role="vc"
                     class="verb"
                     osisId="3John.1.8!9"
                     n="640010080090010"
                     lemma="γίνομαι"
                     number="plural"
                     person="first"
                     tense="present"
                     voice="middle"
                     mood="subjunctive">γινώμεθα</w>
                  <wg role="adv">
                     <w class="det"
                        osisId="3John.1.8!10"
                        n="640010080100010"
                        lemma="ὁ"
                        number="singular"
                        gender="feminine"
                        case="dative">τῇ</w>
                     <w class="noun"
                        type="common"
                        osisId="3John.1.8!11"
                        n="640010080110010"
                        lemma="ἀλήθεια"
                        number="singular"
                        gender="feminine"
                        case="dative"
                        head="true">ἀληθείᾳ</w>
                  </wg>
               </wg>
            </wg>
         </wg>
      </wg>
   </sentence>
   <sentence>
      <p>
         <milestone>3John.1.9</milestone>Ἔγραψά τι τῇ ἐκκλησίᾳ·</p>
      <wg class="cl" n="640010090010040">
         <w role="v"
            class="verb"
            osisId="3John.1.9!1"
            n="640010090010010"
            lemma="γράφω"
            number="singular"
            person="first"
            tense="aorist"
            voice="active"
            mood="indicative"
            head="true">Ἔγραψά</w>
         <w role="o"
            class="pron"
            type="indefinite"
            osisId="3John.1.9!2"
            n="640010090020010"
            lemma="τις"
            number="singular"
            gender="neuter"
            case="accusative">τι</w>
         <wg role="io">
            <w class="det"
               osisId="3John.1.9!3"
               n="640010090030010"
               lemma="ὁ"
               number="singular"
               gender="feminine"
               case="dative">τῇ</w>
            <w class="noun"
               type="common"
               osisId="3John.1.9!4"
               n="640010090040010"
               lemma="ἐκκλησία"
               number="singular"
               gender="feminine"
               case="dative"
               head="true">ἐκκλησίᾳ</w>
         </wg>
      </wg>
   </sentence>
   <sentence>
      <p>
         <milestone>3John.1.9</milestone>ἀλλ’ ὁ φιλοπρωτεύων αὐτῶν Διοτρέφης οὐκ ἐπιδέχεται ἡμᾶς.</p>
      <wg class="cl" n="640010090050080">
         <w class="conj"
            osisId="3John.1.9!5"
            n="640010090050010"
            lemma="ἀλλά">ἀλλ’</w>
         <wg class="cl" n="640010090060070" head="true">
            <wg role="s">
               <wg class="np"
                   n="640010090060030"
                   articular="true"
                   head="true"
                   det="true">
                  <w class="det"
                     osisId="3John.1.9!6"
                     n="640010090060010"
                     lemma="ὁ"
                     number="singular"
                     gender="masculine"
                     case="nominative">ὁ</w>
                  <wg class="cl" n="640010090070020" head="true">
                     <w role="v"
                        class="verb"
                        osisId="3John.1.9!7"
                        n="640010090070010"
                        lemma="φιλοπρωτεύω"
                        number="singular"
                        gender="masculine"
                        case="nominative"
                        tense="present"
                        voice="active"
                        mood="participle"
                        type="?"
                        head="true">φιλοπρωτεύων</w>
                     <w role="adv"
                        class="pron"
                        type="personal"
                        osisId="3John.1.9!8"
                        n="640010090080010"
                        lemma="αὐτός"
                        number="plural"
                        gender="masculine"
                        case="genitive">αὐτῶν</w>
                  </wg>
               </wg>
               <w class="noun"
                  type="proper"
                  osisId="3John.1.9!9"
                  n="640010090090010"
                  lemma="Διοτρέφης"
                  number="singular"
                  gender="masculine"
                  case="nominative">Διοτρέφης</w>
            </wg>
            <w role="adv"
               class="adv"
               osisId="3John.1.9!10"
               n="640010090100010"
               lemma="οὐ">οὐκ</w>
            <w role="v"
               class="verb"
               osisId="3John.1.9!11"
               n="640010090110010"
               lemma="ἐπιδέχομαι"
               number="singular"
               person="third"
               tense="present"
               voice="middle"
               mood="indicative"
               head="true">ἐπιδέχεται</w>
            <w role="o"
               class="pron"
               type="personal"
               osisId="3John.1.9!12"
               n="640010090120010"
               lemma="ἐγώ"
               number="plural"
               case="accusative">ἡμᾶς</w>
         </wg>
      </wg>
   </sentence>
   <sentence>
      <p>
         <milestone>3John.1.10</milestone>διὰ τοῦτο, ἐὰν ἔλθω, ὑπομνήσω αὐτοῦ τὰ ἔργα ἃ ποιεῖ, λόγοις πονηροῖς φλυαρῶν ἡμᾶς,</p>
      <wg class="cl" n="640010100010140">
         <wg role="adv">
            <w class="prep"
               osisId="3John.1.10!1"
               n="640010100010010"
               lemma="διά">διὰ</w>
            <w class="pron"
               type="demonstrative"
               osisId="3John.1.10!2"
               n="640010100020010"
               lemma="οὗτος"
               number="singular"
               gender="neuter"
               case="accusative"
               head="true">τοῦτο</w>
         </wg>
         <wg role="adv">
            <w class="conj"
               osisId="3John.1.10!3"
               n="640010100030010"
               lemma="ἐάν">ἐὰν</w>
            <w class="verb"
               osisId="3John.1.10!4"
               n="640010100040010"
               lemma="ἔρχομαι"
               number="singular"
               person="first"
               tense="aorist"
               voice="active"
               mood="subjunctive"
               head="true">ἔλθω</w>
         </wg>
         <w role="v"
            class="verb"
            osisId="3John.1.10!5"
            n="640010100050010"
            lemma="ὑπομιμνῄσκω"
            number="singular"
            person="first"
            tense="future"
            voice="active"
            mood="indicative"
            head="true">ὑπομνήσω</w>
         <wg role="o">
            <wg class="np"
                n="640010100060030"
                articular="true"
                head="true"
                det="true">
               <w class="pron"
                  type="personal"
                  osisId="3John.1.10!6"
                  n="640010100060010"
                  lemma="αὐτός"
                  number="singular"
                  gender="masculine"
                  case="genitive">αὐτοῦ</w>
               <wg class="np"
                   n="640010100070020"
                   articular="true"
                   head="true"
                   det="true">
                  <w class="det"
                     osisId="3John.1.10!7"
                     n="640010100070010"
                     lemma="ὁ"
                     number="plural"
                     gender="neuter"
                     case="accusative">τὰ</w>
                  <w class="noun"
                     type="common"
                     osisId="3John.1.10!8"
                     n="640010100080010"
                     lemma="ἔργον"
                     number="plural"
                     gender="neuter"
                     case="accusative"
                     head="true">ἔργα</w>
               </wg>
            </wg>
            <wg class="cl" n="640010100090060">
               <w role="o"
                  class="pron"
                  type="relative"
                  osisId="3John.1.10!9"
                  n="640010100090010"
                  lemma="ὅς"
                  number="plural"
                  gender="neuter"
                  case="accusative">ἃ</w>
               <w role="v"
                  class="verb"
                  osisId="3John.1.10!10"
                  n="640010100100010"
                  lemma="ποιέω"
                  number="singular"
                  person="third"
                  tense="present"
                  voice="active"
                  mood="indicative"
                  head="true">ποιεῖ</w>
               <wg role="adv">
                  <wg role="adv">
                     <w class="noun"
                        type="common"
                        osisId="3John.1.10!11"
                        n="640010100110010"
                        lemma="λόγος"
                        number="plural"
                        gender="masculine"
                        case="dative"
                        head="true">λόγοις</w>
                     <w class="adj"
                        osisId="3John.1.10!12"
                        n="640010100120010"
                        lemma="πονηρός"
                        number="plural"
                        gender="masculine"
                        case="dative">πονηροῖς</w>
                  </wg>
                  <w role="v"
                     class="verb"
                     osisId="3John.1.10!13"
                     n="640010100130010"
                     lemma="φλυαρέω"
                     number="singular"
                     gender="masculine"
                     case="nominative"
                     tense="present"
                     voice="active"
                     mood="participle"
                     type="?"
                     head="true">φλυαρῶν</w>
                  <w role="o"
                     class="pron"
                     type="personal"
                     osisId="3John.1.10!14"
                     n="640010100140010"
                     lemma="ἐγώ"
                     number="plural"
                     case="accusative">ἡμᾶς</w>
               </wg>
            </wg>
         </wg>
      </wg>
   </sentence>
   <sentence>
      <p>
         <milestone>3John.1.10</milestone>καὶ μὴ ἀρκούμενος ἐπὶ τούτοις οὔτε αὐτὸς ἐπιδέχεται τοὺς ἀδελφοὺς καὶ τοὺς βουλομένους κωλύει καὶ ἐκ τῆς ἐκκλησίας ἐκβάλλει.</p>
      <wg class="cl" n="640010100150190">
         <w class="conj"
            osisId="3John.1.10!15"
            n="640010100150010"
            lemma="καί">καὶ</w>
         <wg class="cl" n="640010100160180" head="true">
            <wg class="cl" n="640010100160040">
               <w role="adv"
                  class="adv"
                  osisId="3John.1.10!16"
                  n="640010100160010"
                  lemma="μή">μὴ</w>
               <w role="v"
                  class="verb"
                  osisId="3John.1.10!17"
                  n="640010100170010"
                  lemma="ἀρκέω"
                  number="singular"
                  gender="masculine"
                  case="nominative"
                  tense="present"
                  voice="passive"
                  mood="participle"
                  type="?"
                  head="true">ἀρκούμενος</w>
               <wg role="adv">
                  <w class="prep"
                     osisId="3John.1.10!18"
                     n="640010100180010"
                     lemma="ἐπί">ἐπὶ</w>
                  <w class="pron"
                     type="demonstrative"
                     osisId="3John.1.10!19"
                     n="640010100190010"
                     lemma="οὗτος"
                     number="plural"
                     gender="neuter"
                     case="dative"
                     head="true">τούτοις</w>
               </wg>
            </wg>
            <wg class="cl" n="640010100200140" head="true">
               <w class="conj"
                  osisId="3John.1.10!20"
                  n="640010100200010"
                  lemma="οὔτε">οὔτε</w>
               <wg class="cl" n="640010100210040" head="true">
                  <w role="s"
                     class="pron"
                     type="personal"
                     osisId="3John.1.10!21"
                     n="640010100210010"
                     lemma="αὐτός"
                     number="singular"
                     gender="masculine"
                     case="nominative">αὐτὸς</w>
                  <w role="v"
                     class="verb"
                     osisId="3John.1.10!22"
                     n="640010100220010"
                     lemma="ἐπιδέχομαι"
                     number="singular"
                     person="third"
                     tense="present"
                     voice="middle"
                     mood="indicative"
                     head="true">ἐπιδέχεται</w>
                  <wg role="o">
                     <w class="det"
                        osisId="3John.1.10!23"
                        n="640010100230010"
                        lemma="ὁ"
                        number="plural"
                        gender="masculine"
                        case="accusative">τοὺς</w>
                     <w class="noun"
                        type="common"
                        osisId="3John.1.10!24"
                        n="640010100240010"
                        lemma="ἀδελφός"
                        number="plural"
                        gender="masculine"
                        case="accusative"
                        head="true">ἀδελφοὺς</w>
                  </wg>
               </wg>
               <w class="conj"
                  osisId="3John.1.10!25"
                  n="640010100250010"
                  lemma="καί">καὶ</w>
               <wg class="cl" n="640010100260030">
                  <wg role="o">
                     <w class="det"
                        osisId="3John.1.10!26"
                        n="640010100260010"
                        lemma="ὁ"
                        number="plural"
                        gender="masculine"
                        case="accusative">τοὺς</w>
                     <w class="verb"
                        osisId="3John.1.10!27"
                        n="640010100270010"
                        lemma="βούλομαι"
                        number="plural"
                        gender="masculine"
                        case="accusative"
                        tense="present"
                        voice="middle"
                        mood="participle"
                        type="?"
                        head="true">βουλομένους</w>
                  </wg>
                  <w role="v"
                     class="verb"
                     osisId="3John.1.10!28"
                     n="640010100280010"
                     lemma="κωλύω"
                     number="singular"
                     person="third"
                     tense="present"
                     voice="active"
                     mood="indicative"
                     head="true">κωλύει</w>
               </wg>
               <w class="conj"
                  osisId="3John.1.10!29"
                  n="640010100290010"
                  lemma="καί">καὶ</w>
               <wg class="cl" n="640010100300040">
                  <wg role="adv">
                     <w class="prep"
                        osisId="3John.1.10!30"
                        n="640010100300010"
                        lemma="ἐκ">ἐκ</w>
                     <wg class="np"
                         n="640010100310020"
                         articular="true"
                         head="true"
                         det="true">
                        <w class="det"
                           osisId="3John.1.10!31"
                           n="640010100310010"
                           lemma="ὁ"
                           number="singular"
                           gender="feminine"
                           case="genitive">τῆς</w>
                        <w class="noun"
                           type="common"
                           osisId="3John.1.10!32"
                           n="640010100320010"
                           lemma="ἐκκλησία"
                           number="singular"
                           gender="feminine"
                           case="genitive"
                           head="true">ἐκκλησίας</w>
                     </wg>
                  </wg>
                  <w role="v"
                     class="verb"
                     osisId="3John.1.10!33"
                     n="640010100330010"
                     lemma="ἐκβάλλω"
                     number="singular"
                     person="third"
                     tense="present"
                     voice="active"
                     mood="indicative"
                     head="true">ἐκβάλλει</w>
               </wg>
            </wg>
         </wg>
      </wg>
   </sentence>
   <sentence>
      <p>
         <milestone>3John.1.11</milestone>Ἀγαπητέ, μὴ μιμοῦ τὸ κακὸν ἀλλὰ τὸ ἀγαθόν.</p>
      <wg class="cl" n="640010110010080" articular="true" det="true">
         <w class="adj"
            osisId="3John.1.11!1"
            n="640010110010010"
            lemma="ἀγαπητός"
            number="singular"
            gender="masculine"
            case="vocative">Ἀγαπητέ</w>
         <wg class="cl"
             n="640010110020070"
             articular="true"
             head="true"
             det="true">
            <w class="adv"
               osisId="3John.1.11!2"
               n="640010110020010"
               lemma="μή">μὴ</w>
            <wg class="cl" n="640010110030030">
               <w role="v"
                  class="verb"
                  osisId="3John.1.11!3"
                  n="640010110030010"
                  lemma="μιμέομαι"
                  number="singular"
                  person="second"
                  tense="present"
                  voice="middle"
                  mood="imperative"
                  head="true">μιμοῦ</w>
               <wg role="o">
                  <w class="det"
                     osisId="3John.1.11!4"
                     n="640010110040010"
                     lemma="ὁ"
                     number="singular"
                     gender="neuter"
                     case="accusative">τὸ</w>
                  <w class="adj"
                     osisId="3John.1.11!5"
                     n="640010110050010"
                     lemma="κακός"
                     number="singular"
                     gender="neuter"
                     case="accusative"
                     head="true">κακὸν</w>
               </wg>
            </wg>
            <w class="conj"
               osisId="3John.1.11!6"
               n="640010110060010"
               lemma="ἀλλά">ἀλλὰ</w>
            <wg class="cl"
                n="640010110070022"
                articular="true"
                head="true"
                det="true">
               <wg role="o">
                  <w class="det"
                     osisId="3John.1.11!7"
                     n="640010110070010"
                     lemma="ὁ"
                     number="singular"
                     gender="neuter"
                     case="accusative">τὸ</w>
                  <w class="adj"
                     osisId="3John.1.11!8"
                     n="640010110080010"
                     lemma="ἀγαθός"
                     number="singular"
                     gender="neuter"
                     case="accusative"
                     head="true">ἀγαθόν</w>
               </wg>
            </wg>
         </wg>
      </wg>
   </sentence>
   <sentence>
      <p>
         <milestone>3John.1.11</milestone>ὁ ἀγαθοποιῶν ἐκ τοῦ θεοῦ ἐστιν·</p>
      <wg class="cl" n="640010110090060" articular="true" det="true">
         <wg role="s">
            <w class="det"
               osisId="3John.1.11!9"
               n="640010110090010"
               lemma="ὁ"
               number="singular"
               gender="masculine"
               case="nominative">ὁ</w>
            <w class="verb"
               osisId="3John.1.11!10"
               n="640010110100010"
               lemma="ἀγαθοποιέω"
               number="singular"
               gender="masculine"
               case="nominative"
               tense="present"
               voice="active"
               mood="participle"
               type="?"
               head="true">ἀγαθοποιῶν</w>
         </wg>
         <wg role="p">
            <w class="prep"
               osisId="3John.1.11!11"
               n="640010110110010"
               lemma="ἐκ">ἐκ</w>
            <wg class="np"
                n="640010110120020"
                articular="true"
                head="true"
                det="true">
               <w class="det"
                  osisId="3John.1.11!12"
                  n="640010110120010"
                  lemma="ὁ"
                  number="singular"
                  gender="masculine"
                  case="genitive">τοῦ</w>
               <w class="noun"
                  type="common"
                  osisId="3John.1.11!13"
                  n="640010110130010"
                  lemma="θεός"
                  number="singular"
                  gender="masculine"
                  case="genitive"
                  head="true">θεοῦ</w>
            </wg>
         </wg>
         <w role="vc"
            class="verb"
            osisId="3John.1.11!14"
            n="640010110140010"
            lemma="εἰμί"
            number="singular"
            person="third"
            tense="present"
            voice="active"
            mood="indicative">ἐστιν</w>
      </wg>
   </sentence>
   <sentence>
      <p>
         <milestone>3John.1.11</milestone>ὁ κακοποιῶν οὐχ ἑώρακεν τὸν θεόν.</p>
      <wg class="cl" n="640010110150060">
         <wg role="s">
            <w class="det"
               osisId="3John.1.11!15"
               n="640010110150010"
               lemma="ὁ"
               number="singular"
               gender="masculine"
               case="nominative">ὁ</w>
            <w class="verb"
               osisId="3John.1.11!16"
               n="640010110160010"
               lemma="κακοποιέω"
               number="singular"
               gender="masculine"
               case="nominative"
               tense="present"
               voice="active"
               mood="participle"
               type="?"
               head="true">κακοποιῶν</w>
         </wg>
         <w role="adv"
            class="adv"
            osisId="3John.1.11!17"
            n="640010110170010"
            lemma="οὐ">οὐχ</w>
         <w role="v"
            class="verb"
            osisId="3John.1.11!18"
            n="640010110180010"
            lemma="ὁράω"
            number="singular"
            person="third"
            tense="perfect"
            voice="active"
            mood="indicative"
            head="true">ἑώρακεν</w>
         <wg role="o">
            <w class="det"
               osisId="3John.1.11!19"
               n="640010110190010"
               lemma="ὁ"
               number="singular"
               gender="masculine"
               case="accusative">τὸν</w>
            <w class="noun"
               type="common"
               osisId="3John.1.11!20"
               n="640010110200010"
               lemma="θεός"
               number="singular"
               gender="masculine"
               case="accusative"
               head="true">θεόν</w>
         </wg>
      </wg>
   </sentence>
   <sentence>
      <p>
         <milestone>3John.1.12</milestone>Δημητρίῳ μεμαρτύρηται ὑπὸ πάντων καὶ ὑπὸ αὐτῆς τῆς ἀληθείας·</p>
      <wg class="cl" n="640010120010090">
         <w role="adv"
            class="noun"
            type="proper"
            osisId="3John.1.12!1"
            n="640010120010010"
            lemma="Δημήτριος"
            number="singular"
            gender="masculine"
            case="dative">Δημητρίῳ</w>
         <w role="v"
            class="verb"
            osisId="3John.1.12!2"
            n="640010120020010"
            lemma="μαρτυρέω"
            number="singular"
            person="third"
            tense="perfect"
            voice="passive"
            mood="indicative"
            head="true">μεμαρτύρηται</w>
         <wg role="adv">
            <wg class="pp" n="640010120030020" head="true">
               <w class="prep"
                  osisId="3John.1.12!3"
                  n="640010120030010"
                  lemma="ὑπό">ὑπὸ</w>
               <w class="adj"
                  osisId="3John.1.12!4"
                  n="640010120040010"
                  lemma="πᾶς"
                  number="plural"
                  gender="masculine"
                  case="genitive"
                  head="true">πάντων</w>
            </wg>
            <w class="conj"
               osisId="3John.1.12!5"
               n="640010120050010"
               lemma="καί">καὶ</w>
            <wg class="pp" n="640010120060040" articular="true" det="true">
               <w class="prep"
                  osisId="3John.1.12!6"
                  n="640010120060010"
                  lemma="ὑπό">ὑπὸ</w>
               <wg class="np"
                   n="640010120070030"
                   articular="true"
                   head="true"
                   det="true">
                  <w class="pron"
                     type="personal"
                     osisId="3John.1.12!7"
                     n="640010120070010"
                     lemma="αὐτός"
                     number="singular"
                     gender="feminine"
                     case="genitive">αὐτῆς</w>
                  <wg class="np"
                      n="640010120080020"
                      articular="true"
                      head="true"
                      det="true">
                     <w class="det"
                        osisId="3John.1.12!8"
                        n="640010120080010"
                        lemma="ὁ"
                        number="singular"
                        gender="feminine"
                        case="genitive">τῆς</w>
                     <w class="noun"
                        type="common"
                        osisId="3John.1.12!9"
                        n="640010120090010"
                        lemma="ἀλήθεια"
                        number="singular"
                        gender="feminine"
                        case="genitive"
                        head="true">ἀληθείας</w>
                  </wg>
               </wg>
            </wg>
         </wg>
      </wg>
   </sentence>
   <sentence>
      <p>
         <milestone>3John.1.12</milestone>καὶ ἡμεῖς δὲ μαρτυροῦμεν, καὶ οἶδας ὅτι ἡ μαρτυρία ἡμῶν ἀληθής ἐστιν.</p>
      <wg class="cl" n="640010120120120">
         <w class="conj"
            osisId="3John.1.12!12"
            n="640010120120010"
            lemma="δέ"
            discontinuous="true">δὲ</w>
         <wg class="cl" n="640010120100110" head="true">
            <wg class="cl" n="640010120100030" head="true">
               <wg role="s">
                  <w class="adv"
                     osisId="3John.1.12!10"
                     n="640010120100010"
                     lemma="καί">καὶ</w>
                  <w class="pron"
                     type="personal"
                     osisId="3John.1.12!11"
                     n="640010120110010"
                     lemma="ἐγώ"
                     number="plural"
                     case="nominative"
                     head="true">ἡμεῖς</w>
               </wg>
               <w role="v"
                  class="verb"
                  osisId="3John.1.12!13"
                  n="640010120130010"
                  lemma="μαρτυρέω"
                  number="plural"
                  person="first"
                  tense="present"
                  voice="active"
                  mood="indicative"
                  head="true">μαρτυροῦμεν</w>
            </wg>
            <w class="conj"
               osisId="3John.1.12!14"
               n="640010120140010"
               lemma="καί">καὶ</w>
            <wg class="cl" n="640010120150070">
               <w class="verb"
                  osisId="3John.1.12!15"
                  n="640010120150010"
                  lemma="οἶδα"
                  number="singular"
                  person="second"
                  tense="perfect"
                  voice="active"
                  mood="indicative"
                  head="true">οἶδας</w>
               <wg class="cl" n="640010120160060">
                  <w class="conj"
                     osisId="3John.1.12!16"
                     n="640010120160010"
                     lemma="ὅτι">ὅτι</w>
                  <wg class="cl" n="640010120170050" head="true">
                     <wg role="s">
                        <w class="det"
                           osisId="3John.1.12!17"
                           n="640010120170010"
                           lemma="ὁ"
                           number="singular"
                           gender="feminine"
                           case="nominative">ἡ</w>
                        <wg class="np" n="640010120180020" head="true">
                           <w class="noun"
                              type="common"
                              osisId="3John.1.12!18"
                              n="640010120180010"
                              lemma="μαρτυρία"
                              number="singular"
                              gender="feminine"
                              case="nominative"
                              head="true">μαρτυρία</w>
                           <w class="pron"
                              type="personal"
                              osisId="3John.1.12!19"
                              n="640010120190010"
                              lemma="ἐγώ"
                              number="plural"
                              case="genitive">ἡμῶν</w>
                        </wg>
                     </wg>
                     <w role="p"
                        class="adj"
                        osisId="3John.1.12!20"
                        n="640010120200010"
                        lemma="ἀληθής"
                        number="singular"
                        gender="feminine"
                        case="nominative"
                        head="true">ἀληθής</w>
                     <w role="vc"
                        class="verb"
                        osisId="3John.1.12!21"
                        n="640010120210010"
                        lemma="εἰμί"
                        number="singular"
                        person="third"
                        tense="present"
                        voice="active"
                        mood="indicative">ἐστιν</w>
                  </wg>
               </wg>
            </wg>
         </wg>
      </wg>
   </sentence>
   <sentence>
      <p>
         <milestone>3John.1.13</milestone>Πολλὰ εἶχον γράψαι σοι, ἀλλ’ οὐ θέλω διὰ μέλανος καὶ καλάμου σοι γράφειν·</p>
      <wg class="cl" n="640010130020130">
         <wg class="cl" n="640010130020040" head="true">
            <w role="v"
               class="verb"
               osisId="3John.1.13!2"
               n="640010130020010"
               lemma="ἔχω"
               number="singular"
               person="first"
               tense="imperfect"
               voice="active"
               mood="indicative"
               head="true"
               discontinuous="true">εἶχον</w>
            <wg role="o">
               <w role="o"
                  class="adj"
                  osisId="3John.1.13!1"
                  n="640010130010010"
                  lemma="πολύς"
                  number="plural"
                  gender="neuter"
                  case="accusative">Πολλὰ</w>
               <w role="v"
                  class="verb"
                  osisId="3John.1.13!3"
                  n="640010130030010"
                  lemma="γράφω"
                  tense="aorist"
                  voice="active"
                  mood="infinitive"
                  type="?"
                  head="true">γράψαι</w>
               <w role="io"
                  class="pron"
                  type="personal"
                  osisId="3John.1.13!4"
                  n="640010130040010"
                  lemma="σύ"
                  number="singular"
                  case="dative">σοι</w>
            </wg>
         </wg>
         <w class="conj"
            osisId="3John.1.13!5"
            n="640010130050010"
            lemma="ἀλλά">ἀλλ’</w>
         <wg class="cl" n="640010130060080">
            <w role="adv"
               class="adv"
               osisId="3John.1.13!6"
               n="640010130060010"
               lemma="οὐ">οὐ</w>
            <w role="v"
               class="verb"
               osisId="3John.1.13!7"
               n="640010130070010"
               lemma="θέλω"
               number="singular"
               person="first"
               tense="present"
               voice="active"
               mood="indicative"
               head="true">θέλω</w>
            <wg role="o">
               <wg role="adv">
                  <w class="prep"
                     osisId="3John.1.13!8"
                     n="640010130080010"
                     lemma="διά">διὰ</w>
                  <wg class="np" n="640010130090030" head="true">
                     <w class="noun"
                        type="common"
                        osisId="3John.1.13!9"
                        n="640010130090010"
                        lemma="μέλαν"
                        number="singular"
                        gender="neuter"
                        case="genitive"
                        head="true">μέλανος</w>
                     <w class="conj"
                        osisId="3John.1.13!10"
                        n="640010130100010"
                        lemma="καί">καὶ</w>
                     <w class="noun"
                        type="common"
                        osisId="3John.1.13!11"
                        n="640010130110010"
                        lemma="κάλαμος"
                        number="singular"
                        gender="masculine"
                        case="genitive">καλάμου</w>
                  </wg>
               </wg>
               <w role="io"
                  class="pron"
                  type="personal"
                  osisId="3John.1.13!12"
                  n="640010130120010"
                  lemma="σύ"
                  number="singular"
                  case="dative">σοι</w>
               <w role="v"
                  class="verb"
                  osisId="3John.1.13!13"
                  n="640010130130010"
                  lemma="γράφω"
                  tense="present"
                  voice="active"
                  mood="infinitive"
                  type="?"
                  head="true">γράφειν</w>
            </wg>
         </wg>
      </wg>
   </sentence>
   <sentence>
      <p>
         <milestone>3John.1.14</milestone>ἐλπίζω δὲ εὐθέως σε ἰδεῖν, καὶ στόμα πρὸς στόμα λαλήσομεν.</p>
      <wg class="cl" n="640010140020100">
         <w class="conj"
            osisId="3John.1.14!2"
            n="640010140020010"
            lemma="δέ"
            discontinuous="true">δὲ</w>
         <wg class="cl" n="640010140010090" head="true">
            <wg class="cl" n="640010140010040" head="true">
               <w role="v"
                  class="verb"
                  osisId="3John.1.14!1"
                  n="640010140010010"
                  lemma="ἐλπίζω"
                  number="singular"
                  person="first"
                  tense="present"
                  voice="active"
                  mood="indicative"
                  head="true">ἐλπίζω</w>
               <wg role="o">
                  <w role="adv"
                     class="adv"
                     osisId="3John.1.14!3"
                     n="640010140030010"
                     lemma="εὐθέως">εὐθέως</w>
                  <w role="o"
                     class="pron"
                     type="personal"
                     osisId="3John.1.14!4"
                     n="640010140040010"
                     lemma="σύ"
                     number="singular"
                     case="accusative">σε</w>
                  <w role="v"
                     class="verb"
                     osisId="3John.1.14!5"
                     n="640010140050010"
                     lemma="ὁράω"
                     tense="aorist"
                     voice="active"
                     mood="infinitive"
                     type="?"
                     head="true">ἰδεῖν</w>
               </wg>
            </wg>
            <w class="conj"
               osisId="3John.1.14!6"
               n="640010140060010"
               lemma="καί">καὶ</w>
            <wg class="cl" n="640010140070040">
               <wg role="adv">
                  <w class="noun"
                     type="common"
                     osisId="3John.1.14!7"
                     n="640010140070010"
                     lemma="στόμα"
                     number="singular"
                     gender="neuter"
                     case="accusative"
                     head="true">στόμα</w>
                  <wg class="pp" n="640010140080020">
                     <w class="prep"
                        osisId="3John.1.14!8"
                        n="640010140080010"
                        lemma="πρός">πρὸς</w>
                     <w class="noun"
                        type="common"
                        osisId="3John.1.14!9"
                        n="640010140090010"
                        lemma="στόμα"
                        number="singular"
                        gender="neuter"
                        case="accusative"
                        head="true">στόμα</w>
                  </wg>
               </wg>
               <w role="v"
                  class="verb"
                  osisId="3John.1.14!10"
                  n="640010140100010"
                  lemma="λαλέω"
                  number="plural"
                  person="first"
                  tense="future"
                  voice="active"
                  mood="indicative"
                  head="true">λαλήσομεν</w>
            </wg>
         </wg>
      </wg>
   </sentence>
   <sentence>
      <p>
         <milestone>3John.1.15</milestone>Εἰρήνη σοι.</p>
      <wg class="cl" n="640010150010020">
         <w role="s"
            class="noun"
            type="common"
            osisId="3John.1.15!1"
            n="640010150010010"
            lemma="εἰρήνη"
            number="singular"
            gender="feminine"
            case="nominative"
            head="true">Εἰρήνη</w>
         <w role="io"
            class="pron"
            type="personal"
            osisId="3John.1.15!2"
            n="640010150020010"
            lemma="σύ"
            number="singular"
            case="dative">σοι</w>
      </wg>
   </sentence>
   <sentence>
      <p>
         <milestone>3John.1.15</milestone>ἀσπάζονταί σε οἱ φίλοι.</p>
      <wg class="cl" n="640010150030040">
         <w role="v"
            class="verb"
            osisId="3John.1.15!3"
            n="640010150030010"
            lemma="ἀσπάζομαι"
            number="plural"
            person="third"
            tense="present"
            voice="middle"
            mood="indicative"
            head="true">ἀσπάζονταί</w>
         <w role="o"
            class="pron"
            type="personal"
            osisId="3John.1.15!4"
            n="640010150040010"
            lemma="σύ"
            number="singular"
            case="accusative">σε</w>
         <wg role="s">
            <w class="det"
               osisId="3John.1.15!5"
               n="640010150050010"
               lemma="ὁ"
               number="plural"
               gender="masculine"
               case="nominative">οἱ</w>
            <w class="adj"
               osisId="3John.1.15!6"
               n="640010150060010"
               lemma="φίλος"
               number="plural"
               gender="masculine"
               case="nominative"
               head="true">φίλοι</w>
         </wg>
      </wg>
   </sentence>
   <sentence>
      <p>
         <milestone>3John.1.15</milestone>ἀσπάζου τοὺς φίλους κατ’ ὄνομα.</p>
      <wg class="cl" n="640010150070050">
         <w role="v"
            class="verb"
            osisId="3John.1.15!7"
            n="640010150070010"
            lemma="ἀσπάζομαι"
            number="singular"
            person="second"
            tense="present"
            voice="middle"
            mood="imperative"
            head="true">ἀσπάζου</w>
         <wg role="o">
            <w class="det"
               osisId="3John.1.15!8"
               n="640010150080010"
               lemma="ὁ"
               number="plural"
               gender="masculine"
               case="accusative">τοὺς</w>
            <w class="adj"
               osisId="3John.1.15!9"
               n="640010150090010"
               lemma="φίλος"
               number="plural"
               gender="masculine"
               case="accusative"
               head="true">φίλους</w>
         </wg>
         <wg role="adv">
            <w class="prep"
               osisId="3John.1.15!10"
               n="640010150100010"
               lemma="κατά">κατ’</w>
            <w class="noun"
               type="common"
               osisId="3John.1.15!11"
               n="640010150110010"
               lemma="ὄνομα"
               number="singular"
               gender="neuter"
               case="accusative"
               head="true">ὄνομα</w>
         </wg>
      </wg>
   </sentence>
</book>