G70001	2
G70002	3
G70003	4
G70004	5
G70005	6
G70006	7
G70007	8
G70008	9
G70009	10
G70010	11
G70011	12
G70012	13
G70013	14
G70014	16
G70015	17
G70016	18
G70017	19
G70018	14
G70019	20
G70020	21
G70021	22
G70022	23
G70023	24
G70024	25
G70025	26
G70026	27
G70027	28
G70028	29
G70029	30
G70030	31
G70031	32
G70032	33
G70033	34
G70034	35
G70035	35
G70036	36
G70037	37
G70038	38
G70039	39
G70040	40
G70041	41
G70042	42
G70043	43
G70044	44
G70045	45
G70046	46
G70047	47
G70048	48
G70049	49
G70050	50
G70051	51
G70052	52
G70053	53
G70054	54
G70055	55
G70056	56
G70057	57
G70058	58
G70059	59
G70060	60
G70061	61
G70062	62
G70063	63
G70064	64
G70065	65
G70066	66
G70067	67
G70068	68
G70069	69
G70070	70
G70071	71
G70072	72
G70073	73
G70074	74
G70075	75
G70076	76
G70077	77
G70078	78
G70079	79
G70080	80
G70081	81
G70082	82
G70083	83
G70084	84
G70085	85
G70086	86
G70087	87
G70088	88
G70089	89
G70090	90
G70091	92
G70092	93
G70093	94
G70094	96
G70095	97
G70096	98
G70097	99
G70098	100
G70099	101
G70100	102
G70101	103
G70102	104
G70103	105
G70104	106
G70105	107
G70106	108
G70107	109
G70108	110
G70109	111
G70110	113
G70111	114
G70112	116
G70113	117
G70114	118
G70115	119
G70116	120
G70117	121
G70118	122
G70119	123
G70120	124
G70121	125
G70122	126
G70123	127
G70124	128
G70125	129
G70126	130
G70127	131
G70128	132
G70129	133
G70130	134
G70131	135
G70132	136
G70133	137
G70134	138
G70135	139
G70136	140
G70137	141
G70138	142
G70139	143
G70140	145
G70141	146
G70142	147
G70143	148
G70144	149
G70145	150
G70146	151
G70147	152
G70148	153
G70149	154
G70150	155
G70151	156
G70152	157
G70153	158
G70154	159
G70155	160
G70156	161
G70157	162
G70158	165
G70159	165
G70160	166
G70161	167
G70162	168
G70163	169
G70164	170
G70165	171
G70166	172
G70167	173
G70168	174
G70169	176
G70170	177
G70171	178
G70172	179
G70173	180
G70174	181
G70175	182
G70176	183
G70177	184
G70178	185
G70179	186
G70180	188
G70181	189
G70182	190
G70183	192
G70184	193
G70185	195
G70186	196
G70187	197
G70188	198
G70189	199
G70190	201
G70191	202
G70192	203
G70193	204
G70194	205
G70195	209
G70196	207
G70197	208
G70198	209
G70199	210
G70200	211
G70201	212
G70202	213
G70203	214
G70204	215
G70205	216
G70206	217
G70207	218
G70208	219
G70209	220
G70210	221
G70211	222
G70212	223
G70213	224
G70214	225
G70215	226
G70216	227
G70217	228
G70218	229
G70219	230
G70220	231
G70221	232
G70222	233
G70223	234
G70224	235
G70225	236
G70226	237
G70227	238
G70228	239
G70229	240
G70230	241
G70231	242
G70232	243
G70233	244
G70234	245
G70235	246
G70236	247
G70237	248
G70238	249
G70239	250
G70240	251
G70241	252
G70242	253
G70243	254
G70244	256
G70245	257
G70246	258
G70247	259
G70248	260
G70249	261
G70250	262
G70251	263
G70252	264
G70253	266
G70254	267
G70255	268
G70256	269
G70257	270
G70258	271
G70259	272
G70260	273
G70261	274
G70262	275
G70263	276
G70264	277
G70265	278
G70266	279
G70267	280
G70268	281
G70269	282
G70270	283
G70271	285
G70272	286
G70273	287
G70274	288
G70275	289
G70276	290
G70277	291
G70278	292
G70279	293
G70280	294
G70281	295
G70282	296
G70283	297
G70284	298
G70285	299
G70286	300
G70287	302
G70288	303
G70289	304
G70290	306
G70291	307
G70292	308
G70293	309
G70294	310
G70295	314
G70296	311
G70297	312
G70298	313,314
G70299	315
G70300	316
G70301	317
G70302	318
G70303	319
G70304	320
G70305	322
G70306	323
G70307	324
G70308	325
G70309	326
G70310	327
G70311	328
G70312	329
G70313	330
G70314	331
G70315	332
G70316	333
G70317	334
G70318	335
G70319	336
G70320	337
G70321	338
G70322	339
G70323	340
G70324	341
G70325	342
G70326	343
G70327	344
G70328	345
G70329	346
G70330	347
G70331	348
G70332	349
G70333	350
G70334	351
G70335	352
G70336	353
G70337	354
G70338	355
G70339	357
G70340	358
G70341	359
G70342	360
G70343	361
G70344	362
G70345	363
G70346	364
G70347	365
G70348	366
G70349	367
G70350	368
G70351	369
G70352	371
G70353	373
G70354	374
G70355	376
G70356	377
G70357	378
G70358	379
G70359	381
G70360	382
G70361	383
G70362	385
G70363	386
G70364	388
G70365	389
G70366	390
G70367	391
G70368	392
G70369	393
G70370	394
G70371	395
G70372	396
G70373	397
G70374	398
G70375	399
G70376	400
G70377	402
G70378	403
G70379	401
G70380	404
G70381	405
G70382	406
G70383	408
G70384	409
G70385	410
G70386	411
G70387	412
G70388	413
G70389	414
G70390	415
G70391	416
G70392	417
G70393	418
G70394	419
G70395	421
G70396	422
G70397	423
G70398	424
G70399	426
G70400	427
G70401	428
G70402	429
G70403	430
G70404	431
G70405	432
G70406	433
G70407	434
G70408	435
G70409	436
G70410	437
G70411	438
G70412	439
G70413	441
G70414	442
G70415	443
G70416	444
G70417	445
G70418	446
G70419	447
G70420	448
G70421	449
G70422	450
G70423	451
G70424	452
G70425	453
G70426	454
G70427	455
G70428	456
G70429	457
G70430	458
G70431	459
G70432	460
G70433	461
G70434	462
G70435	463
G70436	464
G70437	465
G70438	466
G70439	467
G70440	468
G70441	469
G70442	470
G70443	471
G70444	472
G70445	473
G70446	474
G70447	475
G70448	476
G70449	478
G70450	479
G70451	481
G70452	482
G70453	483
G70454	484
G70455	485
G70456	486
G70457	487
G70458	488
G70459	489
G70460	490
G70461	491
G70462	492
G70463	494
G70464	495
G70465	496
G70466	497
G70467	498
G70468	499
G70469	500
G70470	501
G70471	502
G70472	503
G70473	504
G70474	505
G70475	506
G70476	507
G70477	508
G70478	509
G70479	510
G70480	511
G70481	512
G70482	513
G70483	514
G70484	515
G70485	516
G70486	517
G70487	518
G70488	519
G70489	520
G70490	521
G70491	522
G70492	523
G70493	524
G70494	525
G70495	526
G70496	527
G70497	528
G70498	529
G70499	530
G70500	531
G70501	532
G70502	533
G70503	534
G70504	535
G70505	536
G70506	537
G70507	538
G70508	539
G70509	540
G70510	541
G70511	542
G70512	542
G70513	543
G70514	544
G70515	545
G70516	546
G70517	547
G70518	548
G70519	550
G70520	551
G70521	552
G70522	553
G70523	554
G70524	555
G70525	556
G70526	557
G70527	558
G70528	559
G70529	560
G70530	561
G70531	562
G70532	563
G70533	564
G70534	565
G70535	568
G70536	569
G70537	570
G70538	572
G70539	573
G70540	574
G70541	575
G70542	577
G70543	578
G70544	579
G70545	580
G70546	581
G70547	582,583
G70548	584
G70549	585
G70550	586
G70551	587
G70552	588
G70553	589
G70554	590
G70555	591
G70556	592
G70557	593
G70558	594
G70559	595
G70560	596
G70561	597
G70562	598
G70563	599
G70564	600
G70565	601
G70566	602
G70567	603
G70568	605
G70569	606
G70570	607
G70571	608
G70572	609
G70573	610
G70574	611
G70575	612
G70576	613
G70577	614
G70578	615
G70579	616
G70580	617
G70581	618
G70582	620
G70583	621
G70584	622
G70585	623
G70586	624
G70587	625
G70588	626
G70589	627
G70590	628
G70591	629
G70592	630
G70593	631
G70594	632
G70595	633
G70596	635
G70597	636
G70598	637
G70599	638
G70600	639
G70601	640
G70602	641
G70603	642
G70604	643
G70605	644
G70606	645
G70607	646
G70608	647
G70609	648
G70610	649
G70611	650
G70612	652
G70613	653
G70614	655
G70615	656
G70616	657
G70617	660
G70618	661
G70619	662
G70620	663
G70621	664
G70622	665
G70623	666
G70624	667
G70625	668
G70626	669
G70627	671
G70628	672
G70629	674
G70630	675
G70631	676
G70632	678
G70633	679
G70634	680
G70635	681
G70636	682
G70637	684
G70638	685
G70639	686
G70640	687
G70641	689
G70642	690
G70643	691
G70644	692
G70645	693
G70646	694
G70647	695
G70648	696
G70649	697
G70650	698
G70651	699
G70652	700
G70653	701
G70654	702
G70655	703
G70656	704
G70657	705
G70658	706
G70659	707
G70660	708
G70661	709
G70662	710
G70663	711
G70664	712
G70665	713
G70666	714
G70667	715
G70668	716
G70669	717
G70670	718
G70671	719
G70672	720
G70673	721
G70674	722
G70675	723
G70676	724
G70677	725
G70678	726
G70679	727
G70680	728
G70681	730
G70682	731
G70683	732
G70684	733
G70685	734
G70686	736
G70687	737
G70688	738
G70689	739
G70690	740
G70691	741
G70692	742
G70693	743
G70694	744
G70695	745
G70696	746
G70697	748
G70698	749
G70699	750
G70700	751
G70701	752
G70702	753
G70703	754
G70704	755
G70705	756
G70706	757
G70707	758
G70708	759
G70709	761
G70710	762
G70711	764
G70712	765
G70713	766
G70714	767
G70715	768
G70716	769
G70717	770
G70718	771
G70719	772
G70720	773
G70721	774
G70722	775
G70723	777
G70724	779
G70725	780
G70726	781
G70727	782
G70728	783
G70729	784
G70730	785
G70731	786
G70732	787
G70733	788
G70734	789
G70735	790
G70736	791
G70737	792
G70738	793
G70739	794
G70740	795
G70741	796
G70742	797
G70743	799
G70744	800
G70745	801
G70746	802
G70747	803
G70748	804
G70749	806
G70750	807
G70751	808
G70752	810
G70753	811
G70754	812
G70755	813
G70756	814
G70757	815
G70758	816
G70759	817
G70760	818
G70761	819
G70762	820
G70763	821
G70764	822
G70765	823
G70766	824
G70767	825
G70768	826
G70769	827
G70770	828
G70771	829
G70772	830
G70773	831
G70774	832
G70775	833
G70776	834
G70777	835
G70778	836
G70779	837
G70780	839
G70781	840
G70782	841
G70783	842
G70784	843
G70785	844
G70786	845
G70787	846
G70788	847
G70789	848
G70790	849
G70791	850
G70792	851
G70793	852
G70794	853
G70795	854
G70796	855
G70797	856
G70798	857
G70799	858
G70800	859
G70801	860
G70802	861
G70803	862
G70804	863
G70805	864
G70806	865
G70807	866
G70808	867
G70809	868
G70810	869
G70811	871
G70812	872
G70813	874
G70814	875
G70815	876
G70816	877
G70817	878
G70818	879
G70819	880
G70820	881
G70821	882
G70822	883
G70823	884
G70824	885
G70825	886
G70826	887
G70827	888
G70828	889
G70829	890
G70830	891
G70831	892
G70832	893
G70833	894
G70834	895
G70835	896
G70836	897
G70837	898
G70838	899
G70839	899
G70840	901
G70841	902
G70842	903
G70843	904
G70844	905
G70845	906
G70846	907
G70847	908
G70848	909
G70849	910
G70850	911
G70851	912
G70852	913
G70853	914
G70854	915
G70855	917
G70856	918
G70857	919
G70858	920
G70859	921
G70860	922
G70861	923
G70862	924
G70863	925
G70864	926
G70865	927
G70866	928
G70867	929
G70868	930
G70869	931
G70870	932
G70871	933
G70872	934
G70873	935
G70874	936
G70875	937
G70876	938
G70877	939
G70878	940
G70879	942
G70880	943
G70881	944
G70882	946
G70883	945
G70884	947
G70885	948
G70886	948
G70887	949
G70888	950
G70889	952
G70890	952
G70891	953
G70892	955
G70893	956
G70894	957
G70895	958
G70896	959
G70897	960
G70898	961
G70899	962
G70900	963
G70901	964
G70902	965
G70903	966
G70904	967
G70905	968
G70906	969
G70907	970
G70908	972
G70909	973
G70910	974
G70911	975
G70912	976
G70913	977
G70914	978
G70915	979
G70916	980
G70917	982
G70918	983
G70919	984
G70920	985
G70921	987
G70922	988
G70923	989
G70924	990
G70925	991
G70926	992
G70927	993
G70928	993
G70929	994
G70930	995
G70931	996
G70932	997
G70933	999
G70934	1000
G70935	1001
G70936	1002
G70937	1003,1004
G70938	1005
G70939	1006
G70940	1007
G70941	1008
G70942	1009
G70943	1010
G70944	1011
G70945	1012
G70946	1013
G70947	1014
G70948	1015
G70949	1016
G70950	1017
G70951	1018
G70952	1018
G70953	1021
G70954	1022
G70955	1023
G70956	1024
G70957	1029
G70958	1031
G70959	1033
G70960	1034
G70961	1035
G70962	1036
G70963	1037
G70964	1039
G70965	1040
G70966	1041
G70967	1042
G70968	1043
G70969	1044
G70970	1046
G70971	1047
G70972	1048
G70973	1049
G70974	1050
G70975	1051
G70976	1052
G70977	1053
G70978	1054
G70979	1055
G70980	1056
G70981	1058
G70982	1059
G70983	1060
G70984	1061
G70985	1062
G70986	1063
G70987	1064
G70988	1065
G70989	1066
G70990	1067
G70991	1068
G70992	1069
G70993	1070
G70994	1071
G70995	1073
G70996	1074
G70997	1075
G70998	1078
G70999	1079
G71000	1080
G71001	1081
G71002	1082
G71003	1083
G71004	1084
G71005	1086
G71006	1085
G71007	1087
G71008	1088
G71009	1089
G71010	1090
G71011	1091
G71012	1092
G71013	1093
G71014	1094
G71015	1095
G71016	1096
G71017	1097
G71018	1098
G71019	1099
G71020	1099
G71021	1100
G71022	1101
G71023	1103
G71024	1104
G71025	1105
G71026	1106
G71027	1107
G71028	1108
G71029	1109
G71030	1110
G71031	1111
G71032	1112
G71033	1113
G71034	1114
G71035	1115
G71036	1116
G71037	1117
G71038	1119
G71039	1120
G71040	1121
G71041	1122
G71042	1123
G71043	1125
G71044	1124
G71045	1126
G71046	1127
G71047	1128
G71048	1129
G71049	1130
G71050	1131
G71051	1132
G71052	1133
G71053	1134
G71054	1136
G71055	1137
G71056	1138
G71057	1139
G71058	1140
G71059	1141
G71060	1142
G71061	1143
G71062	1145
G71063	1146
G71064	1147
G71065	1149
G71066	1150
G71067	1151
G71068	1152
G71069	1153
G71070	1154
G71071	1155
G71072	1156
G71073	1157
G71074	1160
G71075	1161
G71076	1162
G71077	1163
G71078	1164
G71079	1165
G71080	1166
G71081	1168
G71082	1169
G71083	1170
G71084	1172
G71085	1173
G71086	1174
G71087	1175
G71088	1176
G71089	1177
G71090	1178
G71091	1179
G71092	1180
G71093	1181
G71094	1182
G71095	1183
G71096	1184
G71097	1185
G71098	1186
G71099	1187
G71100	1188
G71101	1189
G71102	1190
G71103	1191
G71104	1192
G71105	1194
G71106	1195
G71107	1196
G71108	1197
G71109	1198
G71110	1199
G71111	1200
G71112	1201
G71113	1202
G71114	1203
G71115	1204
G71116	1205
G71117	1206
G71118	1207
G71119	1208
G71120	1209
G71121	1210
G71122	1211
G71123	1212
G71124	1213
G71125	1214
G71126	1215
G71127	1217
G71128	1218
G71129	1219
G71130	1220
G71131	1221
G71132	1222
G71133	1223
G71134	1224
G71135	1227
G71136	1228
G71137	1229
G71138	1230
G71139	1231
G71140	1232
G71141	1233
G71142	1234
G71143	1235
G71144	1236
G71145	1237
G71146	1238
G71147	1239
G71148	1240
G71149	1241
G71150	1242
G71151	1244
G71152	1245
G71153	1248
G71154	1250
G71155	1251
G71156	1252
G71157	1253
G71158	1254
G71159	1255
G71160	1256
G71161	1257
G71162	1258
G71163	1259
G71164	1261
G71165	1262
G71166	1264
G71167	1265
G71168	1267
G71169	1268
G71170	1270
G71171	1272
G71172	1273
G71173	1274
G71174	1277
G71175	1278
G71176	1279
G71177	1280
G71178	1281
G71179	1281
G71180	1282
G71181	1283
G71182	1284
G71183	1285
G71184	1287
G71185	1288
G71186	1289
G71187	1290
G71188	1291
G71189	1292
G71190	1293
G71191	1294
G71192	1296
G71193	1297
G71194	1299
G71195	1300
G71196	1301
G71197	1301
G71198	1302
G71199	1303
G71200	1304
G71201	1305
G71202	1306
G71203	1307
G71204	1308
G71205	1311
G71206	1312
G71207	1313
G71208	1314
G71209	1316
G71210	1317
G71211	1318
G71212	1319
G71213	1320
G71214	1321
G71215	1322
G71216	1323
G71217	1324
G71218	1327
G71219	1328
G71220	1329
G71221	1330
G71222	1331
G71223	1332
G71224	1333
G71225	1333
G71226	1334
G71227	1335
G71228	1336
G71229	1338
G71230	1339
G71231	1340
G71232	1341
G71233	1342
G71234	1343
G71235	1344
G71236	1345
G71237	1346
G71238	1347
G71239	1348
G71240	1349
G71241	1350
G71242	1351
G71243	1352
G71244	1354
G71245	1355
G71246	1356
G71247	1357
G71248	1358
G71249	1359
G71250	1360
G71251	1361
G71252	1362
G71253	1363
G71254	1364
G71255	1365
G71256	1367
G71257	1368
G71258	1369
G71259	1370
G71260	1371
G71261	1372
G71262	1373
G71263	1374
G71264	1375
G71265	1376
G71266	1377
G71267	1378
G71268	1379
G71269	1380
G71270	1381
G71271	1382
G71272	1384
G71273	1385
G71274	1386
G71275	1387
G71276	1388
G71277	1389
G71278	1390
G71279	1391
G71280	1395
G71281	1396
G71282	1397
G71283	1398
G71284	1399
G71285	1400
G71286	1401
G71287	1402
G71288	1403
G71289	1404
G71290	1405
G71291	1406
G71292	1407
G71293	1408
G71294	1409
G71295	1410
G71296	1411
G71297	1412
G71298	1413
G71299	1416
G71300	1417
G71301	1418
G71302	1419
G71303	1420
G71304	1422
G71305	1423
G71306	1424
G71307	1425
G71308	1426
G71309	1427
G71310	1428
G71311	1429
G71312	1430
G71313	1431
G71314	1434
G71315	1435
G71316	1436
G71317	1437
G71318	1438
G71319	1439
G71320	1440
G71321	1441
G71322	1443
G71323	1444
G71324	1445
G71325	1447
G71326	1449
G71327	1450
G71328	1451
G71329	1452
G71330	1453
G71331	1454
G71332	1455
G71333	1456
G71334	1457
G71335	1458
G71336	1459
G71337	1460
G71338	1462
G71339	1464
G71340	1465
G71341	1466
G71342	1467
G71343	1468
G71344	1469
G71345	1470
G71346	1471
G71347	1472
G71348	1473
G71349	1474
G71350	1475
G71351	1476
G71352	1477
G71353	1478
G71354	1479
G71355	1480
G71356	1481
G71357	1482
G71358	1483
G71359	1484
G71360	1485
G71361	1487
G71362	1488
G71363	1489
G71364	1490
G71365	1491
G71366	1492
G71367	1493
G71368	1494
G71369	1495
G71370	1496
G71371	1497
G71372	1498
G71373	1499
G71374	1500
G71375	1501
G71376	1502
G71377	1503
G71378	1504
G71379	1505
G71380	1506
G71381	1507
G71382	1508
G71383	1509
G71384	1510
G71385	1511
G71386	1512
G71387	1513
G71388	1514
G71389	1515
G71390	1516
G71391	1517
G71392	1518
G71393	1519
G71394	1520
G71395	1521
G71396	1522
G71397	1524
G71398	1525
G71399	1526
G71400	1527
G71401	1528,1529
G71402	1530
G71403	1531
G71404	1532
G71405	1533
G71406	1534
G71407	1535
G71408	1536
G71409	1537
G71410	1538
G71411	1539
G71412	1540
G71413	1541
G71414	1542
G71415	1543
G71416	1544
G71417	1545
G71418	1546
G71419	1548
G71420	1549
G71421	1550
G71422	1551
G71423	1552
G71424	1553
G71425	1554
G71426	1555
G71427	1556
G71428	1557
G71429	1558
G71430	1559
G71431	1560
G71432	1561
G71433	1562
G71434	1563
G71435	1564
G71436	1565
G71437	1568
G71438	1569
G71439	1570
G71440	1571
G71441	1572
G71442	1573
G71443	1574
G71444	1575
G71445	1576
G71446	1578
G71447	1579
G71448	1580
G71449	1581
G71450	1582
G71451	1583
G71452	1584
G71453	1585
G71454	1586
G71455	1587
G71456	1588
G71457	1589
G71458	1590
G71459	1591
G71460	1592
G71461	1593
G71462	1594
G71463	1595
G71464	1596
G71465	1598
G71466	1599
G71467	1600
G71468	1601
G71469	1602
G71470	1603
G71471	1604
G71472	1605
G71473	1606
G71474	1607
G71475	1608
G71476	1609
G71477	1610
G71478	1611
G71479	1612
G71480	1613
G71481	1614
G71482	1615
G71483	1616
G71484	1617
G71485	1618
G71486	1619
G71487	1620
G71488	1621
G71489	1623
G71490	1624
G71491	1626
G71492	1627
G71493	1628
G71494	1629
G71495	1630
G71496	1631
G71497	1632
G71498	1633
G71499	1634
G71500	1635
G71501	1636
G71502	1637
G71503	1639
G71504	1641
G71505	1642
G71506	1644
G71507	1645
G71508	1646
G71509	1647
G71510	1648
G71511	1650
G71512	1651
G71513	1652
G71514	1653
G71515	1654
G71516	1655
G71517	1656
G71518	1657
G71519	1658
G71520	1659
G71521	1660
G71522	1661
G71523	1662
G71524	1663
G71525	1664
G71526	1665
G71527	1666
G71528	1667
G71529	1668
G71530	1669
G71531	1670
G71532	1671
G71533	1672
G71534	1673
G71535	1674
G71536	1675
G71537	1676
G71538	1678
G71539	1681
G71540	1682
G71541	1683
G71542	1684
G71543	1685
G71544	1686
G71545	1687
G71546	1688
G71547	1689
G71548	1690
G71549	1691
G71550	1692
G71551	1693
G71552	1694
G71553	1695
G71554	1696
G71555	1697
G71556	1698
G71557	1699
G71558	1700
G71559	1701
G71560	1702
G71561	1703
G71562	1704
G71563	1705
G71564	1706
G71565	1708
G71566	1709
G71567	1710
G71568	1711
G71569	1712
G71570	1713
G71571	1714
G71572	1716
G71573	1717
G71574	1718
G71575	1719
G71576	1720
G71577	1721
G71578	1722
G71579	1723
G71580	1724
G71581	1725
G71582	1726
G71583	1727
G71584	1728
G71585	1729
G71586	1730
G71587	1731
G71588	1732
G71589	1733
G71590	1734
G71591	1735
G71592	1736
G71593	1737
G71594	1738
G71595	1739
G71596	1740
G71597	1741
G71598	1742
G71599	1743
G71600	1744
G71601	1745
G71602	1746
G71603	1748
G71604	1749
G71605	1750
G71606	1752
G71607	1753
G71608	1754
G71609	1755
G71610	1757
G71611	1756
G71612	1757
G71613	1758
G71614	1759
G71615	1760
G71616	1761
G71617	1762
G71618	1763
G71619	1765
G71620	1766
G71621	1767
G71622	1768
G71623	1769
G71624	1770
G71625	1772
G71626	1774
G71627	1775
G71628	1776
G71629	1777
G71630	1778
G71631	1779
G71632	1780
G71633	1781
G71634	1782
G71635	1783
G71636	1785
G71637	1786
G71638	1787
G71639	1788
G71640	1789
G71641	1790
G71642	1791
G71643	1792
G71644	1793
G71645	1794
G71646	1795
G71647	1797
G71648	1798
G71649	1799
G71650	1800
G71651	1801
G71652	1802
G71653	1803
G71654	1804
G71655	1806
G71656	1808
G71657	1809
G71658	1810
G71659	1811
G71660	1813
G71661	1815
G71662	1814
G71663	1816
G71664	1817
G71665	1818
G71666	1819
G71667	1820
G71668	1821
G71669	1822
G71670	1824
G71671	1825
G71672	1827
G71673	1828
G71674	1829
G71675	1830
G71676	1831
G71677	1832
G71678	1833
G71679	1835
G71680	1836
G71681	1837
G71682	1838
G71683	1839
G71684	1840
G71685	1841
G71686	1842
G71687	1843
G71688	1844
G71689	1846
G71690	1847
G71691	1848
G71692	1849
G71693	1850
G71694	1851
G71695	1853
G71696	1855
G71697	1856
G71698	1860
G71699	1861
G71700	1862
G71701	1863
G71702	1864
G71703	1865
G71704	1866
G71705	1867
G71706	1869
G71707	1870
G71708	1871
G71709	1872
G71710	1873
G71711	1874
G71712	1875
G71713	1877
G71714	1878
G71715	1879
G71716	1882
G71717	1883
G71718	1885
G71719	1887
G71720	1888
G71721	1890
G71722	1891
G71723	1892
G71724	1893
G71725	1894
G71726	1895
G71727	1896
G71728	1897
G71729	1898
G71730	1899
G71731	1901
G71732	1902
G71733	1903
G71734	1904
G71735	1905
G71736	1906
G71737	1907
G71738	1908
G71739	1909
G71740	1910
G71741	1912
G71742	1913
G71743	1914
G71744	1915
G71745	1916
G71746	1917
G71747	1918
G71748	1919
G71749	1920
G71750	1921
G71751	1922
G71752	1923
G71753	1924
G71754	1925
G71755	1926
G71756	1927
G71757	1928
G71758	1929
G71759	1931
G71760	1932
G71761	1933
G71762	1935
G71763	1936
G71764	1937
G71765	1938
G71766	1940
G71767	1941
G71768	1942
G71769	1943
G71770	1944
G71771	1945
G71772	1946
G71773	1947
G71774	1948
G71775	1949
G71776	1950
G71777	1952
G71778	1953
G71779	1954
G71780	1955
G71781	1956
G71782	1957
G71783	1958
G71784	1959
G71785	1960
G71786	1961
G71787	1962
G71788	1963
G71789	1964
G71790	1965
G71791	1966
G71792	1967
G71793	1968
G71794	1969
G71795	1970
G71796	1971
G71797	1972
G71798	1973
G71799	1974
G71800	1975
G71801	1976
G71802	1977
G71803	1978
G71804	1979
G71805	1980
G71806	1981
G71807	1982
G71808	1983
G71809	1984
G71810	1985
G71811	1987
G71812	1988
G71813	1989
G71814	1990
G71815	1992
G71816	1993
G71817	1994
G71818	1995
G71819	1997
G71820	1999
G71821	2000
G71822	2001
G71823	2002
G71824	2003
G71825	2004
G71826	2007
G71827	2008
G71828	2009
G71829	2010
G71830	2011
G71831	2014
G71832	2015
G71833	2016
G71834	2017
G71835	2018
G71836	2019
G71837	2020
G71838	2021
G71839	2022
G71840	2024
G71841	2026
G71842	2027
G71843	2029
G71844	2030
G71845	2031
G71846	2032
G71847	2033
G71848	2034
G71849	2035
G71850	2036
G71851	2037
G71852	2038
G71853	2039
G71854	2040
G71855	2041
G71856	2042
G71857	2043
G71858	2044
G71859	2045
G71860	2046
G71861	2047
G71862	2048
G71863	2049
G71864	2050
G71865	2051
G71866	2052
G71867	2053
G71868	2054
G71869	2055
G71870	2056
G71871	2057
G71872	2058
G71873	2059
G71874	2060
G71875	2061
G71876	2062
G71877	2063
G71878	2064
G71879	2065
G71880	2068
G71881	2069
G71882	2071
G71883	2072
G71884	2073
G71885	2074
G71886	2075
G71887	2076
G71888	2077
G71889	2079
G71890	2081
G71891	2082
G71892	2083
G71893	2084
G71894	2085
G71895	2086
G71896	2087
G71897	2088
G71898	2089
G71899	2090
G71900	2091
G71901	2092
G71902	2093
G71903	2094
G71904	2095
G71905	2096
G71906	2097
G71907	2098
G71908	2099
G71909	2101
G71910	2102
G71911	2103
G71912	2104
G71913	2105
G71914	2106
G71915	2107
G71916	2108
G71917	2109
G71918	2110
G71919	2111
G71920	2112
G71921	2113
G71922	2114
G71923	2115
G71924	2116
G71925	2117
G71926	2118
G71927	2119
G71928	2120
G71929	2121
G71930	2122
G71931	2123
G71932	2125
G71933	2126
G71934	2127
G71935	2128
G71936	2129
G71937	2130
G71938	2131
G71939	2134
G71940	2135
G71941	2137
G71942	2138
G71943	2140
G71944	2141
G71945	2142
G71946	2143
G71947	2144
G71948	2145
G71949	2146
G71950	2147
G71951	2148
G71952	2149
G71953	2150
G71954	2151
G71955	2152
G71956	2153
G71957	2154
G71958	2155
G71959	2156
G71960	2157
G71961	2158
G71962	2159
G71963	2160
G71964	2161
G71965	2162
G71966	2163
G71967	2164
G71968	2165
G71969	2166
G71970	2168
G71971	2169
G71972	2170
G71973	2171
G71974	2172
G71975	2173
G71976	2174
G71977	2175
G71978	2176
G71979	2177
G71980	2178
G71981	2179
G71982	2180
G71983	2181
G71984	2182
G71985	2184
G71986	2185
G71987	2186
G71988	2187
G71989	2188
G71990	2189
G71991	2190
G71992	2191
G71993	2192
G71994	2195
G71995	2196
G71996	2197
G71997	2198
G71998	2199
G71999	2200
G72000	2201
G72001	2202
G72002	2203
G72003	2204
G72004	2205
G72005	2207
G72006	2208
G72007	2209
G72008	2210
G72009	2211
G72010	2212
G72011	2213
G72012	2214
G72013	2215
G72014	2216
G72015	2217
G72016	2219
G72017	2220
G72018	2221
G72019	2222
G72020	2224
G72021	2226
G72022	2227
G72023	2228
G72024	2229
G72025	2230
G72026	2231
G72027	2232
G72028	2233
G72029	2235
G72030	2236
G72031	2237
G72032	2238
G72033	2239
G72034	2240
G72035	2241
G72036	2242
G72037	2243
G72038	2244
G72039	2246
G72040	2245
G72041	2247
G72042	2248
G72043	2249
G72044	2250
G72045	2251
G72046	2252
G72047	2253
G72048	2254
G72049	2255
G72050	2257
G72051	2258
G72052	2259
G72053	2260
G72054	2261
G72055	2261
G72056	2262
G72057	2263
G72058	2264
G72059	2266
G72060	2267
G72061	2268
G72062	2269
G72063	2270
G72064	2272
G72065	2274
G72066	2275
G72067	2276
G72068	2277
G72069	2278
G72070	2279
G72071	2280
G72072	2281
G72073	2282
G72074	2283
G72075	2284
G72076	2285
G72077	2286
G72078	2288
G72079	2289
G72080	2290
G72081	2291
G72082	2292
G72083	2293
G72084	2294
G72085	2295
G72086	2296
G72087	2297
G72088	2298
G72089	2299
G72090	2300
G72091	2301
G72092	2302
G72093	2304
G72094	2305
G72095	2306
G72096	2307
G72097	2308
G72098	2309
G72099	2310
G72100	2311
G72101	2312
G72102	2313
G72103	2314
G72104	2315
G72105	2316
G72106	2318
G72107	2319
G72108	2320
G72109	2321
G72110	2322
G72111	2323
G72112	2324
G72113	2325
G72114	2326
G72115	2327
G72116	2328
G72117	2329
G72118	2330
G72119	2331
G72120	2332
G72121	2333
G72122	2334
G72123	2335
G72124	2336
G72125	2337
G72126	2338
G72127	2339
G72128	2340
G72129	2342
G72130	2343
G72131	2344
G72132	2345
G72133	2346
G72134	2347
G72135	2349
G72136	2350
G72137	2351
G72138	2353
G72139	2354
G72140	2355
G72141	2356
G72142	2357
G72143	2358
G72144	2359
G72145	2361
G72146	2362
G72147	2363
G72148	2364
G72149	2365
G72150	2366
G72151	2367
G72152	2368
G72153	2369
G72154	2370
G72155	2371
G72156	2372
G72157	2373
G72158	2374
G72159	2375
G72160	2376
G72161	2377
G72162	2378
G72163	2379
G72164	2380
G72165	2381
G72166	2383
G72167	2384
G72168	2386
G72169	2387
G72170	2388
G72171	2389
G72172	2390
G72173	2391
G72174	2392
G72175	2393
G72176	2394
G72177	2395
G72178	2396
G72179	2397
G72180	2398
G72181	2399
G72182	2400
G72183	2401
G72184	2404
G72185	2405
G72186	2406
G72187	2408
G72188	2409
G72189	2411
G72190	2412
G72191	2414
G72192	2415
G72193	2416
G72194	2417
G72195	2418
G72196	2419
G72197	2420
G72198	2421
G72199	2421
G72200	2422
G72201	2423
G72202	2424
G72203	2426
G72204	2427
G72205	2428
G72206	2429
G72207	2431
G72208	2432
G72209	2433
G72210	2434
G72211	2435
G72212	2436
G72213	2437
G72214	2438
G72215	2439
G72216	2441
G72217	2442
G72218	2443
G72219	2445
G72220	2448
G72221	2449
G72222	2450
G72223	2451
G72224	2452
G72225	2453
G72226	2452
G72227	2454
G72228	2455
G72229	2456
G72230	2457
G72231	2458
G72232	2459
G72233	2460
G72234	2461
G72235	2462
G72236	2463
G72237	2464
G72238	2465
G72239	2466
G72240	2467
G72241	2468
G72242	2469
G72243	2471
G72244	2472
G72245	2473
G72246	2474
G72247	2475
G72248	2476
G72249	2477
G72250	2478
G72251	2479
G72252	2480
G72253	2481
G72254	2482
G72255	2483
G72256	2484
G72257	2485
G72258	2486
G72259	2487
G72260	2488
G72261	2490
G72262	2491
G72263	2495
G72264	2497
G72265	2498
G72266	2498
G72267	2499
G72268	2500
G72269	2501
G72270	2502
G72271	2503
G72272	2504
G72273	2505
G72274	2506
G72275	2507
G72276	2508
G72277	2509
G72278	2510
G72279	2511
G72280	2512
G72281	2513
G72282	2514
G72283	2515
G72284	2516
G72285	2517
G72286	2518
G72287	2519
G72288	2520
G72289	2521
G72290	2522
G72291	2523
G72292	2525
G72293	2526
G72294	2527
G72295	2528
G72296	2529
G72297	2530
G72298	2531
G72299	2534
G72300	2535
G72301	2536
G72302	2537
G72303	2538
G72304	2539
G72305	2540
G72306	2541
G72307	2542
G72308	2543
G72309	2544
G72310	2545
G72311	2546
G72312	2547
G72313	2548
G72314	2549
G72315	2550
G72316	2552
G72317	2553
G72318	2554
G72319	2555
G72320	2556
G72321	2557
G72322	2558
G72323	2559
G72324	2560
G72325	2561
G72326	2562
G72327	2563
G72328	2564
G72329	2565
G72330	2566
G72331	2567
G72332	2568
G72333	2569
G72334	2570
G72335	2571
G72336	2572
G72337	2573
G72338	2575
G72339	2576
G72340	2577
G72341	2579
G72342	2580
G72343	2581
G72344	2582
G72345	2583
G72346	2584
G72347	2585
G72348	2587
G72349	2588
G72350	2589
G72351	2590
G72352	2591
G72353	2592
G72354	2593
G72355	2594
G72356	2595
G72357	2597
G72358	2596
G72359	2598
G72360	2599
G72361	2600
G72362	2601
G72363	2602
G72364	2603
G72365	2604
G72366	2605
G72367	2606
G72368	2608
G72369	2609
G72370	2610
G72371	2611
G72372	2612
G72373	2613
G72374	2614
G72375	2615
G72376	2616
G72377	2617
G72378	2618
G72379	2619
G72380	2620
G72381	2623
G72382	2625
G72383	2626
G72384	2627
G72385	2628
G72386	2629
G72387	2630
G72388	2631
G72389	2632
G72390	2633
G72391	2634
G72392	2635
G72393	2636
G72394	2637
G72395	2638
G72396	2639
G72397	2640
G72398	2641
G72399	2642
G72400	2643
G72401	2644
G72402	2645
G72403	2646
G72404	2647
G72405	2648
G72406	2649
G72407	2650
G72408	2651
G72409	2652
G72410	2653
G72411	2654
G72412	2655
G72413	2656
G72414	2657
G72415	2658
G72416	2659
G72417	2660
G72418	2661
G72419	2662
G72420	2663
G72421	2664
G72422	2665
G72423	2666
G72424	2667
G72425	2668
G72426	2669
G72427	2671
G72428	2672
G72429	2673
G72430	2674
G72431	2675
G72432	2677
G72433	2678
G72434	2679
G72435	2680
G72436	2681
G72437	2682
G72438	2683
G72439	2684
G72440	2685
G72441	2686
G72442	2688
G72443	2689
G72444	2690
G72445	2691
G72446	2692
G72447	2693
G72448	2694
G72449	2696
G72450	2697
G72451	2698
G72452	2699
G72453	2700
G72454	2701
G72455	2702
G72456	2703
G72457	2704
G72458	2705
G72459	2707
G72460	2708
G72461	2709
G72462	2710
G72463	2711
G72464	2712
G72465	2713
G72466	2714
G72467	2715
G72468	2716
G72469	2717
G72470	2718
G72471	2720
G72472	2721
G72473	2722
G72474	2724
G72475	2725
G72476	2725
G72477	2726
G72478	2727
G72479	2729
G72480	2731
G72481	2732
G72482	2733
G72483	2734
G72484	2736
G72485	2737
G72486	2738
G72487	2739
G72488	2740
G72489	2743
G72490	2745
G72491	2746
G72492	2747
G72493	2748
G72494	2749
G72495	2750
G72496	2751
G72497	2752
G72498	2754
G72499	2755
G72500	2756
G72501	2757
G72502	2759
G72503	2761
G72504	2762
G72505	2763
G72506	2764
G72507	2766
G72508	2767
G72509	2768
G72510	2770
G72511	2771
G72512	2773
G72513	2774
G72514	2775
G72515	2776
G72516	2777
G72517	2778
G72518	2779
G72519	2780
G72520	2782
G72521	2783
G72522	2785
G72523	2786
G72524	2788
G72525	2789
G72526	2790
G72527	2791
G72528	2792
G72529	2793
G72530	2794
G72531	2795
G72532	2796
G72533	2797
G72534	2798
G72535	2799
G72536	2800
G72537	2802
G72538	2801
G72539	2803
G72540	2804
G72541	2805
G72542	2806
G72543	2807
G72544	2808
G72545	2809
G72546	2810
G72547	2811
G72548	2812
G72549	2813
G72550	2814
G72551	2815
G72552	2818
G72553	2819
G72554	2819
G72555	2820
G72556	2821
G72557	2822
G72558	2823
G72559	2825
G72560	2826
G72561	2827
G72562	2828
G72563	2829
G72564	2830
G72565	2831
G72566	2833
G72567	2834
G72568	2836
G72569	2837
G72570	2838
G72571	2840
G72572	2841
G72573	2843
G72574	2842
G72575	2844
G72576	2845
G72577	2846
G72578	2847
G72579	2848
G72580	2849
G72581	2850
G72582	2851
G72583	2852
G72584	2853
G72585	2856
G72586	2857
G72587	2858
G72588	2859
G72589	2860
G72590	2861
G72591	2862
G72592	2864
G72593	2865
G72594	2866
G72595	2867
G72596	2868
G72597	2869
G72598	2870
G72599	2871
G72600	2872
G72601	2873
G72602	2874
G72603	2875
G72604	2876
G72605	2877
G72606	2878
G72607	2879
G72608	2880
G72609	2881
G72610	2883
G72611	2884
G72612	2885
G72613	2886
G72614	2887
G72615	2888
G72616	2889
G72617	2890
G72618	2891
G72619	2892
G72620	2894
G72621	2895
G72622	2896
G72623	2897
G72624	2898
G72625	2899
G72626	2901
G72627	2902
G72628	2903
G72629	2904
G72630	2905
G72631	2906
G72632	2907
G72633	2908
G72634	2909
G72635	2910
G72636	2914
G72637	2915
G72638	2916
G72639	2917
G72640	2918
G72641	2919
G72642	2920
G72643	2921
G72644	2922
G72645	2923
G72646	2924
G72647	2925
G72648	2927
G72649	2928
G72650	2929
G72651	2930
G72652	2931
G72653	2932
G72654	2933
G72655	2934
G72656	2935
G72657	2936
G72658	2937
G72659	2938
G72660	2939
G72661	2940
G72662	2941
G72663	2942
G72664	2943
G72665	2944
G72666	2945
G72667	2946
G72668	2947
G72669	2948
G72670	2949
G72671	2950
G72672	2951
G72673	2952
G72674	2953
G72675	2954
G72676	2955
G72677	2956
G72678	2958
G72679	2959
G72680	2960
G72681	2961
G72682	2963
G72683	2965
G72684	2966
G72685	2967
G72686	2968
G72687	2969
G72688	2970
G72689	2972
G72690	2973
G72691	2974
G72692	2976
G72693	2977
G72694	2978
G72695	2979
G72696	2980
G72697	2981
G72698	2982
G72699	2983
G72700	2985
G72701	2986
G72702	2987
G72703	2988
G72704	2989
G72705	2990
G72706	2991
G72707	2992
G72708	2993
G72709	2994
G72710	2995
G72711	2996
G72712	2997
G72713	2998
G72714	2999
G72715	3000
G72716	3001
G72717	3002
G72718	3004
G72719	3005
G72720	3006
G72721	3007
G72722	3008
G72723	3009
G72724	3011
G72725	3012
G72726	3013
G72727	3014
G72728	3016
G72729	3017
G72730	3018
G72731	3019
G72732	3020
G72733	3022
G72734	3023
G72735	3024
G72736	3025
G72737	3026
G72738	3027
G72739	3029
G72740	3030
G72741	3031
G72742	3032
G72743	3033
G72744	3034
G72745	3035
G72746	3036
G72747	3037
G72748	3038
G72749	3039
G72750	3040
G72751	3041
G72752	3042
G72753	3043
G72754	3044
G72755	3045
G72756	3046
G72757	3047
G72758	3048
G72759	3049
G72760	3051
G72761	3052
G72762	3053
G72763	3055
G72764	3056
G72765	3057
G72766	3058
G72767	3060
G72768	3061
G72769	3062
G72770	3063
G72771	3064
G72772	3066
G72773	3067
G72774	3068
G72775	3069
G72776	3070
G72777	3073
G72778	3074
G72779	3075
G72780	3077
G72781	3078
G72782	3079
G72783	3080
G72784	3081
G72785	3082
G72786	3083
G72787	3086
G72788	3087
G72789	3088
G72790	3089
G72791	3090
G72792	3091
G72793	3092
G72794	3093
G72795	3094
G72796	3095
G72797	3096
G72798	3097
G72799	3098
G72800	3099
G72801	3100
G72802	3101
G72803	3102
G72804	3103
G72805	3104
G72806	3105
G72807	3106
G72808	3107
G72809	3108
G72810	3109
G72811	3110
G72812	3111
G72813	3112
G72814	3113
G72815	3114
G72816	3115
G72817	3116
G72818	3117
G72819	3118
G72820	3119
G72821	3120
G72822	3121
G72823	3122
G72824	3123
G72825	3124
G72826	3125
G72827	3126
G72828	3127
G72829	3128
G72830	3130
G72831	3131
G72832	3132
G72833	3133
G72834	3134
G72835	3135
G72836	3136
G72837	3139
G72838	3140
G72839	3141
G72840	3142
G72841	3143
G72842	3145
G72843	3146
G72844	3147
G72845	3148
G72846	3149
G72847	3150
G72848	3151
G72849	3152
G72850	3153
G72851	3154
G72852	3155
G72853	3156
G72854	3157
G72855	3158
G72856	3159
G72857	3160
G72858	3161
G72859	3162
G72860	3164
G72861	3165
G72862	3166
G72863	3167
G72864	3168
G72865	3169
G72866	3170
G72867	3171
G72868	3172
G72869	3173
G72870	3174
G72871	3175
G72872	3176
G72873	3177
G72874	3179
G72875	3180
G72876	3181
G72877	3182
G72878	3184
G72879	3185
G72880	3186
G72881	3187
G72882	3189
G72883	3190
G72884	3191
G72885	3192
G72886	3194
G72887	3193
G72888	3195
G72889	3196
G72890	3197
G72891	3198
G72892	3199
G72893	3200
G72894	3202
G72895	3203
G72896	3204
G72897	3205
G72898	3206
G72899	3207
G72900	3208
G72901	3209
G72902	3210
G72903	3211
G72904	3212
G72905	3213
G72906	3214
G72907	3215
G72908	3216
G72909	3217
G72910	3218
G72911	3219
G72912	3220
G72913	3221
G72914	3222
G72915	3223
G72916	3224
G72917	3225
G72918	3227
G72919	3228
G72920	3229
G72921	3230
G72922	3231
G72923	3232
G72924	3233
G72925	3234
G72926	3235
G72927	3236
G72928	3237
G72929	3238
G72930	3239
G72931	3240
G72932	3241
G72933	3244
G72934	3243
G72935	3245
G72936	3246
G72937	3247
G72938	3248
G72939	3249
G72940	3250
G72941	3251
G72942	3252
G72943	3254
G72944	3255
G72945	3256
G72946	3257
G72947	3258
G72948	3259
G72949	3261
G72950	3262
G72951	3263
G72952	3264
G72953	3265
G72954	3266
G72955	3267
G72956	3268
G72957	3269
G72958	3270
G72959	3271
G72960	3272
G72961	3273
G72962	3275
G72963	3276
G72964	3277
G72965	3278
G72966	3279
G72967	3280
G72968	3281
G72969	3282
G72970	3284
G72971	3285
G72972	3286
G72973	3287
G72974	3288
G72975	3289
G72976	3290
G72977	3291
G72978	3292
G72979	3293
G72980	3294
G72981	3295
G72982	3296
G72983	3297
G72984	3300
G72985	3301
G72986	3302
G72987	3303
G72988	3305
G72989	3306
G72990	3307
G72991	3308
G72992	3309
G72993	3310
G72994	3311
G72995	3312
G72996	3313
G72997	3316
G72998	3317
G72999	3318
G73000	3319
G73001	3320
G73002	3321
G73003	3322
G73004	3323
G73005	3324
G73006	3325
G73007	3326
G73008	3328
G73009	3329
G73010	3330
G73011	3331
G73012	3332
G73013	3333
G73014	3334
G73015	3336
G73016	3337
G73017	3338
G73018	3339
G73019	3340
G73020	3342
G73021	3343
G73022	3344
G73023	3345
G73024	3346
G73025	3347
G73026	3348
G73027	3348
G73028	3349
G73029	3350
G73030	3351
G73031	3352
G73032	3353
G73033	3354
G73034	3355
G73035	3356
G73036	3357
G73037	3358
G73038	3359
G73039	3360
G73040	3361
G73041	3362
G73042	3363
G73043	3364
G73044	3365
G73045	3366
G73046	3367
G73047	3368
G73048	3369
G73049	3370
G73050	3371
G73051	3372
G73052	3373
G73053	3374
G73054	3375
G73055	3376
G73056	3377
G73057	3378
G73058	3379
G73059	3380
G73060	3381
G73061	3382
G73062	3383
G73063	3384
G73064	3385
G73065	3386
G73066	3387
G73067	3388
G73068	3389
G73069	3390
G73070	3391
G73071	3392
G73072	3393
G73073	3394
G73074	3395
G73075	3396
G73076	3397
G73077	3399
G73078	3400
G73079	3402
G73080	3404
G73081	3405
G73082	3407
G73083	3408
G73084	3409
G73085	3411
G73086	3412
G73087	3413
G73088	3414
G73089	3415
G73090	3416
G73091	3417
G73092	3419
G73093	3420
G73094	3421
G73095	3422
G73096	3423
G73097	3424
G73098	3425
G73099	3426
G73100	3427
G73101	3428
G73102	3429
G73103	3430
G73104	3431
G73105	3432
G73106	3433
G73107	3434
G73108	3435
G73109	3436
G73110	3437
G73111	3438
G73112	3439
G73113	3440
G73114	3441
G73115	3442
G73116	3443
G73117	3444
G73118	3445
G73119	3446
G73120	3447
G73121	3448
G73122	3449
G73123	3450
G73124	3451
G73125	3452
G73126	3453
G73127	3454
G73128	3455
G73129	3456
G73130	3457
G73131	3458
G73132	3459
G73133	3460
G73134	3463
G73135	3464
G73136	3465
G73137	3466
G73138	3467
G73139	3468
G73140	3471
G73141	3469
G73142	3470
G73143	3472
G73144	3474
G73145	3477
G73146	3478
G73147	3479
G73148	3480
G73149	3481
G73150	3483
G73151	3484
G73152	3485
G73153	3486
G73154	3487
G73155	3488
G73156	3489
G73157	3490
G73158	3491
G73159	3492
G73160	3493
G73161	3494
G73162	3496
G73163	3497
G73164	3499
G73165	3500
G73166	3501
G73167	3504
G73168	3505
G73169	3506
G73170	3506
G73171	3507
G73172	3508
G73173	3509
G73174	3510
G73175	3514
G73176	3516
G73177	3517
G73178	3518
G73179	3519
G73180	3521
G73181	3522
G73182	3523
G73183	3525
G73184	3527
G73185	3528
G73186	3529
G73187	3530
G73188	3531
G73189	3532
G73190	3533
G73191	3534
G73192	3535
G73193	3536
G73194	3537
G73195	3538
G73196	3540
G73197	3541
G73198	3542
G73199	3543
G73200	3544
G73201	3545
G73202	3546
G73203	3547
G73204	3548
G73205	3549
G73206	3550
G73207	3551
G73208	3552
G73209	3553
G73210	3554
G73211	3555
G73212	3556
G73213	3557
G73214	3558
G73215	3559
G73216	3560
G73217	3561
G73218	3562
G73219	3563
G73220	3564
G73221	3565
G73222	3566
G73223	3567
G73224	3568
G73225	3569
G73226	3570
G73227	3571
G73228	3572
G73229	3573
G73230	3575
G73231	3576
G73232	3577
G73233	3578
G73234	3579
G73235	3580
G73236	3581
G73237	3582
G73238	3583
G73239	3584
G73240	3585
G73241	3586
G73242	3587
G73243	3588,3589
G73244	3590
G73245	3591
G73246	3592
G73247	3593
G73248	3594
G73249	3595
G73250	3596
G73251	3597
G73252	3600
G73253	3601
G73254	3602
G73255	3603
G73256	3604
G73257	3605
G73258	3606
G73259	3607
G73260	3609
G73261	3611
G73262	3612
G73263	3613
G73264	3614
G73265	3615
G73266	3616
G73267	3618
G73268	3620
G73269	3621
G73270	3622
G73271	3623
G73272	3624
G73273	3625
G73274	3626
G73275	3627
G73276	3628
G73277	3629
G73278	3630
G73279	3631
G73280	3632
G73281	3633
G73282	3634
G73283	3636
G73284	3635
G73285	3637
G73286	3638
G73287	3639
G73288	3640
G73289	3641
G73290	3643
G73291	3644
G73292	3645
G73293	3646
G73294	3647
G73295	3648
G73296	3649
G73297	3650
G73298	3652
G73299	3653
G73300	3654
G73301	3655
G73302	3656
G73303	3657
G73304	3658
G73305	3659
G73306	3660
G73307	3661
G73308	3662
G73309	3663
G73310	3664
G73311	3665
G73312	3666
G73313	3667
G73314	3670
G73315	3668
G73316	3669
G73317	3671
G73318	3672
G73319	3673
G73320	3674
G73321	3675
G73322	3676
G73323	3677
G73324	3678
G73325	3679
G73326	3680
G73327	3681
G73328	3682
G73329	3683
G73330	3684
G73331	3685
G73332	3688
G73333	3689
G73334	3690
G73335	3691
G73336	3693
G73337	3695
G73338	3696
G73339	3697
G73340	3698
G73341	3699
G73342	3700
G73343	3701
G73344	3702
G73345	3703
G73346	3704
G73347	3707
G73348	3709
G73349	3710
G73350	3711
G73351	3714
G73352	3715
G73353	3716
G73354	3717
G73355	3718
G73356	3720
G73357	3721
G73358	3722
G73359	3723
G73360	3724
G73361	3725
G73362	3726
G73363	3727
G73364	3728
G73365	3729
G73366	3730
G73367	3731
G73368	3732
G73369	3735
G73370	3733
G73371	3734
G73372	3738
G73373	3739
G73374	3740
G73375	3742
G73376	3744
G73377	3745
G73378	3748
G73379	3749
G73380	3750
G73381	3751
G73382	3752
G73383	3753
G73384	3754
G73385	3755
G73386	3756
G73387	3757
G73388	3758
G73389	3759
G73390	3760
G73391	3761
G73392	3762
G73393	3763
G73394	3764
G73395	3765
G73396	3767
G73397	3768
G73398	3769
G73399	3770
G73400	3771
G73401	3772
G73402	3773
G73403	3774
G73404	3775
G73405	3776
G73406	3777
G73407	3780
G73408	3781
G73409	3782
G73410	3783
G73411	3784
G73412	3785
G73413	3786
G73414	3787
G73415	3788
G73416	3789
G73417	3790
G73418	3791
G73419	3792
G73420	3793
G73421	3794
G73422	3795
G73423	3796
G73424	3798
G73425	3799
G73426	3800
G73427	3801
G73428	3802
G73429	3803
G73430	3804
G73431	3805
G73432	3741,3806
G73433	3807
G73434	3808
G73435	3809
G73436	3810
G73437	3811
G73438	3812
G73439	3813
G73440	3814
G73441	3815
G73442	3816
G73443	3817
G73444	3818
G73445	3819
G73446	3820
G73447	3821
G73448	3822
G73449	3825
G73450	3826
G73451	3827
G73452	3828
G73453	3829
G73454	3830
G73455	3831
G73456	3832
G73457	3833
G73458	3834
G73459	3836
G73460	3837
G73461	3838
G73462	3839
G73463	3840
G73464	3841
G73465	3842
G73466	3843
G73467	3844
G73468	3845
G73469	3847
G73470	3848
G73471	3849
G73472	3850
G73473	3851
G73474	3852
G73475	3853
G73476	3854
G73477	3855
G73478	3856
G73479	3857
G73480	3858
G73481	3859
G73482	3860
G73483	3861
G73484	3862
G73485	3863
G73486	3864
G73487	3865
G73488	3866
G73489	3867
G73490	3868
G73491	3869
G73492	3871
G73493	3872
G73494	3873
G73495	3874
G73496	3875
G73497	3876
G73498	3877
G73499	3880
G73500	3881
G73501	3882
G73502	3883,3887
G73503	3884
G73504	3885
G73505	3886
G73506	3888
G73507	3890
G73508	3891
G73509	3892
G73510	3893
G73511	3897
G73512	3898
G73513	3899
G73514	3900
G73515	3901
G73516	3902
G73517	3903
G73518	3904
G73519	3905
G73520	3906
G73521	3907
G73522	3908
G73523	3909
G73524	3910
G73525	3911
G73526	3912
G73527	3913
G73528	3914
G73529	3915
G73530	3916
G73531	3917
G73532	3918
G73533	3920
G73534	3921
G73535	3923
G73536	3924
G73537	3925
G73538	3926
G73539	3927
G73540	3928
G73541	3929
G73542	3930
G73543	3931
G73544	3932
G73545	3933
G73546	3934
G73547	3935
G73548	3937
G73549	3938
G73550	3939
G73551	3940
G73552	3941
G73553	3942
G73554	3943
G73555	3944
G73556	3945
G73557	3946
G73558	3947
G73559	3948
G73560	3949
G73561	3950
G73562	3951
G73563	3952
G73564	3953
G73565	3954
G73566	3955
G73567	3956
G73568	3957
G73569	3958
G73570	3959
G73571	3960
G73572	3961
G73573	3962
G73574	3963
G73575	3964
G73576	3965
G73577	3966
G73578	3967
G73579	3968
G73580	3969
G73581	3970
G73582	3971
G73583	3972
G73584	3973
G73585	3974
G73586	3975
G73587	3976
G73588	3977
G73589	3978
G73590	3979
G73591	3980
G73592	3981
G73593	3982
G73594	3983
G73595	3984
G73596	3986
G73597	3987
G73598	3988
G73599	3990
G73600	3991
G73601	3992
G73602	3993
G73603	3994
G73604	3995
G73605	3996
G73606	3997
G73607	3998
G73608	3999
G73609	4001
G73610	4002
G73611	4003
G73612	4004
G73613	4005
G73614	4006
G73615	4008
G73616	4009
G73617	4010
G73618	4011
G73619	4012
G73620	4014
G73621	4015
G73622	4017
G73623	4018
G73624	4019
G73625	4020
G73626	4021
G73627	4022
G73628	4024
G73629	4024
G73630	4023
G73631	4025
G73632	4026
G73633	4027
G73634	4028
G73635	4029
G73636	4030
G73637	4031
G73638	4033
G73639	4034
G73640	4036
G73641	4037
G73642	4038
G73643	4039
G73644	4040
G73645	4041
G73646	4042
G73647	4043
G73648	4044
G73649	4045
G73650	4046
G73651	4047
G73652	4048
G73653	4049
G73654	4050
G73655	4051
G73656	4052
G73657	4053
G73658	4054
G73659	4055
G73660	4056
G73661	4057
G73662	4058
G73663	4059
G73664	4061
G73665	4062
G73666	4063
G73667	4065
G73668	4066
G73669	4067
G73670	4068
G73671	4069
G73672	4071
G73673	4072
G73674	4074
G73675	4075
G73676	4076
G73677	4077
G73678	4078
G73679	4079
G73680	4080
G73681	4081
G73682	4082
G73683	4083
G73684	4084
G73685	4085
G73686	4086
G73687	4087
G73688	4089
G73689	4090
G73690	4091
G73691	4093
G73692	4094
G73693	4095
G73694	4096
G73695	4097
G73696	4098
G73697	4099
G73698	4101
G73699	4103
G73700	4106
G73701	4107
G73702	4108
G73703	4109
G73704	4110
G73705	4111
G73706	4112
G73707	4114
G73708	4116
G73709	4117
G73710	4118
G73711	4119
G73712	4120
G73713	4121
G73714	4122
G73715	4123
G73716	4124
G73717	4125
G73718	4126
G73719	4127
G73720	4128
G73721	4129
G73722	4130
G73723	4132
G73724	4133
G73725	4134
G73726	4135
G73727	4136
G73728	4137
G73729	4138
G73730	4140
G73731	4141
G73732	4142
G73733	4143
G73734	4144
G73735	4145
G73736	4146
G73737	4147
G73738	4148
G73739	4149
G73740	4151
G73741	4152
G73742	4154
G73743	4155
G73744	4156
G73745	4157
G73746	4158
G73747	4159
G73748	4160
G73749	4161
G73750	4162
G73751	4163
G73752	4164
G73753	4165
G73754	4168
G73755	4166
G73756	4169
G73757	4170
G73758	4171
G73759	4172
G73760	4174
G73761	4175
G73762	4176
G73763	4177
G73764	4178
G73765	4179
G73766	4180,4181
G73767	4181
G73768	4182
G73769	4183
G73770	4184
G73771	4185
G73772	4186
G73773	4187
G73774	4189
G73775	4190
G73776	4191
G73777	4192
G73778	4193
G73779	4194
G73780	4195
G73781	4196
G73782	4197
G73783	4199
G73784	4200
G73785	4202
G73786	4203
G73787	4204
G73788	4205
G73789	4206
G73790	4207
G73791	4208
G73792	4209
G73793	4210
G73794	4211
G73795	4212
G73796	4213
G73797	4214
G73798	4215
G73799	4216
G73800	4217
G73801	4218
G73802	4219
G73803	4220
G73804	4221
G73805	4222
G73806	4223
G73807	4224,4225
G73808	4226
G73809	4227
G73810	4228
G73811	4229
G73812	4230
G73813	4231
G73814	4232
G73815	4233
G73816	4234
G73817	4235
G73818	4236
G73819	4237
G73820	4239
G73821	4240
G73822	4241
G73823	4242
G73824	4243
G73825	4244
G73826	4245
G73827	4246
G73828	4247
G73829	4248
G73830	4249
G73831	4250
G73832	4251
G73833	4252
G73834	4253
G73835	4255
G73836	4256
G73837	4257
G73838	4258
G73839	4259
G73840	4260
G73841	4261
G73842	4262
G73843	4263
G73844	4264
G73845	4265
G73846	4266
G73847	4267
G73848	4268
G73849	4269
G73850	4270
G73851	4272
G73852	4273
G73853	4275
G73854	4277
G73855	4278
G73856	4279
G73857	4280
G73858	4281
G73859	4282
G73860	4283
G73861	4284
G73862	4286
G73863	4287
G73864	4288
G73865	4289
G73866	4290
G73867	4291
G73868	4292
G73869	4293
G73870	4294
G73871	4295
G73872	4296
G73873	4297
G73874	4298
G73875	4299
G73876	4300
G73877	4301
G73878	4304
G73879	4305
G73880	4306
G73881	4307
G73882	4308
G73883	4309
G73884	4310
G73885	4311
G73886	4312
G73887	4313
G73888	4314
G73889	4315
G73890	4316
G73891	4317
G73892	4318
G73893	4319
G73894	4320
G73895	4321
G73896	4322
G73897	4324
G73898	4325
G73899	4326
G73900	4328
G73901	4329
G73902	4330
G73903	4331
G73904	4332
G73905	4333
G73906	4334
G73907	4335
G73908	4337
G73909	4338
G73910	4339
G73911	4340
G73912	4341
G73913	4342
G73914	4343
G73915	4344
G73916	4345
G73917	4346
G73918	4347
G73919	4348
G73920	4351
G73921	4352
G73922	4353
G73923	4354
G73924	4355
G73925	4356
G73926	4357
G73927	4358
G73928	4359
G73929	4360
G73930	4361
G73931	4362
G73932	4363
G73933	4364
G73934	4365
G73935	4366
G73936	4367
G73937	4368
G73938	4369
G73939	4370
G73940	4371
G73941	4372
G73942	4373
G73943	4374
G73944	4375
G73945	4376
G73946	4377
G73947	4378
G73948	4379
G73949	4380
G73950	4381
G73951	4382
G73952	4383
G73953	4384
G73954	4385
G73955	4388
G73956	4389
G73957	4390
G73958	4391
G73959	4393
G73960	4394
G73961	4395
G73962	4396
G73963	4397
G73964	4398
G73965	4399
G73966	4400
G73967	4402
G73968	4403
G73969	4404
G73970	4405
G73971	4406
G73972	4407
G73973	4409
G73974	4410
G73975	4411
G73976	4413
G73977	4412
G73978	4414
G73979	4415
G73980	4417
G73981	4418
G73982	4419
G73983	4420
G73984	4421
G73985	4422
G73986	4423
G73987	4424
G73988	4425
G73989	4426
G73990	4427
G73991	4428
G73992	4429
G73993	4430
G73994	4431
G73995	4432
G73996	4433
G73997	4434
G73998	4435
G73999	4436
G74000	4437
G74001	4438
G74002	4439
G74003	4440
G74004	4441
G74005	4442
G74006	4443
G74007	4444
G74008	4445
G74009	4446
G74010	4447
G74011	4448
G74012	4449
G74013	4450
G74014	4453
G74015	4454
G74016	4455
G74017	4456
G74018	4457
G74019	4458
G74020	4459
G74021	4460
G74022	4461
G74023	4462
G74024	4463
G74025	4464
G74026	4465
G74027	4466
G74028	4468
G74029	4470
G74030	4472
G74031	4473
G74032	4474
G74033	4475
G74034	4476
G74035	4477
G74036	4478
G74037	4479
G74038	4480
G74039	4481
G74040	4482
G74041	4483
G74042	4484
G74043	4484
G74044	4485
G74045	4486
G74046	4487
G74047	4488
G74048	4489
G74049	4490
G74050	4491
G74051	4494
G74052	4495
G74053	4497
G74054	4498
G74055	4499
G74056	4500
G74057	4501
G74058	4502
G74059	4503
G74060	4504
G74061	4505
G74062	4506
G74063	4507
G74064	4508
G74065	4509
G74066	4511
G74067	4512
G74068	4513
G74069	4514
G74070	4516
G74071	4517
G74072	4518
G74073	4519
G74074	4520
G74075	4521
G74076	4522
G74077	4523
G74078	4523
G74079	4525
G74080	4527
G74081	4528
G74082	4529
G74083	4530
G74084	4531
G74085	4532
G74086	4533
G74087	4534
G74088	4537
G74089	4536
G74090	4538
G74091	4539
G74092	4540
G74093	4541
G74094	4542
G74095	4543
G74096	4544
G74097	4545
G74098	4546
G74099	4547
G74100	4548
G74101	4549
G74102	4550
G74103	4551
G74104	4552
G74105	4555
G74106	4556
G74107	4557
G74108	4558
G74109	4559
G74110	4560
G74111	4561
G74112	4563
G74113	4564
G74114	4565
G74115	4566
G74116	4567
G74117	4568
G74118	4569
G74119	4570
G74120	4571
G74121	4572
G74122	4574
G74123	4575
G74124	4576
G74125	4577
G74126	4578
G74127	4579
G74128	4580
G74129	4581
G74130	4582
G74131	4583
G74132	4585
G74133	4586
G74134	4587
G74135	4588
G74136	4589
G74137	4590
G74138	4591
G74139	4592
G74140	4593
G74141	4594
G74142	4595
G74143	4596
G74144	4598
G74145	4599
G74146	4600
G74147	4601
G74148	4602
G74149	4603
G74150	4604
G74151	4605
G74152	4606
G74153	4607
G74154	4608
G74155	4609
G74156	4610
G74157	4611
G74158	4613
G74159	4614
G74160	4615
G74161	4616
G74162	4618
G74163	4619
G74164	4620
G74165	4621
G74166	4622
G74167	4623
G74168	4624
G74169	4625
G74170	4626
G74171	4627
G74172	4628
G74173	4629
G74174	4630
G74175	4632
G74176	4633
G74177	4634
G74178	4635
G74179	4636
G74180	4637
G74181	4638
G74182	4639
G74183	4640
G74184	4641
G74185	4642
G74186	4643
G74187	4644
G74188	4645
G74189	4646
G74190	4648
G74191	4650
G74192	4651
G74193	4653
G74194	4655
G74195	4656
G74196	4657
G74197	4659
G74198	4660
G74199	4661
G74200	4664
G74201	4665
G74202	4666
G74203	4667
G74204	4668
G74205	4669
G74206	4670
G74207	4672
G74208	4673
G74209	4674
G74210	4675
G74211	4676
G74212	4677
G74213	4679
G74214	4680
G74215	4681
G74216	4682
G74217	4683
G74218	4684
G74219	4685
G74220	4686
G74221	4687
G74222	4688
G74223	4689
G74224	4691
G74225	4693
G74226	4694
G74227	4695
G74228	4696
G74229	4698
G74230	4699
G74231	4700
G74232	4701
G74233	4702
G74234	4703,4704
G74235	4705
G74236	4706
G74237	4707
G74238	4708
G74239	4709
G74240	4710
G74241	4711
G74242	4712
G74243	4713
G74244	4714
G74245	4715
G74246	4717
G74247	4718
G74248	4719
G74249	4720
G74250	4721
G74251	4725
G74252	4727
G74253	4728
G74254	4729
G74255	4730
G74256	4731
G74257	4732
G74258	4733
G74259	4734
G74260	4735
G74261	4736
G74262	4737
G74263	4738
G74264	4739
G74265	4740
G74266	4741
G74267	4742
G74268	4743
G74269	4744
G74270	4745
G74271	4746
G74272	4748
G74273	4749
G74274	4750
G74275	4751
G74276	4752
G74277	4754
G74278	4755
G74279	4756
G74280	4757
G74281	4758
G74282	4759
G74283	4760
G74284	4761
G74285	4762
G74286	4763
G74287	4764
G74288	4765
G74289	4766
G74290	4767
G74291	4768
G74292	4769
G74293	4770
G74294	4771
G74295	4772
G74296	4773
G74297	4774
G74298	4775
G74299	4776
G74300	4777
G74301	4778
G74302	4780
G74303	4780
G74304	4781
G74305	4782
G74306	4783
G74307	4784
G74308	4785
G74309	4786
G74310	4787
G74311	4788
G74312	4789
G74313	4790
G74314	4791
G74315	4792
G74316	4793
G74317	4794
G74318	4795
G74319	4796
G74320	4797
G74321	4798
G74322	4799
G74323	4800
G74324	4801
G74325	4803
G74326	4802
G74327	4805
G74328	4806
G74329	4808
G74330	4810
G74331	4811
G74332	4812
G74333	4814
G74334	4815
G74335	4816
G74336	4818
G74337	4819
G74338	4820
G74339	4821
G74340	4822
G74341	4823
G74342	4824
G74343	4825
G74344	4827
G74345	4829
G74346	4830
G74347	4831
G74348	4832
G74349	4835
G74350	4836
G74351	4837
G74352	4838
G74353	4839
G74354	4840
G74355	4842
G74356	4843
G74357	4844
G74358	4845
G74359	4846
G74360	4847
G74361	4849
G74362	4850
G74363	4851
G74364	4852
G74365	4853
G74366	4855
G74367	4857
G74368	4858
G74369	4859
G74370	4860
G74371	4861
G74372	4863
G74373	4864
G74374	4865
G74375	4866
G74376	4868
G74377	4869
G74378	4871
G74379	4872
G74380	4873
G74381	4874
G74382	4876
G74383	4877
G74384	4878
G74385	4879
G74386	4880
G74387	4881
G74388	4882
G74389	4883
G74390	4884
G74391	4885
G74392	4886
G74393	4887
G74394	4887
G74395	4888
G74396	4889
G74397	4891
G74398	4892
G74399	4893
G74400	4894
G74401	4895
G74402	4896
G74403	4897
G74404	4899
G74405	4901
G74406	4902
G74407	4903
G74408	4904
G74409	4905
G74410	4907
G74411	4908
G74412	4909
G74413	4910
G74414	4911
G74415	4912
G74416	4913
G74417	4914
G74418	4915
G74419	4917
G74420	4918
G74421	4919
G74422	4920
G74423	4921
G74424	4922
G74425	4924
G74426	4925
G74427	4926
G74428	4928
G74429	4929
G74430	4930
G74431	4931
G74432	4932
G74433	4933
G74434	4934
G74435	4935
G74436	4936
G74437	4937
G74438	4939
G74439	4940
G74440	4941
G74441	4942
G74442	4943
G74443	4944
G74444	4946
G74445	4947
G74446	4948
G74447	4949
G74448	4950
G74449	4952
G74450	4953
G74451	4954
G74452	4955
G74453	4956
G74454	4957
G74455	4958
G74456	4960
G74457	4962
G74458	4963
G74459	4964
G74460	4965
G74461	4967
G74462	4968
G74463	4970
G74464	4971
G74465	4972
G74466	4973
G74467	4974
G74468	4975
G74469	4976
G74470	4976
G74471	4977
G74472	4978
G74473	4980
G74474	4981
G74475	4982
G74476	4983
G74477	4984
G74478	4985
G74479	4986
G74480	4988
G74481	4989
G74482	4990
G74483	4991
G74484	4992
G74485	4994
G74486	4995
G74487	4997
G74488	4998
G74489	4999
G74490	5002
G74491	5003
G74492	5004
G74493	5005
G74494	5006
G74495	5007
G74496	5008
G74497	5009
G74498	5010
G74499	5011
G74500	5012
G74501	5013
G74502	5014
G74503	5015
G74504	5016
G74505	5017
G74506	5018
G74507	5019
G74508	5020
G74509	5021
G74510	5022
G74511	5023
G74512	5024
G74513	5025
G74514	5026
G74515	5027
G74516	5028
G74517	5029
G74518	5031
G74519	5030
G74520	5032
G74521	5033
G74522	5034
G74523	5034
G74524	5035
G74525	5037
G74526	5038
G74527	5039
G74528	5040
G74529	5043
G74530	5044
G74531	5046
G74532	5047
G74533	5048
G74534	5048
G74535	5049
G74536	5050
G74537	5051
G74538	5052
G74539	5053
G74540	5054
G74541	5055
G74542	5056
G74543	5060
G74544	5057
G74545	5058
G74546	5059
G74547	5061
G74548	5062
G74549	5063
G74550	5064
G74551	5065
G74552	5066
G74553	5067
G74554	5068
G74555	5069
G74556	5070
G74557	5071
G74558	5072
G74559	5073
G74560	5074
G74561	5075
G74562	5076
G74563	5077
G74564	5078
G74565	5079
G74566	5080
G74567	5081
G74568	5082
G74569	5083
G74570	5084
G74571	5084
G74572	5085
G74573	5086
G74574	5087
G74575	5088
G74576	5089
G74577	5090
G74578	5091
G74579	5092
G74580	5093
G74581	5094
G74582	5095
G74583	5096
G74584	5097
G74585	5098
G74586	5099
G74587	5100
G74588	5101
G74589	5102
G74590	5103
G74591	5104
G74592	5105
G74593	5106
G74594	5107
G74595	5109
G74596	5108
G74597	5110
G74598	5111
G74599	5112
G74600	5113
G74601	5114
G74602	5115
G74603	5116
G74604	5117
G74605	5118
G74606	5119
G74607	5119
G74608	5121
G74609	5122
G74610	5123
G74611	5124
G74612	5125
G74613	5126
G74614	5127
G74615	5128
G74616	5129
G74617	5130
G74618	5131
G74619	5132
G74620	5133
G74621	5136
G74622	5137
G74623	5138
G74624	5139
G74625	5140
G74626	5141
G74627	5142
G74628	5144
G74629	5145
G74630	5146
G74631	5148
G74632	5149
G74633	5150
G74634	5151
G74635	5152
G74636	5153
G74637	5154
G74638	5155
G74639	5156
G74640	5157
G74641	5158
G74642	5159
G74643	5160
G74644	5161
G74645	5163
G74646	5164
G74647	5166
G74648	5167
G74649	5168
G74650	5169
G74651	5170
G74652	5171
G74653	5172
G74654	5173
G74655	5174
G74656	5175
G74657	5176
G74658	5177
G74659	5178
G74660	5180
G74661	5182
G74662	5183
G74663	5184
G74664	5186
G74665	5187
G74666	5188
G74667	5189
G74668	5190
G74669	5191
G74670	5192
G74671	5193
G74672	5194
G74673	5195
G74674	5196
G74675	5197
G74676	5198
G74677	5199
G74678	5200
G74679	5201
G74680	5202
G74681	5203
G74682	5204
G74683	5205
G74684	5206
G74685	5207
G74686	5208
G74687	5209
G74688	5210
G74689	5211
G74690	5212
G74691	5213
G74692	5214
G74693	5215
G74694	5217
G74695	5218
G74696	5219
G74697	5220
G74698	5221
G74699	5223
G74700	5224
G74701	5225
G74702	5227
G74703	5228
G74704	5229
G74705	5230
G74706	5231
G74707	5232
G74708	5233
G74709	5235
G74710	5236
G74711	5237
G74712	5238
G74713	5239
G74714	5241
G74715	5243
G74716	5242
G74717	5244
G74718	5245
G74719	5246
G74720	5247
G74721	5248
G74722	5249
G74723	5250
G74724	5251
G74725	5252
G74726	5253
G74727	5254
G74728	5255
G74729	5256
G74730	5257
G74731	5258
G74732	5259
G74733	5261
G74734	5262
G74735	5263
G74736	5264
G74737	5265
G74738	5267
G74739	5269
G74740	5270
G74741	5271
G74742	5272
G74743	5273
G74744	5274
G74745	5275
G74746	5277
G74747	5279
G74748	5278
G74749	5280
G74750	5281
G74751	5282
G74752	5283
G74753	5284
G74754	5287
G74755	5289
G74756	5291
G74757	5292
G74758	5293
G74759	5296
G74760	5298
G74761	5299
G74762	5300
G74763	5301
G74764	5302
G74765	5303
G74766	5304
G74767	5305
G74768	5306
G74769	5307
G74770	5308
G74771	5309
G74772	5310
G74773	5311
G74774	5312
G74775	5313
G74776	5314
G74777	5315
G74778	5316
G74779	5317
G74780	5317
G74781	5317
G74782	5319
G74783	5321
G74784	5322
G74785	5323
G74786	5324
G74787	5325
G74788	5326
G74789	5327
G74790	5328
G74791	5330
G74792	5332
G74793	5333
G74794	5334
G74795	5335
G74796	5337
G74797	5338
G74798	5339
G74799	5340
G74800	5341
G74801	5342
G74802	5343
G74803	5344
G74804	5345
G74805	5347
G74806	5348
G74807	5349
G74808	5350
G74809	5352
G74810	5353
G74811	5354
G74812	5355
G74813	5358
G74814	5359
G74815	5360
G74816	5361
G74817	5362
G74818	5364
G74819	5365
G74820	5366
G74821	5367
G74822	5368
G74823	5369
G74824	5370
G74825	5371
G74826	5372
G74827	5373
G74828	5374
G74829	5375
G74830	5376
G74831	5377
G74832	5379
G74833	5380
G74834	5381
G74835	5382
G74836	5383
G74837	5385
G74838	5386
G74839	5387
G74840	5388
G74841	5389
G74842	5390
G74843	5391
G74844	5392
G74845	5393
G74846	5394
G74847	5395
G74848	5396
G74849	5397
G74850	5398
G74851	5399
G74852	5400
G74853	5401
G74854	5403
G74855	5404
G74856	5405
G74857	5406
G74858	5407
G74859	5408
G74860	5409
G74861	5411
G74862	5412
G74863	5413
G74864	5414
G74865	5415
G74866	5416
G74867	5417
G74868	5418
G74869	5419
G74870	5420
G74871	5421
G74872	5423
G74873	5424
G74874	5425
G74875	5426
G74876	5427
G74877	5428
G74878	5429
G74879	5431
G74880	5432
G74881	5433
G74882	5434
G74883	5435
G74884	5436
G74885	5438
G74886	5439
G74887	5440
G74888	5441
G74889	5442
G74890	5441
G74891	5443
G74892	5444
G74893	5444
G74894	5445
G74895	5446
G74896	5447
G74897	5448
G74898	5449
G74899	5450
G74900	5451
G74901	5452
G74902	5454
G74903	5455
G74904	5456
G74905	5457
G74906	5458
G74907	5459
G74908	5460
G74909	5461
G74910	5462
G74911	5463
G74912	5464
G74913	5465
G74914	5467
G74915	5468
G74916	5469
G74917	5470
G74918	5472
G74919	5475
G74920	5476
G74921	5477
G74922	5478
G74923	5479
G74924	5480
G74925	5489
G74926	5490
G74927	5481
G74928	5482
G74929	5483
G74930	5484
G74931	5485
G74932	5487
G74933	5488
G74934	5491
G74935	5492
G74936	5493
G74937	5494
G74938	5495
G74939	5496
G74940	5498
G74941	5499
G74942	5500
G74943	5501
G74944	5502
G74945	5503
G74946	5504
G74947	5505
G74948	5506
G74949	5507
G74950	5508
G74951	5509
G74952	5510
G74953	5511
G74954	5512
G74955	5513
G74956	5514
G74957	5516
G74958	5515
G74959	5517
G74960	5518
G74961	5519
G74962	5521
G74963	5523
G74964	5524
G74965	5525
G74966	5526
G74967	5527
G74968	5528
G74969	5530
G74970	5532
G74971	5533
G74972	5534
G74973	5535
G74974	5536
G74975	5537
G74976	5538
G74977	5539
G74978	5540
G74979	5543
G74980	5544
G74981	5545
G74982	5546
G74983	5547
G74984	5548
G74985	5549
G74986	5550
G74987	5551
G74988	5552
G74989	5552
G74990	5554
G74991	5555
G74992	5556
G74993	5557
G74994	5558
G74995	5559
G74996	5560
G74997	5561
G74998	5562
G74999	5563
G75000	5563
G75001	5565
G75002	5566
G75003	5567
G75004	5567
G75005	5569
G75006	5570
G75007	5571
G75008	5572
G75009	5573
G75010	5574
G75011	5575
G75012	5576
G75013	5577
G75014	5579
G75015	5580
G75016	5581
G75017	5582
G75018	5583
G75019	5584
G75020	5585
G75021	5586
G75022	5587
G75023	5588
G75024	5589
G75025	5590
G75026	5592
G75027	5593
G75028	5594
G75029	5595
G75030	5596
G75031	5597
G75032	5598
G75033	5601
G75034	5602
G75035	5603
G75036	5604
G75037	5606
G75038	5605
G75039	5607
G75040	5608
G75041	5610
G75042	5611
G75043	5612
G75044	5613
G75045	5614
G75046	5615
G75047	5616
G75048	5617
G75049	5618
G75050	5619
G75051	5620
G75052	5621
G75053	5622
G75054	5623
G75055	5624
G75056	5625
G75057	5626
G75058	5627
G75059	5628
G75060	5629
G75061	5630
G75062	5631
G75063	5632
G75064	5633
G75065	5634
G75066	5635
G75067	5636
G75068	5637
G75069	5638
G75070	5639
G75071	5640
G75072	5641
G75073	5642
G75074	5643
G75075	5644
G75076	5645
G75077	5647
G75078	5649
G75079	5650
G75080	5651
G75081	5654
G75082	5655
G75083	5657
G75084	5658
G75085	5659
G75086	5660
G75087	5661
G75088	5662
G75089	5663
G75090	5664
G75091	5665
G75092	5666
G75093	5667
G75094	5668
G75095	5669
G75096	5670
G75097	5671
G75098	5672
G75099	5673
G75100	5674
G75101	5675
G75102	5676
G75103	5677
G75104	5678
G75105	5679
G75106	5680
G75107	5681
G75108	5682
G75109	5683
G75110	5686
G75111	5685
G75112	5687
G75113	5688
G75114	5689
G75115	5690
G75116	5691
G75117	5693
G75118	5694
G75119	5695
G75120	5696
G75121	5698
G75122	5699
G75123	5700
G75124	5701
G75125	5702
G75126	5703
G75127	5704
G75128	5705
G75129	5706
G75130	5707
G75131	5709
G75132	5710
G75133	5711
G75134	5712
G75135	5713
G75136	5714
G75137	5715
G75138	5716
G75139	5717
G75140	5718
G75141	5719
G75142	5720
G75143	5721
G75144	5722
G75145	5723
G75146	5724
G75147	5725
G75148	5727
G75149	5728
G75150	5729
G75151	5730
G75152	5731
G75153	5731
G75154	5733
G75155	5734
G75156	5735
G75157	5736
G75158	5737
G75159	5738
G75160	5739
G75161	5741
G75162	5742
G75163	5743
G75164	5744
G75165	5745
G75166	5746
G75167	5747
G75168	5748
G75169	5749
G75170	5750
G75171	5751
G75172	5752
G75173	5753
G75174	5754
G75175	5755
G75176	5756
G75177	5757
G75178	5758
G75179	5760
G75180	5761
G75181	5762
G75182	5763
G75183	5764
G75184	5765
G75185	5766
G75186	5767
G75187	5768
G75188	5770
G75189	5771
G75190	5772
G75191	5773
G75192	5774
G75193	5776
G75194	5777
G75195	5778
G75196	5779
G75197	5780
G75198	5781
G75199	5782
G75200	5783
G75201	5784
G75202	5785
G75203	5786
G75204	5787
G75205	5788
G75206	5789
G75207	5790
G75208	5791
G75209	5792
G75210	5793
G75211	5794
G75212	5795
G75213	5796
G75214	5797
G75215	5798
G75216	5799
G75217	5800
G75218	5801
G75219	5802
G75220	5803
G75221	5804
G75222	5805
G75223	5806
G75224	5807
G75225	5808
G75226	5809
G75227	5810
G75228	5811
G75229	5812
G75230	5813
G75231	5814
G75232	5815
G75233	5816
G75234	5817
G75235	5818
G75236	5819
G75237	5821
G75238	5823
G75239	5824
G75240	5825
G75241	5826
G75242	5827
G75243	5828,5830
G75244	5829
G75245	5831
G75246	5832
G75247	5833
G75248	5834
G75249	5836
G75250	5837
G75251	5838
G75252	5839
G75253	5840
G75254	5841
G75255	5842
G75256	5843
G75257	5844
G75258	5845
G75259	5847
G75260	5848
G75261	5849
G75262	5850
G75263	5851
G75264	5852
G75265	5853
G75266	5854
G75267	5855
G75268	5856
G75269	5857
G75270	5858
G75271	5859
G75272	5860
G75273	5861
G75274	5862
G75275	5863
G75276	5864
G75277	5865
G75278	5866
G75279	5867
G75280	5869
G75281	5870
G75282	5871
G75283	5872
G75284	5873
G75285	5874
G75286	5875
G75287	5876
G75288	5877
G75289	5878
G75290	5879
G75291	5880
G75292	5881
G75293	5882
G75294	5883
G75295	5884
G75296	5885
G75297	5886
G75298	5887
G75299	5888
G75300	5889
G75301	5890
G75302	5891
G75303	5892
G75304	5893
G75305	5894
G75306	5895
G75307	5897
G75308	5898
G75309	5899
G75310	5900
G75311	5901
G75312	5902
G75313	5903
G75314	5906
G75315	5907
G75316	5908
G75317	5909
G75318	5910
G75319	5911
G75320	5912
G75321	5913
G75322	5914
G75323	5915
G75324	5916
G75325	5917
G75326	5918
G75327	5919
G75328	5920
G75329	5921
G75330	5922
G75331	5923
G75332	5924
G75333	5925
G75334	5926
G75335	5927
G75336	5928
G75337	5929
G75338	5930
G75339	5931
G75340	5932
G75341	5933
G75342	5934
G75343	5935
G75344	5936
G75345	5937
G75346	5938
G75347	5939
G75348	5941
G75349	5942
G75350	5943
G75351	5944
G75352	5945
G75353	5946
G75354	5948
G75355	5949
G75356	5950
G75357	5951
G75358	5952
G75359	5954
G75360	5955
G75361	5956
G75362	5957
G75363	5958
G75364	5960
G75365	5961
G75366	5962
G75367	5963
G75368	5964
G75369	5965
G75370	5966
G75371	5967
G75372	5968
G75373	5970
G75374	5971
G75375	5973
G75376	5974
G75377	5975
G75378	5976
G75379	5977
G75380	5978
G75381	5979
G75382	5980
G75383	5981
G75384	5982
G75385	5983
G75386	5984
G75387	5985
G75388	5986
G75389	5987
G75390	5988
G75391	5989
G75392	5990
G75393	5991
G75394	5992
G75395	5993
G75396	5994
G75397	5995
G75398	5996
G75399	5997
G75400	5998
G75401	5999
G75402	6000
G75403	6001
G75404	6003
G75405	6004
G75406	6005
G75407	6006
G75408	6008
G75409	6010
G75410	6011
G75411	6012
G75412	6013
G75413	6014
G75414	6015
G75415	6016
G75416	6017
G75417	6018
G75418	6019
G75419	6020
G75420	6021
G75421	6022
G75422	6023
G75423	6024
G75424	6025
G75425	6026
G75426	6027
G75427	6028
G75428	6029
G75429	6030
G75430	6031
G75431	6032
G75432	6034
G75433	6035
G75434	6038
G75435	6036
G75436	6037
G75437	6039
G75438	6040
G75439	6041
G75440	6043
G75441	6042
G75442	6045
G75443	6046
G75444	6047
G75445	6048
G75446	6049
G75447	6050
G75448	6051
G75449	6052
G75450	6053
G75451	6054
G75452	6055
G75453	6057
G75454	6058
G75455	6059
G75456	6060
G75457	6061
G75458	6062
G75459	6063
G75460	6064
G75461	6065
G75462	6066
G75463	6067
G75464	6068
