G70001	[GKG2]
G70002	[GKG3]
G70003	[GKG4]
G70004	[GKG5]
G70005	[GKG6]
G70006	[GKG7]
G70007	[GKG8]
G70008	[GKG9]
G70009	[GKG10]
G70010	[GKG11]
G70011	[GKG12]
G70012	[GKG13]
G70013	[GKG14]
G70014	[GKG16]
G70015	[GKG17]
G70016	[GKG18]
G70017	[GKG19]
G70018	[GKG14]
G70019	[GKG20]
G70020	[GKG21]
G70021	[GKG22]
G70022	[GKG23]
G70023	[GKG24]
G70024	[GKG25]
G70025	[GKG26]
G70026	[GKG27]
G70027	[GKG28]
G70028	[GKG29]
G70029	[GKG30]
G70030	[GKG31]
G70031	[GKG32]
G70032	[GKG33]
G70033	[GKG34]
G70034	[GKG35]
G70035	[GKG35]
G70036	[GKG36]
G70037	[GKG37]
G70038	[GKG38]
G70039	[GKG39]
G70040	[GKG40]
G70041	[GKG41]
G70042	[GKG42]
G70043	[GKG43]
G70044	[GKG44]
G70045	[GKG45]
G70046	[GKG46]
G70047	[GKG47]
G70048	[GKG48]
G70049	[GKG49]
G70050	[GKG50]
G70051	[GKG51]
G70052	[GKG52]
G70053	[GKG53]
G70054	[GKG54]
G70055	[GKG55]
G70056	[GKG56]
G70057	[GKG57]
G70058	[GKG58]
G70059	[GKG59]
G70060	[GKG60]
G70061	[GKG61]
G70062	[GKG62]
G70063	[GKG63]
G70064	[GKG64]
G70065	[GKG65]
G70066	[GKG66]
G70067	[GKG67]
G70068	[GKG68]
G70069	[GKG69]
G70070	[GKG70]
G70071	[GKG71]
G70072	[GKG72]
G70073	[GKG73]
G70074	[GKG74]
G70075	[GKG75]
G70076	[GKG76]
G70077	[GKG77]
G70078	[GKG78]
G70079	[GKG79]
G70080	[GKG80]
G70081	[GKG81]
G70082	[GKG82]
G70083	[GKG83]
G70084	[GKG84]
G70085	[GKG85]
G70086	[GKG86]
G70087	[GKG87]
G70088	[GKG88]
G70089	[GKG89]
G70090	[GKG90]
G70091	[GKG92]
G70092	[GKG93]
G70093	[GKG94]
G70094	[GKG96]
G70095	[GKG97]
G70096	[GKG98]
G70097	[GKG99]
G70098	[GKG100]
G70099	[GKG101]
G70100	[GKG102]
G70101	[GKG103]
G70102	[GKG104]
G70103	[GKG105]
G70104	[GKG106]
G70105	[GKG107]
G70106	[GKG108]
G70107	[GKG109]
G70108	[GKG110]
G70109	[GKG111]
G70110	[GKG113]
G70111	[GKG114]
G70112	[GKG116]
G70113	[GKG117]
G70114	[GKG118]
G70115	[GKG119]
G70116	[GKG120]
G70117	[GKG121]
G70118	[GKG122]
G70119	[GKG123]
G70120	[GKG124]
G70121	[GKG125]
G70122	[GKG126]
G70123	[GKG127]
G70124	[GKG128]
G70125	[GKG129]
G70126	[GKG130]
G70127	[GKG131]
G70128	[GKG132]
G70129	[GKG133]
G70130	[GKG134]
G70131	[GKG135]
G70132	[GKG136]
G70133	[GKG137]
G70134	[GKG138]
G70135	[GKG139]
G70136	[GKG140]
G70137	[GKG141]
G70138	[GKG142]
G70139	[GKG143]
G70140	[GKG145]
G70141	[GKG146]
G70142	[GKG147]
G70143	[GKG148]
G70144	[GKG149]
G70145	[GKG150]
G70146	[GKG151]
G70147	[GKG152]
G70148	[GKG153]
G70149	[GKG154]
G70150	[GKG155]
G70151	[GKG156]
G70152	[GKG157]
G70153	[GKG158]
G70154	[GKG159]
G70155	[GKG160]
G70156	[GKG161]
G70157	[GKG162]
G70158	[GKG165]
G70159	[GKG165]
G70160	[GKG166]
G70161	[GKG167]
G70162	[GKG168]
G70163	[GKG169]
G70164	[GKG170]
G70165	[GKG171]
G70166	[GKG172]
G70167	[GKG173]
G70168	[GKG174]
G70169	[GKG176]
G70170	[GKG177]
G70171	[GKG178]
G70172	[GKG179]
G70173	[GKG180]
G70174	[GKG181]
G70175	[GKG182]
G70176	[GKG183]
G70177	[GKG184]
G70178	[GKG185]
G70179	[GKG186]
G70180	[GKG188]
G70181	[GKG189]
G70182	[GKG190]
G70183	[GKG192]
G70184	[GKG193]
G70185	[GKG195]
G70186	[GKG196]
G70187	[GKG197]
G70188	[GKG198]
G70189	[GKG199]
G70190	[GKG201]
G70191	[GKG202]
G70192	[GKG203]
G70193	[GKG204]
G70194	[GKG205]
G70195	[GKG209]
G70196	[GKG207]
G70197	[GKG208]
G70198	[GKG209]
G70199	[GKG210]
G70200	[GKG211]
G70201	[GKG212]
G70202	[GKG213]
G70203	[GKG214]
G70204	[GKG215]
G70205	[GKG216]
G70206	[GKG217]
G70207	[GKG218]
G70208	[GKG219]
G70209	[GKG220]
G70210	[GKG221]
G70211	[GKG222]
G70212	[GKG223]
G70213	[GKG224]
G70214	[GKG225]
G70215	[GKG226]
G70216	[GKG227]
G70217	[GKG228]
G70218	[GKG229]
G70219	[GKG230]
G70220	[GKG231]
G70221	[GKG232]
G70222	[GKG233]
G70223	[GKG234]
G70224	[GKG235]
G70225	[GKG236]
G70226	[GKG237]
G70227	[GKG238]
G70228	[GKG239]
G70229	[GKG240]
G70230	[GKG241]
G70231	[GKG242]
G70232	[GKG243]
G70233	[GKG244]
G70234	[GKG245]
G70235	[GKG246]
G70236	[GKG247]
G70237	[GKG248]
G70238	[GKG249]
G70239	[GKG250]
G70240	[GKG251]
G70241	[GKG252]
G70242	[GKG253]
G70243	[GKG254]
G70244	[GKG256]
G70245	[GKG257]
G70246	[GKG258]
G70247	[GKG259]
G70248	[GKG260]
G70249	[GKG261]
G70250	[GKG262]
G70251	[GKG263]
G70252	[GKG264]
G70253	[GKG266]
G70254	[GKG267]
G70255	[GKG268]
G70256	[GKG269]
G70257	[GKG270]
G70258	[GKG271]
G70259	[GKG272]
G70260	[GKG273]
G70261	[GKG274]
G70262	[GKG275]
G70263	[GKG276]
G70264	[GKG277]
G70265	[GKG278]
G70266	[GKG279]
G70267	[GKG280]
G70268	[GKG281]
G70269	[GKG282]
G70270	[GKG283]
G70271	[GKG285]
G70272	[GKG286]
G70273	[GKG287]
G70274	[GKG288]
G70275	[GKG289]
G70276	[GKG290]
G70277	[GKG291]
G70278	[GKG292]
G70279	[GKG293]
G70280	[GKG294]
G70281	[GKG295]
G70282	[GKG296]
G70283	[GKG297]
G70284	[GKG298]
G70285	[GKG299]
G70286	[GKG300]
G70287	[GKG302]
G70288	[GKG303]
G70289	[GKG304]
G70290	[GKG306]
G70291	[GKG307]
G70292	[GKG308]
G70293	[GKG309]
G70294	[GKG310]
G70295	[GKG314]
G70296	[GKG311]
G70297	[GKG312]
G70298	[GKG313], [GKG314]
G70299	[GKG315]
G70300	[GKG316]
G70301	[GKG317]
G70302	[GKG318]
G70303	[GKG319]
G70304	[GKG320]
G70305	[GKG322]
G70306	[GKG323]
G70307	[GKG324]
G70308	[GKG325]
G70309	[GKG326]
G70310	[GKG327]
G70311	[GKG328]
G70312	[GKG329]
G70313	[GKG330]
G70314	[GKG331]
G70315	[GKG332]
G70316	[GKG333]
G70317	[GKG334]
G70318	[GKG335]
G70319	[GKG336]
G70320	[GKG337]
G70321	[GKG338]
G70322	[GKG339]
G70323	[GKG340]
G70324	[GKG341]
G70325	[GKG342]
G70326	[GKG343]
G70327	[GKG344]
G70328	[GKG345]
G70329	[GKG346]
G70330	[GKG347]
G70331	[GKG348]
G70332	[GKG349]
G70333	[GKG350]
G70334	[GKG351]
G70335	[GKG352]
G70336	[GKG353]
G70337	[GKG354]
G70338	[GKG355]
G70339	[GKG357]
G70340	[GKG358]
G70341	[GKG359]
G70342	[GKG360]
G70343	[GKG361]
G70344	[GKG362]
G70345	[GKG363]
G70346	[GKG364]
G70347	[GKG365]
G70348	[GKG366]
G70349	[GKG367]
G70350	[GKG368]
G70351	[GKG369]
G70352	[GKG371]
G70353	[GKG373]
G70354	[GKG374]
G70355	[GKG376]
G70356	[GKG377]
G70357	[GKG378]
G70358	[GKG379]
G70359	[GKG381]
G70360	[GKG382]
G70361	[GKG383]
G70362	[GKG385]
G70363	[GKG386]
G70364	[GKG388]
G70365	[GKG389]
G70366	[GKG390]
G70367	[GKG391]
G70368	[GKG392]
G70369	[GKG393]
G70370	[GKG394]
G70371	[GKG395]
G70372	[GKG396]
G70373	[GKG397]
G70374	[GKG398]
G70375	[GKG399]
G70376	[GKG400]
G70377	[GKG402]
G70378	[GKG403]
G70379	[GKG401]
G70380	[GKG404]
G70381	[GKG405]
G70382	[GKG406]
G70383	[GKG408]
G70384	[GKG409]
G70385	[GKG410]
G70386	[GKG411]
G70387	[GKG412]
G70388	[GKG413]
G70389	[GKG414]
G70390	[GKG415]
G70391	[GKG416]
G70392	[GKG417]
G70393	[GKG418]
G70394	[GKG419]
G70395	[GKG421]
G70396	[GKG422]
G70397	[GKG423]
G70398	[GKG424]
G70399	[GKG426]
G70400	[GKG427]
G70401	[GKG428]
G70402	[GKG429]
G70403	[GKG430]
G70404	[GKG431]
G70405	[GKG432]
G70406	[GKG433]
G70407	[GKG434]
G70408	[GKG435]
G70409	[GKG436]
G70410	[GKG437]
G70411	[GKG438]
G70412	[GKG439]
G70413	[GKG441]
G70414	[GKG442]
G70415	[GKG443]
G70416	[GKG444]
G70417	[GKG445]
G70418	[GKG446]
G70419	[GKG447]
G70420	[GKG448]
G70421	[GKG449]
G70422	[GKG450]
G70423	[GKG451]
G70424	[GKG452]
G70425	[GKG453]
G70426	[GKG454]
G70427	[GKG455]
G70428	[GKG456]
G70429	[GKG457]
G70430	[GKG458]
G70431	[GKG459]
G70432	[GKG460]
G70433	[GKG461]
G70434	[GKG462]
G70435	[GKG463]
G70436	[GKG464]
G70437	[GKG465]
G70438	[GKG466]
G70439	[GKG467]
G70440	[GKG468]
G70441	[GKG469]
G70442	[GKG470]
G70443	[GKG471]
G70444	[GKG472]
G70445	[GKG473]
G70446	[GKG474]
G70447	[GKG475]
G70448	[GKG476]
G70449	[GKG478]
G70450	[GKG479]
G70451	[GKG481]
G70452	[GKG482]
G70453	[GKG483]
G70454	[GKG484]
G70455	[GKG485]
G70456	[GKG486]
G70457	[GKG487]
G70458	[GKG488]
G70459	[GKG489]
G70460	[GKG490]
G70461	[GKG491]
G70462	[GKG492]
G70463	[GKG494]
G70464	[GKG495]
G70465	[GKG496]
G70466	[GKG497]
G70467	[GKG498]
G70468	[GKG499]
G70469	[GKG500]
G70470	[GKG501]
G70471	[GKG502]
G70472	[GKG503]
G70473	[GKG504]
G70474	[GKG505]
G70475	[GKG506]
G70476	[GKG507]
G70477	[GKG508]
G70478	[GKG509]
G70479	[GKG510]
G70480	[GKG511]
G70481	[GKG512]
G70482	[GKG513]
G70483	[GKG514]
G70484	[GKG515]
G70485	[GKG516]
G70486	[GKG517]
G70487	[GKG518]
G70488	[GKG519]
G70489	[GKG520]
G70490	[GKG521]
G70491	[GKG522]
G70492	[GKG523]
G70493	[GKG524]
G70494	[GKG525]
G70495	[GKG526]
G70496	[GKG527]
G70497	[GKG528]
G70498	[GKG529]
G70499	[GKG530]
G70500	[GKG531]
G70501	[GKG532]
G70502	[GKG533]
G70503	[GKG534]
G70504	[GKG535]
G70505	[GKG536]
G70506	[GKG537]
G70507	[GKG538]
G70508	[GKG539]
G70509	[GKG540]
G70510	[GKG541]
G70511	[GKG542]
G70512	[GKG542]
G70513	[GKG543]
G70514	[GKG544]
G70515	[GKG545]
G70516	[GKG546]
G70517	[GKG547]
G70518	[GKG548]
G70519	[GKG550]
G70520	[GKG551]
G70521	[GKG552]
G70522	[GKG553]
G70523	[GKG554]
G70524	[GKG555]
G70525	[GKG556]
G70526	[GKG557]
G70527	[GKG558]
G70528	[GKG559]
G70529	[GKG560]
G70530	[GKG561]
G70531	[GKG562]
G70532	[GKG563]
G70533	[GKG564]
G70534	[GKG565]
G70535	[GKG568]
G70536	[GKG569]
G70537	[GKG570]
G70538	[GKG572]
G70539	[GKG573]
G70540	[GKG574]
G70541	[GKG575]
G70542	[GKG577]
G70543	[GKG578]
G70544	[GKG579]
G70545	[GKG580]
G70546	[GKG581]
G70547	[GKG582], [GKG583]
G70548	[GKG584]
G70549	[GKG585]
G70550	[GKG586]
G70551	[GKG587]
G70552	[GKG588]
G70553	[GKG589]
G70554	[GKG590]
G70555	[GKG591]
G70556	[GKG592]
G70557	[GKG593]
G70558	[GKG594]
G70559	[GKG595]
G70560	[GKG596]
G70561	[GKG597]
G70562	[GKG598]
G70563	[GKG599]
G70564	[GKG600]
G70565	[GKG601]
G70566	[GKG602]
G70567	[GKG603]
G70568	[GKG605]
G70569	[GKG606]
G70570	[GKG607]
G70571	[GKG608]
G70572	[GKG609]
G70573	[GKG610]
G70574	[GKG611]
G70575	[GKG612]
G70576	[GKG613]
G70577	[GKG614]
G70578	[GKG615]
G70579	[GKG616]
G70580	[GKG617]
G70581	[GKG618]
G70582	[GKG620]
G70583	[GKG621]
G70584	[GKG622]
G70585	[GKG623]
G70586	[GKG624]
G70587	[GKG625]
G70588	[GKG626]
G70589	[GKG627]
G70590	[GKG628]
G70591	[GKG629]
G70592	[GKG630]
G70593	[GKG631]
G70594	[GKG632]
G70595	[GKG633]
G70596	[GKG635]
G70597	[GKG636]
G70598	[GKG637]
G70599	[GKG638]
G70600	[GKG639]
G70601	[GKG640]
G70602	[GKG641]
G70603	[GKG642]
G70604	[GKG643]
G70605	[GKG644]
G70606	[GKG645]
G70607	[GKG646]
G70608	[GKG647]
G70609	[GKG648]
G70610	[GKG649]
G70611	[GKG650]
G70612	[GKG652]
G70613	[GKG653]
G70614	[GKG655]
G70615	[GKG656]
G70616	[GKG657]
G70617	[GKG660]
G70618	[GKG661]
G70619	[GKG662]
G70620	[GKG663]
G70621	[GKG664]
G70622	[GKG665]
G70623	[GKG666]
G70624	[GKG667]
G70625	[GKG668]
G70626	[GKG669]
G70627	[GKG671]
G70628	[GKG672]
G70629	[GKG674]
G70630	[GKG675]
G70631	[GKG676]
G70632	[GKG678]
G70633	[GKG679]
G70634	[GKG680]
G70635	[GKG681]
G70636	[GKG682]
G70637	[GKG684]
G70638	[GKG685]
G70639	[GKG686]
G70640	[GKG687]
G70641	[GKG689]
G70642	[GKG690]
G70643	[GKG691]
G70644	[GKG692]
G70645	[GKG693]
G70646	[GKG694]
G70647	[GKG695]
G70648	[GKG696]
G70649	[GKG697]
G70650	[GKG698]
G70651	[GKG699]
G70652	[GKG700]
G70653	[GKG701]
G70654	[GKG702]
G70655	[GKG703]
G70656	[GKG704]
G70657	[GKG705]
G70658	[GKG706]
G70659	[GKG707]
G70660	[GKG708]
G70661	[GKG709]
G70662	[GKG710]
G70663	[GKG711]
G70664	[GKG712]
G70665	[GKG713]
G70666	[GKG714]
G70667	[GKG715]
G70668	[GKG716]
G70669	[GKG717]
G70670	[GKG718]
G70671	[GKG719]
G70672	[GKG720]
G70673	[GKG721]
G70674	[GKG722]
G70675	[GKG723]
G70676	[GKG724]
G70677	[GKG725]
G70678	[GKG726]
G70679	[GKG727]
G70680	[GKG728]
G70681	[GKG730]
G70682	[GKG731]
G70683	[GKG732]
G70684	[GKG733]
G70685	[GKG734]
G70686	[GKG736]
G70687	[GKG737]
G70688	[GKG738]
G70689	[GKG739]
G70690	[GKG740]
G70691	[GKG741]
G70692	[GKG742]
G70693	[GKG743]
G70694	[GKG744]
G70695	[GKG745]
G70696	[GKG746]
G70697	[GKG748]
G70698	[GKG749]
G70699	[GKG750]
G70700	[GKG751]
G70701	[GKG752]
G70702	[GKG753]
G70703	[GKG754]
G70704	[GKG755]
G70705	[GKG756]
G70706	[GKG757]
G70707	[GKG758]
G70708	[GKG759]
G70709	[GKG761]
G70710	[GKG762]
G70711	[GKG764]
G70712	[GKG765]
G70713	[GKG766]
G70714	[GKG767]
G70715	[GKG768]
G70716	[GKG769]
G70717	[GKG770]
G70718	[GKG771]
G70719	[GKG772]
G70720	[GKG773]
G70721	[GKG774]
G70722	[GKG775]
G70723	[GKG777]
G70724	[GKG779]
G70725	[GKG780]
G70726	[GKG781]
G70727	[GKG782]
G70728	[GKG783]
G70729	[GKG784]
G70730	[GKG785]
G70731	[GKG786]
G70732	[GKG787]
G70733	[GKG788]
G70734	[GKG789]
G70735	[GKG790]
G70736	[GKG791]
G70737	[GKG792]
G70738	[GKG793]
G70739	[GKG794]
G70740	[GKG795]
G70741	[GKG796]
G70742	[GKG797]
G70743	[GKG799]
G70744	[GKG800]
G70745	[GKG801]
G70746	[GKG802]
G70747	[GKG803]
G70748	[GKG804]
G70749	[GKG806]
G70750	[GKG807]
G70751	[GKG808]
G70752	[GKG810]
G70753	[GKG811]
G70754	[GKG812]
G70755	[GKG813]
G70756	[GKG814]
G70757	[GKG815]
G70758	[GKG816]
G70759	[GKG817]
G70760	[GKG818]
G70761	[GKG819]
G70762	[GKG820]
G70763	[GKG821]
G70764	[GKG822]
G70765	[GKG823]
G70766	[GKG824]
G70767	[GKG825]
G70768	[GKG826]
G70769	[GKG827]
G70770	[GKG828]
G70771	[GKG829]
G70772	[GKG830]
G70773	[GKG831]
G70774	[GKG832]
G70775	[GKG833]
G70776	[GKG834]
G70777	[GKG835]
G70778	[GKG836]
G70779	[GKG837]
G70780	[GKG839]
G70781	[GKG840]
G70782	[GKG841]
G70783	[GKG842]
G70784	[GKG843]
G70785	[GKG844]
G70786	[GKG845]
G70787	[GKG846]
G70788	[GKG847]
G70789	[GKG848]
G70790	[GKG849]
G70791	[GKG850]
G70792	[GKG851]
G70793	[GKG852]
G70794	[GKG853]
G70795	[GKG854]
G70796	[GKG855]
G70797	[GKG856]
G70798	[GKG857]
G70799	[GKG858]
G70800	[GKG859]
G70801	[GKG860]
G70802	[GKG861]
G70803	[GKG862]
G70804	[GKG863]
G70805	[GKG864]
G70806	[GKG865]
G70807	[GKG866]
G70808	[GKG867]
G70809	[GKG868]
G70810	[GKG869]
G70811	[GKG871]
G70812	[GKG872]
G70813	[GKG874]
G70814	[GKG875]
G70815	[GKG876]
G70816	[GKG877]
G70817	[GKG878]
G70818	[GKG879]
G70819	[GKG880]
G70820	[GKG881]
G70821	[GKG882]
G70822	[GKG883]
G70823	[GKG884]
G70824	[GKG885]
G70825	[GKG886]
G70826	[GKG887]
G70827	[GKG888]
G70828	[GKG889]
G70829	[GKG890]
G70830	[GKG891]
G70831	[GKG892]
G70832	[GKG893]
G70833	[GKG894]
G70834	[GKG895]
G70835	[GKG896]
G70836	[GKG897]
G70837	[GKG898]
G70838	[GKG899]
G70839	[GKG899]
G70840	[GKG901]
G70841	[GKG902]
G70842	[GKG903]
G70843	[GKG904]
G70844	[GKG905]
G70845	[GKG906]
G70846	[GKG907]
G70847	[GKG908]
G70848	[GKG909]
G70849	[GKG910]
G70850	[GKG911]
G70851	[GKG912]
G70852	[GKG913]
G70853	[GKG914]
G70854	[GKG915]
G70855	[GKG917]
G70856	[GKG918]
G70857	[GKG919]
G70858	[GKG920]
G70859	[GKG921]
G70860	[GKG922]
G70861	[GKG923]
G70862	[GKG924]
G70863	[GKG925]
G70864	[GKG926]
G70865	[GKG927]
G70866	[GKG928]
G70867	[GKG929]
G70868	[GKG930]
G70869	[GKG931]
G70870	[GKG932]
G70871	[GKG933]
G70872	[GKG934]
G70873	[GKG935]
G70874	[GKG936]
G70875	[GKG937]
G70876	[GKG938]
G70877	[GKG939]
G70878	[GKG940]
G70879	[GKG942]
G70880	[GKG943]
G70881	[GKG944]
G70882	[GKG946]
G70883	[GKG945]
G70884	[GKG947]
G70885	[GKG948]
G70886	[GKG948]
G70887	[GKG949]
G70888	[GKG950]
G70889	[GKG952]
G70890	[GKG952]
G70891	[GKG953]
G70892	[GKG955]
G70893	[GKG956]
G70894	[GKG957]
G70895	[GKG958]
G70896	[GKG959]
G70897	[GKG960]
G70898	[GKG961]
G70899	[GKG962]
G70900	[GKG963]
G70901	[GKG964]
G70902	[GKG965]
G70903	[GKG966]
G70904	[GKG967]
G70905	[GKG968]
G70906	[GKG969]
G70907	[GKG970]
G70908	[GKG972]
G70909	[GKG973]
G70910	[GKG974]
G70911	[GKG975]
G70912	[GKG976]
G70913	[GKG977]
G70914	[GKG978]
G70915	[GKG979]
G70916	[GKG980]
G70917	[GKG982]
G70918	[GKG983]
G70919	[GKG984]
G70920	[GKG985]
G70921	[GKG987]
G70922	[GKG988]
G70923	[GKG989]
G70924	[GKG990]
G70925	[GKG991]
G70926	[GKG992]
G70927	[GKG993]
G70928	[GKG993]
G70929	[GKG994]
G70930	[GKG995]
G70931	[GKG996]
G70932	[GKG997]
G70933	[GKG999]
G70934	[GKG1000]
G70935	[GKG1001]
G70936	[GKG1002]
G70937	[GKG1003], [GKG1004]
G70938	[GKG1005]
G70939	[GKG1006]
G70940	[GKG1007]
G70941	[GKG1008]
G70942	[GKG1009]
G70943	[GKG1010]
G70944	[GKG1011]
G70945	[GKG1012]
G70946	[GKG1013]
G70947	[GKG1014]
G70948	[GKG1015]
G70949	[GKG1016]
G70950	[GKG1017]
G70951	[GKG1018]
G70952	[GKG1018]
G70953	[GKG1021]
G70954	[GKG1022]
G70955	[GKG1023]
G70956	[GKG1024]
G70957	[GKG1029]
G70958	[GKG1031]
G70959	[GKG1033]
G70960	[GKG1034]
G70961	[GKG1035]
G70962	[GKG1036]
G70963	[GKG1037]
G70964	[GKG1039]
G70965	[GKG1040]
G70966	[GKG1041]
G70967	[GKG1042]
G70968	[GKG1043]
G70969	[GKG1044]
G70970	[GKG1046]
G70971	[GKG1047]
G70972	[GKG1048]
G70973	[GKG1049]
G70974	[GKG1050]
G70975	[GKG1051]
G70976	[GKG1052]
G70977	[GKG1053]
G70978	[GKG1054]
G70979	[GKG1055]
G70980	[GKG1056]
G70981	[GKG1058]
G70982	[GKG1059]
G70983	[GKG1060]
G70984	[GKG1061]
G70985	[GKG1062]
G70986	[GKG1063]
G70987	[GKG1064]
G70988	[GKG1065]
G70989	[GKG1066]
G70990	[GKG1067]
G70991	[GKG1068]
G70992	[GKG1069]
G70993	[GKG1070]
G70994	[GKG1071]
G70995	[GKG1073]
G70996	[GKG1074]
G70997	[GKG1075]
G70998	[GKG1078]
G70999	[GKG1079]
G71000	[GKG1080]
G71001	[GKG1081]
G71002	[GKG1082]
G71003	[GKG1083]
G71004	[GKG1084]
G71005	[GKG1086]
G71006	[GKG1085]
G71007	[GKG1087]
G71008	[GKG1088]
G71009	[GKG1089]
G71010	[GKG1090]
G71011	[GKG1091]
G71012	[GKG1092]
G71013	[GKG1093]
G71014	[GKG1094]
G71015	[GKG1095]
G71016	[GKG1096]
G71017	[GKG1097]
G71018	[GKG1098]
G71019	[GKG1099]
G71020	[GKG1099]
G71021	[GKG1100]
G71022	[GKG1101]
G71023	[GKG1103]
G71024	[GKG1104]
G71025	[GKG1105]
G71026	[GKG1106]
G71027	[GKG1107]
G71028	[GKG1108]
G71029	[GKG1109]
G71030	[GKG1110]
G71031	[GKG1111]
G71032	[GKG1112]
G71033	[GKG1113]
G71034	[GKG1114]
G71035	[GKG1115]
G71036	[GKG1116]
G71037	[GKG1117]
G71038	[GKG1119]
G71039	[GKG1120]
G71040	[GKG1121]
G71041	[GKG1122]
G71042	[GKG1123]
G71043	[GKG1125]
G71044	[GKG1124]
G71045	[GKG1126]
G71046	[GKG1127]
G71047	[GKG1128]
G71048	[GKG1129]
G71049	[GKG1130]
G71050	[GKG1131]
G71051	[GKG1132]
G71052	[GKG1133]
G71053	[GKG1134]
G71054	[GKG1136]
G71055	[GKG1137]
G71056	[GKG1138]
G71057	[GKG1139]
G71058	[GKG1140]
G71059	[GKG1141]
G71060	[GKG1142]
G71061	[GKG1143]
G71062	[GKG1145]
G71063	[GKG1146]
G71064	[GKG1147]
G71065	[GKG1149]
G71066	[GKG1150]
G71067	[GKG1151]
G71068	[GKG1152]
G71069	[GKG1153]
G71070	[GKG1154]
G71071	[GKG1155]
G71072	[GKG1156]
G71073	[GKG1157]
G71074	[GKG1160]
G71075	[GKG1161]
G71076	[GKG1162]
G71077	[GKG1163]
G71078	[GKG1164]
G71079	[GKG1165]
G71080	[GKG1166]
G71081	[GKG1168]
G71082	[GKG1169]
G71083	[GKG1170]
G71084	[GKG1172]
G71085	[GKG1173]
G71086	[GKG1174]
G71087	[GKG1175]
G71088	[GKG1176]
G71089	[GKG1177]
G71090	[GKG1178]
G71091	[GKG1179]
G71092	[GKG1180]
G71093	[GKG1181]
G71094	[GKG1182]
G71095	[GKG1183]
G71096	[GKG1184]
G71097	[GKG1185]
G71098	[GKG1186]
G71099	[GKG1187]
G71100	[GKG1188]
G71101	[GKG1189]
G71102	[GKG1190]
G71103	[GKG1191]
G71104	[GKG1192]
G71105	[GKG1194]
G71106	[GKG1195]
G71107	[GKG1196]
G71108	[GKG1197]
G71109	[GKG1198]
G71110	[GKG1199]
G71111	[GKG1200]
G71112	[GKG1201]
G71113	[GKG1202]
G71114	[GKG1203]
G71115	[GKG1204]
G71116	[GKG1205]
G71117	[GKG1206]
G71118	[GKG1207]
G71119	[GKG1208]
G71120	[GKG1209]
G71121	[GKG1210]
G71122	[GKG1211]
G71123	[GKG1212]
G71124	[GKG1213]
G71125	[GKG1214]
G71126	[GKG1215]
G71127	[GKG1217]
G71128	[GKG1218]
G71129	[GKG1219]
G71130	[GKG1220]
G71131	[GKG1221]
G71132	[GKG1222]
G71133	[GKG1223]
G71134	[GKG1224]
G71135	[GKG1227]
G71136	[GKG1228]
G71137	[GKG1229]
G71138	[GKG1230]
G71139	[GKG1231]
G71140	[GKG1232]
G71141	[GKG1233]
G71142	[GKG1234]
G71143	[GKG1235]
G71144	[GKG1236]
G71145	[GKG1237]
G71146	[GKG1238]
G71147	[GKG1239]
G71148	[GKG1240]
G71149	[GKG1241]
G71150	[GKG1242]
G71151	[GKG1244]
G71152	[GKG1245]
G71153	[GKG1248]
G71154	[GKG1250]
G71155	[GKG1251]
G71156	[GKG1252]
G71157	[GKG1253]
G71158	[GKG1254]
G71159	[GKG1255]
G71160	[GKG1256]
G71161	[GKG1257]
G71162	[GKG1258]
G71163	[GKG1259]
G71164	[GKG1261]
G71165	[GKG1262]
G71166	[GKG1264]
G71167	[GKG1265]
G71168	[GKG1267]
G71169	[GKG1268]
G71170	[GKG1270]
G71171	[GKG1272]
G71172	[GKG1273]
G71173	[GKG1274]
G71174	[GKG1277]
G71175	[GKG1278]
G71176	[GKG1279]
G71177	[GKG1280]
G71178	[GKG1281]
G71179	[GKG1281]
G71180	[GKG1282]
G71181	[GKG1283]
G71182	[GKG1284]
G71183	[GKG1285]
G71184	[GKG1287]
G71185	[GKG1288]
G71186	[GKG1289]
G71187	[GKG1290]
G71188	[GKG1291]
G71189	[GKG1292]
G71190	[GKG1293]
G71191	[GKG1294]
G71192	[GKG1296]
G71193	[GKG1297]
G71194	[GKG1299]
G71195	[GKG1300]
G71196	[GKG1301]
G71197	[GKG1301]
G71198	[GKG1302]
G71199	[GKG1303]
G71200	[GKG1304]
G71201	[GKG1305]
G71202	[GKG1306]
G71203	[GKG1307]
G71204	[GKG1308]
G71205	[GKG1311]
G71206	[GKG1312]
G71207	[GKG1313]
G71208	[GKG1314]
G71209	[GKG1316]
G71210	[GKG1317]
G71211	[GKG1318]
G71212	[GKG1319]
G71213	[GKG1320]
G71214	[GKG1321]
G71215	[GKG1322]
G71216	[GKG1323]
G71217	[GKG1324]
G71218	[GKG1327]
G71219	[GKG1328]
G71220	[GKG1329]
G71221	[GKG1330]
G71222	[GKG1331]
G71223	[GKG1332]
G71224	[GKG1333]
G71225	[GKG1333]
G71226	[GKG1334]
G71227	[GKG1335]
G71228	[GKG1336]
G71229	[GKG1338]
G71230	[GKG1339]
G71231	[GKG1340]
G71232	[GKG1341]
G71233	[GKG1342]
G71234	[GKG1343]
G71235	[GKG1344]
G71236	[GKG1345]
G71237	[GKG1346]
G71238	[GKG1347]
G71239	[GKG1348]
G71240	[GKG1349]
G71241	[GKG1350]
G71242	[GKG1351]
G71243	[GKG1352]
G71244	[GKG1354]
G71245	[GKG1355]
G71246	[GKG1356]
G71247	[GKG1357]
G71248	[GKG1358]
G71249	[GKG1359]
G71250	[GKG1360]
G71251	[GKG1361]
G71252	[GKG1362]
G71253	[GKG1363]
G71254	[GKG1364]
G71255	[GKG1365]
G71256	[GKG1367]
G71257	[GKG1368]
G71258	[GKG1369]
G71259	[GKG1370]
G71260	[GKG1371]
G71261	[GKG1372]
G71262	[GKG1373]
G71263	[GKG1374]
G71264	[GKG1375]
G71265	[GKG1376]
G71266	[GKG1377]
G71267	[GKG1378]
G71268	[GKG1379]
G71269	[GKG1380]
G71270	[GKG1381]
G71271	[GKG1382]
G71272	[GKG1384]
G71273	[GKG1385]
G71274	[GKG1386]
G71275	[GKG1387]
G71276	[GKG1388]
G71277	[GKG1389]
G71278	[GKG1390]
G71279	[GKG1391]
G71280	[GKG1395]
G71281	[GKG1396]
G71282	[GKG1397]
G71283	[GKG1398]
G71284	[GKG1399]
G71285	[GKG1400]
G71286	[GKG1401]
G71287	[GKG1402]
G71288	[GKG1403]
G71289	[GKG1404]
G71290	[GKG1405]
G71291	[GKG1406]
G71292	[GKG1407]
G71293	[GKG1408]
G71294	[GKG1409]
G71295	[GKG1410]
G71296	[GKG1411]
G71297	[GKG1412]
G71298	[GKG1413]
G71299	[GKG1416]
G71300	[GKG1417]
G71301	[GKG1418]
G71302	[GKG1419]
G71303	[GKG1420]
G71304	[GKG1422]
G71305	[GKG1423]
G71306	[GKG1424]
G71307	[GKG1425]
G71308	[GKG1426]
G71309	[GKG1427]
G71310	[GKG1428]
G71311	[GKG1429]
G71312	[GKG1430]
G71313	[GKG1431]
G71314	[GKG1434]
G71315	[GKG1435]
G71316	[GKG1436]
G71317	[GKG1437]
G71318	[GKG1438]
G71319	[GKG1439]
G71320	[GKG1440]
G71321	[GKG1441]
G71322	[GKG1443]
G71323	[GKG1444]
G71324	[GKG1445]
G71325	[GKG1447]
G71326	[GKG1449]
G71327	[GKG1450]
G71328	[GKG1451]
G71329	[GKG1452]
G71330	[GKG1453]
G71331	[GKG1454]
G71332	[GKG1455]
G71333	[GKG1456]
G71334	[GKG1457]
G71335	[GKG1458]
G71336	[GKG1459]
G71337	[GKG1460]
G71338	[GKG1462]
G71339	[GKG1464]
G71340	[GKG1465]
G71341	[GKG1466]
G71342	[GKG1467]
G71343	[GKG1468]
G71344	[GKG1469]
G71345	[GKG1470]
G71346	[GKG1471]
G71347	[GKG1472]
G71348	[GKG1473]
G71349	[GKG1474]
G71350	[GKG1475]
G71351	[GKG1476]
G71352	[GKG1477]
G71353	[GKG1478]
G71354	[GKG1479]
G71355	[GKG1480]
G71356	[GKG1481]
G71357	[GKG1482]
G71358	[GKG1483]
G71359	[GKG1484]
G71360	[GKG1485]
G71361	[GKG1487]
G71362	[GKG1488]
G71363	[GKG1489]
G71364	[GKG1490]
G71365	[GKG1491]
G71366	[GKG1492]
G71367	[GKG1493]
G71368	[GKG1494]
G71369	[GKG1495]
G71370	[GKG1496]
G71371	[GKG1497]
G71372	[GKG1498]
G71373	[GKG1499]
G71374	[GKG1500]
G71375	[GKG1501]
G71376	[GKG1502]
G71377	[GKG1503]
G71378	[GKG1504]
G71379	[GKG1505]
G71380	[GKG1506]
G71381	[GKG1507]
G71382	[GKG1508]
G71383	[GKG1509]
G71384	[GKG1510]
G71385	[GKG1511]
G71386	[GKG1512]
G71387	[GKG1513]
G71388	[GKG1514]
G71389	[GKG1515]
G71390	[GKG1516]
G71391	[GKG1517]
G71392	[GKG1518]
G71393	[GKG1519]
G71394	[GKG1520]
G71395	[GKG1521]
G71396	[GKG1522]
G71397	[GKG1524]
G71398	[GKG1525]
G71399	[GKG1526]
G71400	[GKG1527]
G71401	[GKG1528], [GKG1529]
G71402	[GKG1530]
G71403	[GKG1531]
G71404	[GKG1532]
G71405	[GKG1533]
G71406	[GKG1534]
G71407	[GKG1535]
G71408	[GKG1536]
G71409	[GKG1537]
G71410	[GKG1538]
G71411	[GKG1539]
G71412	[GKG1540]
G71413	[GKG1541]
G71414	[GKG1542]
G71415	[GKG1543]
G71416	[GKG1544]
G71417	[GKG1545]
G71418	[GKG1546]
G71419	[GKG1548]
G71420	[GKG1549]
G71421	[GKG1550]
G71422	[GKG1551]
G71423	[GKG1552]
G71424	[GKG1553]
G71425	[GKG1554]
G71426	[GKG1555]
G71427	[GKG1556]
G71428	[GKG1557]
G71429	[GKG1558]
G71430	[GKG1559]
G71431	[GKG1560]
G71432	[GKG1561]
G71433	[GKG1562]
G71434	[GKG1563]
G71435	[GKG1564]
G71436	[GKG1565]
G71437	[GKG1568]
G71438	[GKG1569]
G71439	[GKG1570]
G71440	[GKG1571]
G71441	[GKG1572]
G71442	[GKG1573]
G71443	[GKG1574]
G71444	[GKG1575]
G71445	[GKG1576]
G71446	[GKG1578]
G71447	[GKG1579]
G71448	[GKG1580]
G71449	[GKG1581]
G71450	[GKG1582]
G71451	[GKG1583]
G71452	[GKG1584]
G71453	[GKG1585]
G71454	[GKG1586]
G71455	[GKG1587]
G71456	[GKG1588]
G71457	[GKG1589]
G71458	[GKG1590]
G71459	[GKG1591]
G71460	[GKG1592]
G71461	[GKG1593]
G71462	[GKG1594]
G71463	[GKG1595]
G71464	[GKG1596]
G71465	[GKG1598]
G71466	[GKG1599]
G71467	[GKG1600]
G71468	[GKG1601]
G71469	[GKG1602]
G71470	[GKG1603]
G71471	[GKG1604]
G71472	[GKG1605]
G71473	[GKG1606]
G71474	[GKG1607]
G71475	[GKG1608]
G71476	[GKG1609]
G71477	[GKG1610]
G71478	[GKG1611]
G71479	[GKG1612]
G71480	[GKG1613]
G71481	[GKG1614]
G71482	[GKG1615]
G71483	[GKG1616]
G71484	[GKG1617]
G71485	[GKG1618]
G71486	[GKG1619]
G71487	[GKG1620]
G71488	[GKG1621]
G71489	[GKG1623]
G71490	[GKG1624]
G71491	[GKG1626]
G71492	[GKG1627]
G71493	[GKG1628]
G71494	[GKG1629]
G71495	[GKG1630]
G71496	[GKG1631]
G71497	[GKG1632]
G71498	[GKG1633]
G71499	[GKG1634]
G71500	[GKG1635]
G71501	[GKG1636]
G71502	[GKG1637]
G71503	[GKG1639]
G71504	[GKG1641]
G71505	[GKG1642]
G71506	[GKG1644]
G71507	[GKG1645]
G71508	[GKG1646]
G71509	[GKG1647]
G71510	[GKG1648]
G71511	[GKG1650]
G71512	[GKG1651]
G71513	[GKG1652]
G71514	[GKG1653]
G71515	[GKG1654]
G71516	[GKG1655]
G71517	[GKG1656]
G71518	[GKG1657]
G71519	[GKG1658]
G71520	[GKG1659]
G71521	[GKG1660]
G71522	[GKG1661]
G71523	[GKG1662]
G71524	[GKG1663]
G71525	[GKG1664]
G71526	[GKG1665]
G71527	[GKG1666]
G71528	[GKG1667]
G71529	[GKG1668]
G71530	[GKG1669]
G71531	[GKG1670]
G71532	[GKG1671]
G71533	[GKG1672]
G71534	[GKG1673]
G71535	[GKG1674]
G71536	[GKG1675]
G71537	[GKG1676]
G71538	[GKG1678]
G71539	[GKG1681]
G71540	[GKG1682]
G71541	[GKG1683]
G71542	[GKG1684]
G71543	[GKG1685]
G71544	[GKG1686]
G71545	[GKG1687]
G71546	[GKG1688]
G71547	[GKG1689]
G71548	[GKG1690]
G71549	[GKG1691]
G71550	[GKG1692]
G71551	[GKG1693]
G71552	[GKG1694]
G71553	[GKG1695]
G71554	[GKG1696]
G71555	[GKG1697]
G71556	[GKG1698]
G71557	[GKG1699]
G71558	[GKG1700]
G71559	[GKG1701]
G71560	[GKG1702]
G71561	[GKG1703]
G71562	[GKG1704]
G71563	[GKG1705]
G71564	[GKG1706]
G71565	[GKG1708]
G71566	[GKG1709]
G71567	[GKG1710]
G71568	[GKG1711]
G71569	[GKG1712]
G71570	[GKG1713]
G71571	[GKG1714]
G71572	[GKG1716]
G71573	[GKG1717]
G71574	[GKG1718]
G71575	[GKG1719]
G71576	[GKG1720]
G71577	[GKG1721]
G71578	[GKG1722]
G71579	[GKG1723]
G71580	[GKG1724]
G71581	[GKG1725]
G71582	[GKG1726]
G71583	[GKG1727]
G71584	[GKG1728]
G71585	[GKG1729]
G71586	[GKG1730]
G71587	[GKG1731]
G71588	[GKG1732]
G71589	[GKG1733]
G71590	[GKG1734]
G71591	[GKG1735]
G71592	[GKG1736]
G71593	[GKG1737]
G71594	[GKG1738]
G71595	[GKG1739]
G71596	[GKG1740]
G71597	[GKG1741]
G71598	[GKG1742]
G71599	[GKG1743]
G71600	[GKG1744]
G71601	[GKG1745]
G71602	[GKG1746]
G71603	[GKG1748]
G71604	[GKG1749]
G71605	[GKG1750]
G71606	[GKG1752]
G71607	[GKG1753]
G71608	[GKG1754]
G71609	[GKG1755]
G71610	[GKG1757]
G71611	[GKG1756]
G71612	[GKG1757]
G71613	[GKG1758]
G71614	[GKG1759]
G71615	[GKG1760]
G71616	[GKG1761]
G71617	[GKG1762]
G71618	[GKG1763]
G71619	[GKG1765]
G71620	[GKG1766]
G71621	[GKG1767]
G71622	[GKG1768]
G71623	[GKG1769]
G71624	[GKG1770]
G71625	[GKG1772]
G71626	[GKG1774]
G71627	[GKG1775]
G71628	[GKG1776]
G71629	[GKG1777]
G71630	[GKG1778]
G71631	[GKG1779]
G71632	[GKG1780]
G71633	[GKG1781]
G71634	[GKG1782]
G71635	[GKG1783]
G71636	[GKG1785]
G71637	[GKG1786]
G71638	[GKG1787]
G71639	[GKG1788]
G71640	[GKG1789]
G71641	[GKG1790]
G71642	[GKG1791]
G71643	[GKG1792]
G71644	[GKG1793]
G71645	[GKG1794]
G71646	[GKG1795]
G71647	[GKG1797]
G71648	[GKG1798]
G71649	[GKG1799]
G71650	[GKG1800]
G71651	[GKG1801]
G71652	[GKG1802]
G71653	[GKG1803]
G71654	[GKG1804]
G71655	[GKG1806]
G71656	[GKG1808]
G71657	[GKG1809]
G71658	[GKG1810]
G71659	[GKG1811]
G71660	[GKG1813]
G71661	[GKG1815]
G71662	[GKG1814]
G71663	[GKG1816]
G71664	[GKG1817]
G71665	[GKG1818]
G71666	[GKG1819]
G71667	[GKG1820]
G71668	[GKG1821]
G71669	[GKG1822]
G71670	[GKG1824]
G71671	[GKG1825]
G71672	[GKG1827]
G71673	[GKG1828]
G71674	[GKG1829]
G71675	[GKG1830]
G71676	[GKG1831]
G71677	[GKG1832]
G71678	[GKG1833]
G71679	[GKG1835]
G71680	[GKG1836]
G71681	[GKG1837]
G71682	[GKG1838]
G71683	[GKG1839]
G71684	[GKG1840]
G71685	[GKG1841]
G71686	[GKG1842]
G71687	[GKG1843]
G71688	[GKG1844]
G71689	[GKG1846]
G71690	[GKG1847]
G71691	[GKG1848]
G71692	[GKG1849]
G71693	[GKG1850]
G71694	[GKG1851]
G71695	[GKG1853]
G71696	[GKG1855]
G71697	[GKG1856]
G71698	[GKG1860]
G71699	[GKG1861]
G71700	[GKG1862]
G71701	[GKG1863]
G71702	[GKG1864]
G71703	[GKG1865]
G71704	[GKG1866]
G71705	[GKG1867]
G71706	[GKG1869]
G71707	[GKG1870]
G71708	[GKG1871]
G71709	[GKG1872]
G71710	[GKG1873]
G71711	[GKG1874]
G71712	[GKG1875]
G71713	[GKG1877]
G71714	[GKG1878]
G71715	[GKG1879]
G71716	[GKG1882]
G71717	[GKG1883]
G71718	[GKG1885]
G71719	[GKG1887]
G71720	[GKG1888]
G71721	[GKG1890]
G71722	[GKG1891]
G71723	[GKG1892]
G71724	[GKG1893]
G71725	[GKG1894]
G71726	[GKG1895]
G71727	[GKG1896]
G71728	[GKG1897]
G71729	[GKG1898]
G71730	[GKG1899]
G71731	[GKG1901]
G71732	[GKG1902]
G71733	[GKG1903]
G71734	[GKG1904]
G71735	[GKG1905]
G71736	[GKG1906]
G71737	[GKG1907]
G71738	[GKG1908]
G71739	[GKG1909]
G71740	[GKG1910]
G71741	[GKG1912]
G71742	[GKG1913]
G71743	[GKG1914]
G71744	[GKG1915]
G71745	[GKG1916]
G71746	[GKG1917]
G71747	[GKG1918]
G71748	[GKG1919]
G71749	[GKG1920]
G71750	[GKG1921]
G71751	[GKG1922]
G71752	[GKG1923]
G71753	[GKG1924]
G71754	[GKG1925]
G71755	[GKG1926]
G71756	[GKG1927]
G71757	[GKG1928]
G71758	[GKG1929]
G71759	[GKG1931]
G71760	[GKG1932]
G71761	[GKG1933]
G71762	[GKG1935]
G71763	[GKG1936]
G71764	[GKG1937]
G71765	[GKG1938]
G71766	[GKG1940]
G71767	[GKG1941]
G71768	[GKG1942]
G71769	[GKG1943]
G71770	[GKG1944]
G71771	[GKG1945]
G71772	[GKG1946]
G71773	[GKG1947]
G71774	[GKG1948]
G71775	[GKG1949]
G71776	[GKG1950]
G71777	[GKG1952]
G71778	[GKG1953]
G71779	[GKG1954]
G71780	[GKG1955]
G71781	[GKG1956]
G71782	[GKG1957]
G71783	[GKG1958]
G71784	[GKG1959]
G71785	[GKG1960]
G71786	[GKG1961]
G71787	[GKG1962]
G71788	[GKG1963]
G71789	[GKG1964]
G71790	[GKG1965]
G71791	[GKG1966]
G71792	[GKG1967]
G71793	[GKG1968]
G71794	[GKG1969]
G71795	[GKG1970]
G71796	[GKG1971]
G71797	[GKG1972]
G71798	[GKG1973]
G71799	[GKG1974]
G71800	[GKG1975]
G71801	[GKG1976]
G71802	[GKG1977]
G71803	[GKG1978]
G71804	[GKG1979]
G71805	[GKG1980]
G71806	[GKG1981]
G71807	[GKG1982]
G71808	[GKG1983]
G71809	[GKG1984]
G71810	[GKG1985]
G71811	[GKG1987]
G71812	[GKG1988]
G71813	[GKG1989]
G71814	[GKG1990]
G71815	[GKG1992]
G71816	[GKG1993]
G71817	[GKG1994]
G71818	[GKG1995]
G71819	[GKG1997]
G71820	[GKG1999]
G71821	[GKG2000]
G71822	[GKG2001]
G71823	[GKG2002]
G71824	[GKG2003]
G71825	[GKG2004]
G71826	[GKG2007]
G71827	[GKG2008]
G71828	[GKG2009]
G71829	[GKG2010]
G71830	[GKG2011]
G71831	[GKG2014]
G71832	[GKG2015]
G71833	[GKG2016]
G71834	[GKG2017]
G71835	[GKG2018]
G71836	[GKG2019]
G71837	[GKG2020]
G71838	[GKG2021]
G71839	[GKG2022]
G71840	[GKG2024]
G71841	[GKG2026]
G71842	[GKG2027]
G71843	[GKG2029]
G71844	[GKG2030]
G71845	[GKG2031]
G71846	[GKG2032]
G71847	[GKG2033]
G71848	[GKG2034]
G71849	[GKG2035]
G71850	[GKG2036]
G71851	[GKG2037]
G71852	[GKG2038]
G71853	[GKG2039]
G71854	[GKG2040]
G71855	[GKG2041]
G71856	[GKG2042]
G71857	[GKG2043]
G71858	[GKG2044]
G71859	[GKG2045]
G71860	[GKG2046]
G71861	[GKG2047]
G71862	[GKG2048]
G71863	[GKG2049]
G71864	[GKG2050]
G71865	[GKG2051]
G71866	[GKG2052]
G71867	[GKG2053]
G71868	[GKG2054]
G71869	[GKG2055]
G71870	[GKG2056]
G71871	[GKG2057]
G71872	[GKG2058]
G71873	[GKG2059]
G71874	[GKG2060]
G71875	[GKG2061]
G71876	[GKG2062]
G71877	[GKG2063]
G71878	[GKG2064]
G71879	[GKG2065]
G71880	[GKG2068]
G71881	[GKG2069]
G71882	[GKG2071]
G71883	[GKG2072]
G71884	[GKG2073]
G71885	[GKG2074]
G71886	[GKG2075]
G71887	[GKG2076]
G71888	[GKG2077]
G71889	[GKG2079]
G71890	[GKG2081]
G71891	[GKG2082]
G71892	[GKG2083]
G71893	[GKG2084]
G71894	[GKG2085]
G71895	[GKG2086]
G71896	[GKG2087]
G71897	[GKG2088]
G71898	[GKG2089]
G71899	[GKG2090]
G71900	[GKG2091]
G71901	[GKG2092]
G71902	[GKG2093]
G71903	[GKG2094]
G71904	[GKG2095]
G71905	[GKG2096]
G71906	[GKG2097]
G71907	[GKG2098]
G71908	[GKG2099]
G71909	[GKG2101]
G71910	[GKG2102]
G71911	[GKG2103]
G71912	[GKG2104]
G71913	[GKG2105]
G71914	[GKG2106]
G71915	[GKG2107]
G71916	[GKG2108]
G71917	[GKG2109]
G71918	[GKG2110]
G71919	[GKG2111]
G71920	[GKG2112]
G71921	[GKG2113]
G71922	[GKG2114]
G71923	[GKG2115]
G71924	[GKG2116]
G71925	[GKG2117]
G71926	[GKG2118]
G71927	[GKG2119]
G71928	[GKG2120]
G71929	[GKG2121]
G71930	[GKG2122]
G71931	[GKG2123]
G71932	[GKG2125]
G71933	[GKG2126]
G71934	[GKG2127]
G71935	[GKG2128]
G71936	[GKG2129]
G71937	[GKG2130]
G71938	[GKG2131]
G71939	[GKG2134]
G71940	[GKG2135]
G71941	[GKG2137]
G71942	[GKG2138]
G71943	[GKG2140]
G71944	[GKG2141]
G71945	[GKG2142]
G71946	[GKG2143]
G71947	[GKG2144]
G71948	[GKG2145]
G71949	[GKG2146]
G71950	[GKG2147]
G71951	[GKG2148]
G71952	[GKG2149]
G71953	[GKG2150]
G71954	[GKG2151]
G71955	[GKG2152]
G71956	[GKG2153]
G71957	[GKG2154]
G71958	[GKG2155]
G71959	[GKG2156]
G71960	[GKG2157]
G71961	[GKG2158]
G71962	[GKG2159]
G71963	[GKG2160]
G71964	[GKG2161]
G71965	[GKG2162]
G71966	[GKG2163]
G71967	[GKG2164]
G71968	[GKG2165]
G71969	[GKG2166]
G71970	[GKG2168]
G71971	[GKG2169]
G71972	[GKG2170]
G71973	[GKG2171]
G71974	[GKG2172]
G71975	[GKG2173]
G71976	[GKG2174]
G71977	[GKG2175]
G71978	[GKG2176]
G71979	[GKG2177]
G71980	[GKG2178]
G71981	[GKG2179]
G71982	[GKG2180]
G71983	[GKG2181]
G71984	[GKG2182]
G71985	[GKG2184]
G71986	[GKG2185]
G71987	[GKG2186]
G71988	[GKG2187]
G71989	[GKG2188]
G71990	[GKG2189]
G71991	[GKG2190]
G71992	[GKG2191]
G71993	[GKG2192]
G71994	[GKG2195]
G71995	[GKG2196]
G71996	[GKG2197]
G71997	[GKG2198]
G71998	[GKG2199]
G71999	[GKG2200]
G72000	[GKG2201]
G72001	[GKG2202]
G72002	[GKG2203]
G72003	[GKG2204]
G72004	[GKG2205]
G72005	[GKG2207]
G72006	[GKG2208]
G72007	[GKG2209]
G72008	[GKG2210]
G72009	[GKG2211]
G72010	[GKG2212]
G72011	[GKG2213]
G72012	[GKG2214]
G72013	[GKG2215]
G72014	[GKG2216]
G72015	[GKG2217]
G72016	[GKG2219]
G72017	[GKG2220]
G72018	[GKG2221]
G72019	[GKG2222]
G72020	[GKG2224]
G72021	[GKG2226]
G72022	[GKG2227]
G72023	[GKG2228]
G72024	[GKG2229]
G72025	[GKG2230]
G72026	[GKG2231]
G72027	[GKG2232]
G72028	[GKG2233]
G72029	[GKG2235]
G72030	[GKG2236]
G72031	[GKG2237]
G72032	[GKG2238]
G72033	[GKG2239]
G72034	[GKG2240]
G72035	[GKG2241]
G72036	[GKG2242]
G72037	[GKG2243]
G72038	[GKG2244]
G72039	[GKG2246]
G72040	[GKG2245]
G72041	[GKG2247]
G72042	[GKG2248]
G72043	[GKG2249]
G72044	[GKG2250]
G72045	[GKG2251]
G72046	[GKG2252]
G72047	[GKG2253]
G72048	[GKG2254]
G72049	[GKG2255]
G72050	[GKG2257]
G72051	[GKG2258]
G72052	[GKG2259]
G72053	[GKG2260]
G72054	[GKG2261]
G72055	[GKG2261]
G72056	[GKG2262]
G72057	[GKG2263]
G72058	[GKG2264]
G72059	[GKG2266]
G72060	[GKG2267]
G72061	[GKG2268]
G72062	[GKG2269]
G72063	[GKG2270]
G72064	[GKG2272]
G72065	[GKG2274]
G72066	[GKG2275]
G72067	[GKG2276]
G72068	[GKG2277]
G72069	[GKG2278]
G72070	[GKG2279]
G72071	[GKG2280]
G72072	[GKG2281]
G72073	[GKG2282]
G72074	[GKG2283]
G72075	[GKG2284]
G72076	[GKG2285]
G72077	[GKG2286]
G72078	[GKG2288]
G72079	[GKG2289]
G72080	[GKG2290]
G72081	[GKG2291]
G72082	[GKG2292]
G72083	[GKG2293]
G72084	[GKG2294]
G72085	[GKG2295]
G72086	[GKG2296]
G72087	[GKG2297]
G72088	[GKG2298]
G72089	[GKG2299]
G72090	[GKG2300]
G72091	[GKG2301]
G72092	[GKG2302]
G72093	[GKG2304]
G72094	[GKG2305]
G72095	[GKG2306]
G72096	[GKG2307]
G72097	[GKG2308]
G72098	[GKG2309]
G72099	[GKG2310]
G72100	[GKG2311]
G72101	[GKG2312]
G72102	[GKG2313]
G72103	[GKG2314]
G72104	[GKG2315]
G72105	[GKG2316]
G72106	[GKG2318]
G72107	[GKG2319]
G72108	[GKG2320]
G72109	[GKG2321]
G72110	[GKG2322]
G72111	[GKG2323]
G72112	[GKG2324]
G72113	[GKG2325]
G72114	[GKG2326]
G72115	[GKG2327]
G72116	[GKG2328]
G72117	[GKG2329]
G72118	[GKG2330]
G72119	[GKG2331]
G72120	[GKG2332]
G72121	[GKG2333]
G72122	[GKG2334]
G72123	[GKG2335]
G72124	[GKG2336]
G72125	[GKG2337]
G72126	[GKG2338]
G72127	[GKG2339]
G72128	[GKG2340]
G72129	[GKG2342]
G72130	[GKG2343]
G72131	[GKG2344]
G72132	[GKG2345]
G72133	[GKG2346]
G72134	[GKG2347]
G72135	[GKG2349]
G72136	[GKG2350]
G72137	[GKG2351]
G72138	[GKG2353]
G72139	[GKG2354]
G72140	[GKG2355]
G72141	[GKG2356]
G72142	[GKG2357]
G72143	[GKG2358]
G72144	[GKG2359]
G72145	[GKG2361]
G72146	[GKG2362]
G72147	[GKG2363]
G72148	[GKG2364]
G72149	[GKG2365]
G72150	[GKG2366]
G72151	[GKG2367]
G72152	[GKG2368]
G72153	[GKG2369]
G72154	[GKG2370]
G72155	[GKG2371]
G72156	[GKG2372]
G72157	[GKG2373]
G72158	[GKG2374]
G72159	[GKG2375]
G72160	[GKG2376]
G72161	[GKG2377]
G72162	[GKG2378]
G72163	[GKG2379]
G72164	[GKG2380]
G72165	[GKG2381]
G72166	[GKG2383]
G72167	[GKG2384]
G72168	[GKG2386]
G72169	[GKG2387]
G72170	[GKG2388]
G72171	[GKG2389]
G72172	[GKG2390]
G72173	[GKG2391]
G72174	[GKG2392]
G72175	[GKG2393]
G72176	[GKG2394]
G72177	[GKG2395]
G72178	[GKG2396]
G72179	[GKG2397]
G72180	[GKG2398]
G72181	[GKG2399]
G72182	[GKG2400]
G72183	[GKG2401]
G72184	[GKG2404]
G72185	[GKG2405]
G72186	[GKG2406]
G72187	[GKG2408]
G72188	[GKG2409]
G72189	[GKG2411]
G72190	[GKG2412]
G72191	[GKG2414]
G72192	[GKG2415]
G72193	[GKG2416]
G72194	[GKG2417]
G72195	[GKG2418]
G72196	[GKG2419]
G72197	[GKG2420]
G72198	[GKG2421]
G72199	[GKG2421]
G72200	[GKG2422]
G72201	[GKG2423]
G72202	[GKG2424]
G72203	[GKG2426]
G72204	[GKG2427]
G72205	[GKG2428]
G72206	[GKG2429]
G72207	[GKG2431]
G72208	[GKG2432]
G72209	[GKG2433]
G72210	[GKG2434]
G72211	[GKG2435]
G72212	[GKG2436]
G72213	[GKG2437]
G72214	[GKG2438]
G72215	[GKG2439]
G72216	[GKG2441]
G72217	[GKG2442]
G72218	[GKG2443]
G72219	[GKG2445]
G72220	[GKG2448]
G72221	[GKG2449]
G72222	[GKG2450]
G72223	[GKG2451]
G72224	[GKG2452]
G72225	[GKG2453]
G72226	[GKG2452]
G72227	[GKG2454]
G72228	[GKG2455]
G72229	[GKG2456]
G72230	[GKG2457]
G72231	[GKG2458]
G72232	[GKG2459]
G72233	[GKG2460]
G72234	[GKG2461]
G72235	[GKG2462]
G72236	[GKG2463]
G72237	[GKG2464]
G72238	[GKG2465]
G72239	[GKG2466]
G72240	[GKG2467]
G72241	[GKG2468]
G72242	[GKG2469]
G72243	[GKG2471]
G72244	[GKG2472]
G72245	[GKG2473]
G72246	[GKG2474]
G72247	[GKG2475]
G72248	[GKG2476]
G72249	[GKG2477]
G72250	[GKG2478]
G72251	[GKG2479]
G72252	[GKG2480]
G72253	[GKG2481]
G72254	[GKG2482]
G72255	[GKG2483]
G72256	[GKG2484]
G72257	[GKG2485]
G72258	[GKG2486]
G72259	[GKG2487]
G72260	[GKG2488]
G72261	[GKG2490]
G72262	[GKG2491]
G72263	[GKG2495]
G72264	[GKG2497]
G72265	[GKG2498]
G72266	[GKG2498]
G72267	[GKG2499]
G72268	[GKG2500]
G72269	[GKG2501]
G72270	[GKG2502]
G72271	[GKG2503]
G72272	[GKG2504]
G72273	[GKG2505]
G72274	[GKG2506]
G72275	[GKG2507]
G72276	[GKG2508]
G72277	[GKG2509]
G72278	[GKG2510]
G72279	[GKG2511]
G72280	[GKG2512]
G72281	[GKG2513]
G72282	[GKG2514]
G72283	[GKG2515]
G72284	[GKG2516]
G72285	[GKG2517]
G72286	[GKG2518]
G72287	[GKG2519]
G72288	[GKG2520]
G72289	[GKG2521]
G72290	[GKG2522]
G72291	[GKG2523]
G72292	[GKG2525]
G72293	[GKG2526]
G72294	[GKG2527]
G72295	[GKG2528]
G72296	[GKG2529]
G72297	[GKG2530]
G72298	[GKG2531]
G72299	[GKG2534]
G72300	[GKG2535]
G72301	[GKG2536]
G72302	[GKG2537]
G72303	[GKG2538]
G72304	[GKG2539]
G72305	[GKG2540]
G72306	[GKG2541]
G72307	[GKG2542]
G72308	[GKG2543]
G72309	[GKG2544]
G72310	[GKG2545]
G72311	[GKG2546]
G72312	[GKG2547]
G72313	[GKG2548]
G72314	[GKG2549]
G72315	[GKG2550]
G72316	[GKG2552]
G72317	[GKG2553]
G72318	[GKG2554]
G72319	[GKG2555]
G72320	[GKG2556]
G72321	[GKG2557]
G72322	[GKG2558]
G72323	[GKG2559]
G72324	[GKG2560]
G72325	[GKG2561]
G72326	[GKG2562]
G72327	[GKG2563]
G72328	[GKG2564]
G72329	[GKG2565]
G72330	[GKG2566]
G72331	[GKG2567]
G72332	[GKG2568]
G72333	[GKG2569]
G72334	[GKG2570]
G72335	[GKG2571]
G72336	[GKG2572]
G72337	[GKG2573]
G72338	[GKG2575]
G72339	[GKG2576]
G72340	[GKG2577]
G72341	[GKG2579]
G72342	[GKG2580]
G72343	[GKG2581]
G72344	[GKG2582]
G72345	[GKG2583]
G72346	[GKG2584]
G72347	[GKG2585]
G72348	[GKG2587]
G72349	[GKG2588]
G72350	[GKG2589]
G72351	[GKG2590]
G72352	[GKG2591]
G72353	[GKG2592]
G72354	[GKG2593]
G72355	[GKG2594]
G72356	[GKG2595]
G72357	[GKG2597]
G72358	[GKG2596]
G72359	[GKG2598]
G72360	[GKG2599]
G72361	[GKG2600]
G72362	[GKG2601]
G72363	[GKG2602]
G72364	[GKG2603]
G72365	[GKG2604]
G72366	[GKG2605]
G72367	[GKG2606]
G72368	[GKG2608]
G72369	[GKG2609]
G72370	[GKG2610]
G72371	[GKG2611]
G72372	[GKG2612]
G72373	[GKG2613]
G72374	[GKG2614]
G72375	[GKG2615]
G72376	[GKG2616]
G72377	[GKG2617]
G72378	[GKG2618]
G72379	[GKG2619]
G72380	[GKG2620]
G72381	[GKG2623]
G72382	[GKG2625]
G72383	[GKG2626]
G72384	[GKG2627]
G72385	[GKG2628]
G72386	[GKG2629]
G72387	[GKG2630]
G72388	[GKG2631]
G72389	[GKG2632]
G72390	[GKG2633]
G72391	[GKG2634]
G72392	[GKG2635]
G72393	[GKG2636]
G72394	[GKG2637]
G72395	[GKG2638]
G72396	[GKG2639]
G72397	[GKG2640]
G72398	[GKG2641]
G72399	[GKG2642]
G72400	[GKG2643]
G72401	[GKG2644]
G72402	[GKG2645]
G72403	[GKG2646]
G72404	[GKG2647]
G72405	[GKG2648]
G72406	[GKG2649]
G72407	[GKG2650]
G72408	[GKG2651]
G72409	[GKG2652]
G72410	[GKG2653]
G72411	[GKG2654]
G72412	[GKG2655]
G72413	[GKG2656]
G72414	[GKG2657]
G72415	[GKG2658]
G72416	[GKG2659]
G72417	[GKG2660]
G72418	[GKG2661]
G72419	[GKG2662]
G72420	[GKG2663]
G72421	[GKG2664]
G72422	[GKG2665]
G72423	[GKG2666]
G72424	[GKG2667]
G72425	[GKG2668]
G72426	[GKG2669]
G72427	[GKG2671]
G72428	[GKG2672]
G72429	[GKG2673]
G72430	[GKG2674]
G72431	[GKG2675]
G72432	[GKG2677]
G72433	[GKG2678]
G72434	[GKG2679]
G72435	[GKG2680]
G72436	[GKG2681]
G72437	[GKG2682]
G72438	[GKG2683]
G72439	[GKG2684]
G72440	[GKG2685]
G72441	[GKG2686]
G72442	[GKG2688]
G72443	[GKG2689]
G72444	[GKG2690]
G72445	[GKG2691]
G72446	[GKG2692]
G72447	[GKG2693]
G72448	[GKG2694]
G72449	[GKG2696]
G72450	[GKG2697]
G72451	[GKG2698]
G72452	[GKG2699]
G72453	[GKG2700]
G72454	[GKG2701]
G72455	[GKG2702]
G72456	[GKG2703]
G72457	[GKG2704]
G72458	[GKG2705]
G72459	[GKG2707]
G72460	[GKG2708]
G72461	[GKG2709]
G72462	[GKG2710]
G72463	[GKG2711]
G72464	[GKG2712]
G72465	[GKG2713]
G72466	[GKG2714]
G72467	[GKG2715]
G72468	[GKG2716]
G72469	[GKG2717]
G72470	[GKG2718]
G72471	[GKG2720]
G72472	[GKG2721]
G72473	[GKG2722]
G72474	[GKG2724]
G72475	[GKG2725]
G72476	[GKG2725]
G72477	[GKG2726]
G72478	[GKG2727]
G72479	[GKG2729]
G72480	[GKG2731]
G72481	[GKG2732]
G72482	[GKG2733]
G72483	[GKG2734]
G72484	[GKG2736]
G72485	[GKG2737]
G72486	[GKG2738]
G72487	[GKG2739]
G72488	[GKG2740]
G72489	[GKG2743]
G72490	[GKG2745]
G72491	[GKG2746]
G72492	[GKG2747]
G72493	[GKG2748]
G72494	[GKG2749]
G72495	[GKG2750]
G72496	[GKG2751]
G72497	[GKG2752]
G72498	[GKG2754]
G72499	[GKG2755]
G72500	[GKG2756]
G72501	[GKG2757]
G72502	[GKG2759]
G72503	[GKG2761]
G72504	[GKG2762]
G72505	[GKG2763]
G72506	[GKG2764]
G72507	[GKG2766]
G72508	[GKG2767]
G72509	[GKG2768]
G72510	[GKG2770]
G72511	[GKG2771]
G72512	[GKG2773]
G72513	[GKG2774]
G72514	[GKG2775]
G72515	[GKG2776]
G72516	[GKG2777]
G72517	[GKG2778]
G72518	[GKG2779]
G72519	[GKG2780]
G72520	[GKG2782]
G72521	[GKG2783]
G72522	[GKG2785]
G72523	[GKG2786]
G72524	[GKG2788]
G72525	[GKG2789]
G72526	[GKG2790]
G72527	[GKG2791]
G72528	[GKG2792]
G72529	[GKG2793]
G72530	[GKG2794]
G72531	[GKG2795]
G72532	[GKG2796]
G72533	[GKG2797]
G72534	[GKG2798]
G72535	[GKG2799]
G72536	[GKG2800]
G72537	[GKG2802]
G72538	[GKG2801]
G72539	[GKG2803]
G72540	[GKG2804]
G72541	[GKG2805]
G72542	[GKG2806]
G72543	[GKG2807]
G72544	[GKG2808]
G72545	[GKG2809]
G72546	[GKG2810]
G72547	[GKG2811]
G72548	[GKG2812]
G72549	[GKG2813]
G72550	[GKG2814]
G72551	[GKG2815]
G72552	[GKG2818]
G72553	[GKG2819]
G72554	[GKG2819]
G72555	[GKG2820]
G72556	[GKG2821]
G72557	[GKG2822]
G72558	[GKG2823]
G72559	[GKG2825]
G72560	[GKG2826]
G72561	[GKG2827]
G72562	[GKG2828]
G72563	[GKG2829]
G72564	[GKG2830]
G72565	[GKG2831]
G72566	[GKG2833]
G72567	[GKG2834]
G72568	[GKG2836]
G72569	[GKG2837]
G72570	[GKG2838]
G72571	[GKG2840]
G72572	[GKG2841]
G72573	[GKG2843]
G72574	[GKG2842]
G72575	[GKG2844]
G72576	[GKG2845]
G72577	[GKG2846]
G72578	[GKG2847]
G72579	[GKG2848]
G72580	[GKG2849]
G72581	[GKG2850]
G72582	[GKG2851]
G72583	[GKG2852]
G72584	[GKG2853]
G72585	[GKG2856]
G72586	[GKG2857]
G72587	[GKG2858]
G72588	[GKG2859]
G72589	[GKG2860]
G72590	[GKG2861]
G72591	[GKG2862]
G72592	[GKG2864]
G72593	[GKG2865]
G72594	[GKG2866]
G72595	[GKG2867]
G72596	[GKG2868]
G72597	[GKG2869]
G72598	[GKG2870]
G72599	[GKG2871]
G72600	[GKG2872]
G72601	[GKG2873]
G72602	[GKG2874]
G72603	[GKG2875]
G72604	[GKG2876]
G72605	[GKG2877]
G72606	[GKG2878]
G72607	[GKG2879]
G72608	[GKG2880]
G72609	[GKG2881]
G72610	[GKG2883]
G72611	[GKG2884]
G72612	[GKG2885]
G72613	[GKG2886]
G72614	[GKG2887]
G72615	[GKG2888]
G72616	[GKG2889]
G72617	[GKG2890]
G72618	[GKG2891]
G72619	[GKG2892]
G72620	[GKG2894]
G72621	[GKG2895]
G72622	[GKG2896]
G72623	[GKG2897]
G72624	[GKG2898]
G72625	[GKG2899]
G72626	[GKG2901]
G72627	[GKG2902]
G72628	[GKG2903]
G72629	[GKG2904]
G72630	[GKG2905]
G72631	[GKG2906]
G72632	[GKG2907]
G72633	[GKG2908]
G72634	[GKG2909]
G72635	[GKG2910]
G72636	[GKG2914]
G72637	[GKG2915]
G72638	[GKG2916]
G72639	[GKG2917]
G72640	[GKG2918]
G72641	[GKG2919]
G72642	[GKG2920]
G72643	[GKG2921]
G72644	[GKG2922]
G72645	[GKG2923]
G72646	[GKG2924]
G72647	[GKG2925]
G72648	[GKG2927]
G72649	[GKG2928]
G72650	[GKG2929]
G72651	[GKG2930]
G72652	[GKG2931]
G72653	[GKG2932]
G72654	[GKG2933]
G72655	[GKG2934]
G72656	[GKG2935]
G72657	[GKG2936]
G72658	[GKG2937]
G72659	[GKG2938]
G72660	[GKG2939]
G72661	[GKG2940]
G72662	[GKG2941]
G72663	[GKG2942]
G72664	[GKG2943]
G72665	[GKG2944]
G72666	[GKG2945]
G72667	[GKG2946]
G72668	[GKG2947]
G72669	[GKG2948]
G72670	[GKG2949]
G72671	[GKG2950]
G72672	[GKG2951]
G72673	[GKG2952]
G72674	[GKG2953]
G72675	[GKG2954]
G72676	[GKG2955]
G72677	[GKG2956]
G72678	[GKG2958]
G72679	[GKG2959]
G72680	[GKG2960]
G72681	[GKG2961]
G72682	[GKG2963]
G72683	[GKG2965]
G72684	[GKG2966]
G72685	[GKG2967]
G72686	[GKG2968]
G72687	[GKG2969]
G72688	[GKG2970]
G72689	[GKG2972]
G72690	[GKG2973]
G72691	[GKG2974]
G72692	[GKG2976]
G72693	[GKG2977]
G72694	[GKG2978]
G72695	[GKG2979]
G72696	[GKG2980]
G72697	[GKG2981]
G72698	[GKG2982]
G72699	[GKG2983]
G72700	[GKG2985]
G72701	[GKG2986]
G72702	[GKG2987]
G72703	[GKG2988]
G72704	[GKG2989]
G72705	[GKG2990]
G72706	[GKG2991]
G72707	[GKG2992]
G72708	[GKG2993]
G72709	[GKG2994]
G72710	[GKG2995]
G72711	[GKG2996]
G72712	[GKG2997]
G72713	[GKG2998]
G72714	[GKG2999]
G72715	[GKG3000]
G72716	[GKG3001]
G72717	[GKG3002]
G72718	[GKG3004]
G72719	[GKG3005]
G72720	[GKG3006]
G72721	[GKG3007]
G72722	[GKG3008]
G72723	[GKG3009]
G72724	[GKG3011]
G72725	[GKG3012]
G72726	[GKG3013]
G72727	[GKG3014]
G72728	[GKG3016]
G72729	[GKG3017]
G72730	[GKG3018]
G72731	[GKG3019]
G72732	[GKG3020]
G72733	[GKG3022]
G72734	[GKG3023]
G72735	[GKG3024]
G72736	[GKG3025]
G72737	[GKG3026]
G72738	[GKG3027]
G72739	[GKG3029]
G72740	[GKG3030]
G72741	[GKG3031]
G72742	[GKG3032]
G72743	[GKG3033]
G72744	[GKG3034]
G72745	[GKG3035]
G72746	[GKG3036]
G72747	[GKG3037]
G72748	[GKG3038]
G72749	[GKG3039]
G72750	[GKG3040]
G72751	[GKG3041]
G72752	[GKG3042]
G72753	[GKG3043]
G72754	[GKG3044]
G72755	[GKG3045]
G72756	[GKG3046]
G72757	[GKG3047]
G72758	[GKG3048]
G72759	[GKG3049]
G72760	[GKG3051]
G72761	[GKG3052]
G72762	[GKG3053]
G72763	[GKG3055]
G72764	[GKG3056]
G72765	[GKG3057]
G72766	[GKG3058]
G72767	[GKG3060]
G72768	[GKG3061]
G72769	[GKG3062]
G72770	[GKG3063]
G72771	[GKG3064]
G72772	[GKG3066]
G72773	[GKG3067]
G72774	[GKG3068]
G72775	[GKG3069]
G72776	[GKG3070]
G72777	[GKG3073]
G72778	[GKG3074]
G72779	[GKG3075]
G72780	[GKG3077]
G72781	[GKG3078]
G72782	[GKG3079]
G72783	[GKG3080]
G72784	[GKG3081]
G72785	[GKG3082]
G72786	[GKG3083]
G72787	[GKG3086]
G72788	[GKG3087]
G72789	[GKG3088]
G72790	[GKG3089]
G72791	[GKG3090]
G72792	[GKG3091]
G72793	[GKG3092]
G72794	[GKG3093]
G72795	[GKG3094]
G72796	[GKG3095]
G72797	[GKG3096]
G72798	[GKG3097]
G72799	[GKG3098]
G72800	[GKG3099]
G72801	[GKG3100]
G72802	[GKG3101]
G72803	[GKG3102]
G72804	[GKG3103]
G72805	[GKG3104]
G72806	[GKG3105]
G72807	[GKG3106]
G72808	[GKG3107]
G72809	[GKG3108]
G72810	[GKG3109]
G72811	[GKG3110]
G72812	[GKG3111]
G72813	[GKG3112]
G72814	[GKG3113]
G72815	[GKG3114]
G72816	[GKG3115]
G72817	[GKG3116]
G72818	[GKG3117]
G72819	[GKG3118]
G72820	[GKG3119]
G72821	[GKG3120]
G72822	[GKG3121]
G72823	[GKG3122]
G72824	[GKG3123]
G72825	[GKG3124]
G72826	[GKG3125]
G72827	[GKG3126]
G72828	[GKG3127]
G72829	[GKG3128]
G72830	[GKG3130]
G72831	[GKG3131]
G72832	[GKG3132]
G72833	[GKG3133]
G72834	[GKG3134]
G72835	[GKG3135]
G72836	[GKG3136]
G72837	[GKG3139]
G72838	[GKG3140]
G72839	[GKG3141]
G72840	[GKG3142]
G72841	[GKG3143]
G72842	[GKG3145]
G72843	[GKG3146]
G72844	[GKG3147]
G72845	[GKG3148]
G72846	[GKG3149]
G72847	[GKG3150]
G72848	[GKG3151]
G72849	[GKG3152]
G72850	[GKG3153]
G72851	[GKG3154]
G72852	[GKG3155]
G72853	[GKG3156]
G72854	[GKG3157]
G72855	[GKG3158]
G72856	[GKG3159]
G72857	[GKG3160]
G72858	[GKG3161]
G72859	[GKG3162]
G72860	[GKG3164]
G72861	[GKG3165]
G72862	[GKG3166]
G72863	[GKG3167]
G72864	[GKG3168]
G72865	[GKG3169]
G72866	[GKG3170]
G72867	[GKG3171]
G72868	[GKG3172]
G72869	[GKG3173]
G72870	[GKG3174]
G72871	[GKG3175]
G72872	[GKG3176]
G72873	[GKG3177]
G72874	[GKG3179]
G72875	[GKG3180]
G72876	[GKG3181]
G72877	[GKG3182]
G72878	[GKG3184]
G72879	[GKG3185]
G72880	[GKG3186]
G72881	[GKG3187]
G72882	[GKG3189]
G72883	[GKG3190]
G72884	[GKG3191]
G72885	[GKG3192]
G72886	[GKG3194]
G72887	[GKG3193]
G72888	[GKG3195]
G72889	[GKG3196]
G72890	[GKG3197]
G72891	[GKG3198]
G72892	[GKG3199]
G72893	[GKG3200]
G72894	[GKG3202]
G72895	[GKG3203]
G72896	[GKG3204]
G72897	[GKG3205]
G72898	[GKG3206]
G72899	[GKG3207]
G72900	[GKG3208]
G72901	[GKG3209]
G72902	[GKG3210]
G72903	[GKG3211]
G72904	[GKG3212]
G72905	[GKG3213]
G72906	[GKG3214]
G72907	[GKG3215]
G72908	[GKG3216]
G72909	[GKG3217]
G72910	[GKG3218]
G72911	[GKG3219]
G72912	[GKG3220]
G72913	[GKG3221]
G72914	[GKG3222]
G72915	[GKG3223]
G72916	[GKG3224]
G72917	[GKG3225]
G72918	[GKG3227]
G72919	[GKG3228]
G72920	[GKG3229]
G72921	[GKG3230]
G72922	[GKG3231]
G72923	[GKG3232]
G72924	[GKG3233]
G72925	[GKG3234]
G72926	[GKG3235]
G72927	[GKG3236]
G72928	[GKG3237]
G72929	[GKG3238]
G72930	[GKG3239]
G72931	[GKG3240]
G72932	[GKG3241]
G72933	[GKG3244]
G72934	[GKG3243]
G72935	[GKG3245]
G72936	[GKG3246]
G72937	[GKG3247]
G72938	[GKG3248]
G72939	[GKG3249]
G72940	[GKG3250]
G72941	[GKG3251]
G72942	[GKG3252]
G72943	[GKG3254]
G72944	[GKG3255]
G72945	[GKG3256]
G72946	[GKG3257]
G72947	[GKG3258]
G72948	[GKG3259]
G72949	[GKG3261]
G72950	[GKG3262]
G72951	[GKG3263]
G72952	[GKG3264]
G72953	[GKG3265]
G72954	[GKG3266]
G72955	[GKG3267]
G72956	[GKG3268]
G72957	[GKG3269]
G72958	[GKG3270]
G72959	[GKG3271]
G72960	[GKG3272]
G72961	[GKG3273]
G72962	[GKG3275]
G72963	[GKG3276]
G72964	[GKG3277]
G72965	[GKG3278]
G72966	[GKG3279]
G72967	[GKG3280]
G72968	[GKG3281]
G72969	[GKG3282]
G72970	[GKG3284]
G72971	[GKG3285]
G72972	[GKG3286]
G72973	[GKG3287]
G72974	[GKG3288]
G72975	[GKG3289]
G72976	[GKG3290]
G72977	[GKG3291]
G72978	[GKG3292]
G72979	[GKG3293]
G72980	[GKG3294]
G72981	[GKG3295]
G72982	[GKG3296]
G72983	[GKG3297]
G72984	[GKG3300]
G72985	[GKG3301]
G72986	[GKG3302]
G72987	[GKG3303]
G72988	[GKG3305]
G72989	[GKG3306]
G72990	[GKG3307]
G72991	[GKG3308]
G72992	[GKG3309]
G72993	[GKG3310]
G72994	[GKG3311]
G72995	[GKG3312]
G72996	[GKG3313]
G72997	[GKG3316]
G72998	[GKG3317]
G72999	[GKG3318]
G73000	[GKG3319]
G73001	[GKG3320]
G73002	[GKG3321]
G73003	[GKG3322]
G73004	[GKG3323]
G73005	[GKG3324]
G73006	[GKG3325]
G73007	[GKG3326]
G73008	[GKG3328]
G73009	[GKG3329]
G73010	[GKG3330]
G73011	[GKG3331]
G73012	[GKG3332]
G73013	[GKG3333]
G73014	[GKG3334]
G73015	[GKG3336]
G73016	[GKG3337]
G73017	[GKG3338]
G73018	[GKG3339]
G73019	[GKG3340]
G73020	[GKG3342]
G73021	[GKG3343]
G73022	[GKG3344]
G73023	[GKG3345]
G73024	[GKG3346]
G73025	[GKG3347]
G73026	[GKG3348]
G73027	[GKG3348]
G73028	[GKG3349]
G73029	[GKG3350]
G73030	[GKG3351]
G73031	[GKG3352]
G73032	[GKG3353]
G73033	[GKG3354]
G73034	[GKG3355]
G73035	[GKG3356]
G73036	[GKG3357]
G73037	[GKG3358]
G73038	[GKG3359]
G73039	[GKG3360]
G73040	[GKG3361]
G73041	[GKG3362]
G73042	[GKG3363]
G73043	[GKG3364]
G73044	[GKG3365]
G73045	[GKG3366]
G73046	[GKG3367]
G73047	[GKG3368]
G73048	[GKG3369]
G73049	[GKG3370]
G73050	[GKG3371]
G73051	[GKG3372]
G73052	[GKG3373]
G73053	[GKG3374]
G73054	[GKG3375]
G73055	[GKG3376]
G73056	[GKG3377]
G73057	[GKG3378]
G73058	[GKG3379]
G73059	[GKG3380]
G73060	[GKG3381]
G73061	[GKG3382]
G73062	[GKG3383]
G73063	[GKG3384]
G73064	[GKG3385]
G73065	[GKG3386]
G73066	[GKG3387]
G73067	[GKG3388]
G73068	[GKG3389]
G73069	[GKG3390]
G73070	[GKG3391]
G73071	[GKG3392]
G73072	[GKG3393]
G73073	[GKG3394]
G73074	[GKG3395]
G73075	[GKG3396]
G73076	[GKG3397]
G73077	[GKG3399]
G73078	[GKG3400]
G73079	[GKG3402]
G73080	[GKG3404]
G73081	[GKG3405]
G73082	[GKG3407]
G73083	[GKG3408]
G73084	[GKG3409]
G73085	[GKG3411]
G73086	[GKG3412]
G73087	[GKG3413]
G73088	[GKG3414]
G73089	[GKG3415]
G73090	[GKG3416]
G73091	[GKG3417]
G73092	[GKG3419]
G73093	[GKG3420]
G73094	[GKG3421]
G73095	[GKG3422]
G73096	[GKG3423]
G73097	[GKG3424]
G73098	[GKG3425]
G73099	[GKG3426]
G73100	[GKG3427]
G73101	[GKG3428]
G73102	[GKG3429]
G73103	[GKG3430]
G73104	[GKG3431]
G73105	[GKG3432]
G73106	[GKG3433]
G73107	[GKG3434]
G73108	[GKG3435]
G73109	[GKG3436]
G73110	[GKG3437]
G73111	[GKG3438]
G73112	[GKG3439]
G73113	[GKG3440]
G73114	[GKG3441]
G73115	[GKG3442]
G73116	[GKG3443]
G73117	[GKG3444]
G73118	[GKG3445]
G73119	[GKG3446]
G73120	[GKG3447]
G73121	[GKG3448]
G73122	[GKG3449]
G73123	[GKG3450]
G73124	[GKG3451]
G73125	[GKG3452]
G73126	[GKG3453]
G73127	[GKG3454]
G73128	[GKG3455]
G73129	[GKG3456]
G73130	[GKG3457]
G73131	[GKG3458]
G73132	[GKG3459]
G73133	[GKG3460]
G73134	[GKG3463]
G73135	[GKG3464]
G73136	[GKG3465]
G73137	[GKG3466]
G73138	[GKG3467]
G73139	[GKG3468]
G73140	[GKG3471]
G73141	[GKG3469]
G73142	[GKG3470]
G73143	[GKG3472]
G73144	[GKG3474]
G73145	[GKG3477]
G73146	[GKG3478]
G73147	[GKG3479]
G73148	[GKG3480]
G73149	[GKG3481]
G73150	[GKG3483]
G73151	[GKG3484]
G73152	[GKG3485]
G73153	[GKG3486]
G73154	[GKG3487]
G73155	[GKG3488]
G73156	[GKG3489]
G73157	[GKG3490]
G73158	[GKG3491]
G73159	[GKG3492]
G73160	[GKG3493]
G73161	[GKG3494]
G73162	[GKG3496]
G73163	[GKG3497]
G73164	[GKG3499]
G73165	[GKG3500]
G73166	[GKG3501]
G73167	[GKG3504]
G73168	[GKG3505]
G73169	[GKG3506]
G73170	[GKG3506]
G73171	[GKG3507]
G73172	[GKG3508]
G73173	[GKG3509]
G73174	[GKG3510]
G73175	[GKG3514]
G73176	[GKG3516]
G73177	[GKG3517]
G73178	[GKG3518]
G73179	[GKG3519]
G73180	[GKG3521]
G73181	[GKG3522]
G73182	[GKG3523]
G73183	[GKG3525]
G73184	[GKG3527]
G73185	[GKG3528]
G73186	[GKG3529]
G73187	[GKG3530]
G73188	[GKG3531]
G73189	[GKG3532]
G73190	[GKG3533]
G73191	[GKG3534]
G73192	[GKG3535]
G73193	[GKG3536]
G73194	[GKG3537]
G73195	[GKG3538]
G73196	[GKG3540]
G73197	[GKG3541]
G73198	[GKG3542]
G73199	[GKG3543]
G73200	[GKG3544]
G73201	[GKG3545]
G73202	[GKG3546]
G73203	[GKG3547]
G73204	[GKG3548]
G73205	[GKG3549]
G73206	[GKG3550]
G73207	[GKG3551]
G73208	[GKG3552]
G73209	[GKG3553]
G73210	[GKG3554]
G73211	[GKG3555]
G73212	[GKG3556]
G73213	[GKG3557]
G73214	[GKG3558]
G73215	[GKG3559]
G73216	[GKG3560]
G73217	[GKG3561]
G73218	[GKG3562]
G73219	[GKG3563]
G73220	[GKG3564]
G73221	[GKG3565]
G73222	[GKG3566]
G73223	[GKG3567]
G73224	[GKG3568]
G73225	[GKG3569]
G73226	[GKG3570]
G73227	[GKG3571]
G73228	[GKG3572]
G73229	[GKG3573]
G73230	[GKG3575]
G73231	[GKG3576]
G73232	[GKG3577]
G73233	[GKG3578]
G73234	[GKG3579]
G73235	[GKG3580]
G73236	[GKG3581]
G73237	[GKG3582]
G73238	[GKG3583]
G73239	[GKG3584]
G73240	[GKG3585]
G73241	[GKG3586]
G73242	[GKG3587]
G73243	[GKG3588], [GKG3589]
G73244	[GKG3590]
G73245	[GKG3591]
G73246	[GKG3592]
G73247	[GKG3593]
G73248	[GKG3594]
G73249	[GKG3595]
G73250	[GKG3596]
G73251	[GKG3597]
G73252	[GKG3600]
G73253	[GKG3601]
G73254	[GKG3602]
G73255	[GKG3603]
G73256	[GKG3604]
G73257	[GKG3605]
G73258	[GKG3606]
G73259	[GKG3607]
G73260	[GKG3609]
G73261	[GKG3611]
G73262	[GKG3612]
G73263	[GKG3613]
G73264	[GKG3614]
G73265	[GKG3615]
G73266	[GKG3616]
G73267	[GKG3618]
G73268	[GKG3620]
G73269	[GKG3621]
G73270	[GKG3622]
G73271	[GKG3623]
G73272	[GKG3624]
G73273	[GKG3625]
G73274	[GKG3626]
G73275	[GKG3627]
G73276	[GKG3628]
G73277	[GKG3629]
G73278	[GKG3630]
G73279	[GKG3631]
G73280	[GKG3632]
G73281	[GKG3633]
G73282	[GKG3634]
G73283	[GKG3636]
G73284	[GKG3635]
G73285	[GKG3637]
G73286	[GKG3638]
G73287	[GKG3639]
G73288	[GKG3640]
G73289	[GKG3641]
G73290	[GKG3643]
G73291	[GKG3644]
G73292	[GKG3645]
G73293	[GKG3646]
G73294	[GKG3647]
G73295	[GKG3648]
G73296	[GKG3649]
G73297	[GKG3650]
G73298	[GKG3652]
G73299	[GKG3653]
G73300	[GKG3654]
G73301	[GKG3655]
G73302	[GKG3656]
G73303	[GKG3657]
G73304	[GKG3658]
G73305	[GKG3659]
G73306	[GKG3660]
G73307	[GKG3661]
G73308	[GKG3662]
G73309	[GKG3663]
G73310	[GKG3664]
G73311	[GKG3665]
G73312	[GKG3666]
G73313	[GKG3667]
G73314	[GKG3670]
G73315	[GKG3668]
G73316	[GKG3669]
G73317	[GKG3671]
G73318	[GKG3672]
G73319	[GKG3673]
G73320	[GKG3674]
G73321	[GKG3675]
G73322	[GKG3676]
G73323	[GKG3677]
G73324	[GKG3678]
G73325	[GKG3679]
G73326	[GKG3680]
G73327	[GKG3681]
G73328	[GKG3682]
G73329	[GKG3683]
G73330	[GKG3684]
G73331	[GKG3685]
G73332	[GKG3688]
G73333	[GKG3689]
G73334	[GKG3690]
G73335	[GKG3691]
G73336	[GKG3693]
G73337	[GKG3695]
G73338	[GKG3696]
G73339	[GKG3697]
G73340	[GKG3698]
G73341	[GKG3699]
G73342	[GKG3700]
G73343	[GKG3701]
G73344	[GKG3702]
G73345	[GKG3703]
G73346	[GKG3704]
G73347	[GKG3707]
G73348	[GKG3709]
G73349	[GKG3710]
G73350	[GKG3711]
G73351	[GKG3714]
G73352	[GKG3715]
G73353	[GKG3716]
G73354	[GKG3717]
G73355	[GKG3718]
G73356	[GKG3720]
G73357	[GKG3721]
G73358	[GKG3722]
G73359	[GKG3723]
G73360	[GKG3724]
G73361	[GKG3725]
G73362	[GKG3726]
G73363	[GKG3727]
G73364	[GKG3728]
G73365	[GKG3729]
G73366	[GKG3730]
G73367	[GKG3731]
G73368	[GKG3732]
G73369	[GKG3735]
G73370	[GKG3733]
G73371	[GKG3734]
G73372	[GKG3738]
G73373	[GKG3739]
G73374	[GKG3740]
G73375	[GKG3742]
G73376	[GKG3744]
G73377	[GKG3745]
G73378	[GKG3748]
G73379	[GKG3749]
G73380	[GKG3750]
G73381	[GKG3751]
G73382	[GKG3752]
G73383	[GKG3753]
G73384	[GKG3754]
G73385	[GKG3755]
G73386	[GKG3756]
G73387	[GKG3757]
G73388	[GKG3758]
G73389	[GKG3759]
G73390	[GKG3760]
G73391	[GKG3761]
G73392	[GKG3762]
G73393	[GKG3763]
G73394	[GKG3764]
G73395	[GKG3765]
G73396	[GKG3767]
G73397	[GKG3768]
G73398	[GKG3769]
G73399	[GKG3770]
G73400	[GKG3771]
G73401	[GKG3772]
G73402	[GKG3773]
G73403	[GKG3774]
G73404	[GKG3775]
G73405	[GKG3776]
G73406	[GKG3777]
G73407	[GKG3780]
G73408	[GKG3781]
G73409	[GKG3782]
G73410	[GKG3783]
G73411	[GKG3784]
G73412	[GKG3785]
G73413	[GKG3786]
G73414	[GKG3787]
G73415	[GKG3788]
G73416	[GKG3789]
G73417	[GKG3790]
G73418	[GKG3791]
G73419	[GKG3792]
G73420	[GKG3793]
G73421	[GKG3794]
G73422	[GKG3795]
G73423	[GKG3796]
G73424	[GKG3798]
G73425	[GKG3799]
G73426	[GKG3800]
G73427	[GKG3801]
G73428	[GKG3802]
G73429	[GKG3803]
G73430	[GKG3804]
G73431	[GKG3805]
G73432	[GKG3741], [GKG3806]
G73433	[GKG3807]
G73434	[GKG3808]
G73435	[GKG3809]
G73436	[GKG3810]
G73437	[GKG3811]
G73438	[GKG3812]
G73439	[GKG3813]
G73440	[GKG3814]
G73441	[GKG3815]
G73442	[GKG3816]
G73443	[GKG3817]
G73444	[GKG3818]
G73445	[GKG3819]
G73446	[GKG3820]
G73447	[GKG3821]
G73448	[GKG3822]
G73449	[GKG3825]
G73450	[GKG3826]
G73451	[GKG3827]
G73452	[GKG3828]
G73453	[GKG3829]
G73454	[GKG3830]
G73455	[GKG3831]
G73456	[GKG3832]
G73457	[GKG3833]
G73458	[GKG3834]
G73459	[GKG3836]
G73460	[GKG3837]
G73461	[GKG3838]
G73462	[GKG3839]
G73463	[GKG3840]
G73464	[GKG3841]
G73465	[GKG3842]
G73466	[GKG3843]
G73467	[GKG3844]
G73468	[GKG3845]
G73469	[GKG3847]
G73470	[GKG3848]
G73471	[GKG3849]
G73472	[GKG3850]
G73473	[GKG3851]
G73474	[GKG3852]
G73475	[GKG3853]
G73476	[GKG3854]
G73477	[GKG3855]
G73478	[GKG3856]
G73479	[GKG3857]
G73480	[GKG3858]
G73481	[GKG3859]
G73482	[GKG3860]
G73483	[GKG3861]
G73484	[GKG3862]
G73485	[GKG3863]
G73486	[GKG3864]
G73487	[GKG3865]
G73488	[GKG3866]
G73489	[GKG3867]
G73490	[GKG3868]
G73491	[GKG3869]
G73492	[GKG3871]
G73493	[GKG3872]
G73494	[GKG3873]
G73495	[GKG3874]
G73496	[GKG3875]
G73497	[GKG3876]
G73498	[GKG3877]
G73499	[GKG3880]
G73500	[GKG3881]
G73501	[GKG3882]
G73502	[GKG3883], [GKG3887]
G73503	[GKG3884]
G73504	[GKG3885]
G73505	[GKG3886]
G73506	[GKG3888]
G73507	[GKG3890]
G73508	[GKG3891]
G73509	[GKG3892]
G73510	[GKG3893]
G73511	[GKG3897]
G73512	[GKG3898]
G73513	[GKG3899]
G73514	[GKG3900]
G73515	[GKG3901]
G73516	[GKG3902]
G73517	[GKG3903]
G73518	[GKG3904]
G73519	[GKG3905]
G73520	[GKG3906]
G73521	[GKG3907]
G73522	[GKG3908]
G73523	[GKG3909]
G73524	[GKG3910]
G73525	[GKG3911]
G73526	[GKG3912]
G73527	[GKG3913]
G73528	[GKG3914]
G73529	[GKG3915]
G73530	[GKG3916]
G73531	[GKG3917]
G73532	[GKG3918]
G73533	[GKG3920]
G73534	[GKG3921]
G73535	[GKG3923]
G73536	[GKG3924]
G73537	[GKG3925]
G73538	[GKG3926]
G73539	[GKG3927]
G73540	[GKG3928]
G73541	[GKG3929]
G73542	[GKG3930]
G73543	[GKG3931]
G73544	[GKG3932]
G73545	[GKG3933]
G73546	[GKG3934]
G73547	[GKG3935]
G73548	[GKG3937]
G73549	[GKG3938]
G73550	[GKG3939]
G73551	[GKG3940]
G73552	[GKG3941]
G73553	[GKG3942]
G73554	[GKG3943]
G73555	[GKG3944]
G73556	[GKG3945]
G73557	[GKG3946]
G73558	[GKG3947]
G73559	[GKG3948]
G73560	[GKG3949]
G73561	[GKG3950]
G73562	[GKG3951]
G73563	[GKG3952]
G73564	[GKG3953]
G73565	[GKG3954]
G73566	[GKG3955]
G73567	[GKG3956]
G73568	[GKG3957]
G73569	[GKG3958]
G73570	[GKG3959]
G73571	[GKG3960]
G73572	[GKG3961]
G73573	[GKG3962]
G73574	[GKG3963]
G73575	[GKG3964]
G73576	[GKG3965]
G73577	[GKG3966]
G73578	[GKG3967]
G73579	[GKG3968]
G73580	[GKG3969]
G73581	[GKG3970]
G73582	[GKG3971]
G73583	[GKG3972]
G73584	[GKG3973]
G73585	[GKG3974]
G73586	[GKG3975]
G73587	[GKG3976]
G73588	[GKG3977]
G73589	[GKG3978]
G73590	[GKG3979]
G73591	[GKG3980]
G73592	[GKG3981]
G73593	[GKG3982]
G73594	[GKG3983]
G73595	[GKG3984]
G73596	[GKG3986]
G73597	[GKG3987]
G73598	[GKG3988]
G73599	[GKG3990]
G73600	[GKG3991]
G73601	[GKG3992]
G73602	[GKG3993]
G73603	[GKG3994]
G73604	[GKG3995]
G73605	[GKG3996]
G73606	[GKG3997]
G73607	[GKG3998]
G73608	[GKG3999]
G73609	[GKG4001]
G73610	[GKG4002]
G73611	[GKG4003]
G73612	[GKG4004]
G73613	[GKG4005]
G73614	[GKG4006]
G73615	[GKG4008]
G73616	[GKG4009]
G73617	[GKG4010]
G73618	[GKG4011]
G73619	[GKG4012]
G73620	[GKG4014]
G73621	[GKG4015]
G73622	[GKG4017]
G73623	[GKG4018]
G73624	[GKG4019]
G73625	[GKG4020]
G73626	[GKG4021]
G73627	[GKG4022]
G73628	[GKG4024]
G73629	[GKG4024]
G73630	[GKG4023]
G73631	[GKG4025]
G73632	[GKG4026]
G73633	[GKG4027]
G73634	[GKG4028]
G73635	[GKG4029]
G73636	[GKG4030]
G73637	[GKG4031]
G73638	[GKG4033]
G73639	[GKG4034]
G73640	[GKG4036]
G73641	[GKG4037]
G73642	[GKG4038]
G73643	[GKG4039]
G73644	[GKG4040]
G73645	[GKG4041]
G73646	[GKG4042]
G73647	[GKG4043]
G73648	[GKG4044]
G73649	[GKG4045]
G73650	[GKG4046]
G73651	[GKG4047]
G73652	[GKG4048]
G73653	[GKG4049]
G73654	[GKG4050]
G73655	[GKG4051]
G73656	[GKG4052]
G73657	[GKG4053]
G73658	[GKG4054]
G73659	[GKG4055]
G73660	[GKG4056]
G73661	[GKG4057]
G73662	[GKG4058]
G73663	[GKG4059]
G73664	[GKG4061]
G73665	[GKG4062]
G73666	[GKG4063]
G73667	[GKG4065]
G73668	[GKG4066]
G73669	[GKG4067]
G73670	[GKG4068]
G73671	[GKG4069]
G73672	[GKG4071]
G73673	[GKG4072]
G73674	[GKG4074]
G73675	[GKG4075]
G73676	[GKG4076]
G73677	[GKG4077]
G73678	[GKG4078]
G73679	[GKG4079]
G73680	[GKG4080]
G73681	[GKG4081]
G73682	[GKG4082]
G73683	[GKG4083]
G73684	[GKG4084]
G73685	[GKG4085]
G73686	[GKG4086]
G73687	[GKG4087]
G73688	[GKG4089]
G73689	[GKG4090]
G73690	[GKG4091]
G73691	[GKG4093]
G73692	[GKG4094]
G73693	[GKG4095]
G73694	[GKG4096]
G73695	[GKG4097]
G73696	[GKG4098]
G73697	[GKG4099]
G73698	[GKG4101]
G73699	[GKG4103]
G73700	[GKG4106]
G73701	[GKG4107]
G73702	[GKG4108]
G73703	[GKG4109]
G73704	[GKG4110]
G73705	[GKG4111]
G73706	[GKG4112]
G73707	[GKG4114]
G73708	[GKG4116]
G73709	[GKG4117]
G73710	[GKG4118]
G73711	[GKG4119]
G73712	[GKG4120]
G73713	[GKG4121]
G73714	[GKG4122]
G73715	[GKG4123]
G73716	[GKG4124]
G73717	[GKG4125]
G73718	[GKG4126]
G73719	[GKG4127]
G73720	[GKG4128]
G73721	[GKG4129]
G73722	[GKG4130]
G73723	[GKG4132]
G73724	[GKG4133]
G73725	[GKG4134]
G73726	[GKG4135]
G73727	[GKG4136]
G73728	[GKG4137]
G73729	[GKG4138]
G73730	[GKG4140]
G73731	[GKG4141]
G73732	[GKG4142]
G73733	[GKG4143]
G73734	[GKG4144]
G73735	[GKG4145]
G73736	[GKG4146]
G73737	[GKG4147]
G73738	[GKG4148]
G73739	[GKG4149]
G73740	[GKG4151]
G73741	[GKG4152]
G73742	[GKG4154]
G73743	[GKG4155]
G73744	[GKG4156]
G73745	[GKG4157]
G73746	[GKG4158]
G73747	[GKG4159]
G73748	[GKG4160]
G73749	[GKG4161]
G73750	[GKG4162]
G73751	[GKG4163]
G73752	[GKG4164]
G73753	[GKG4165]
G73754	[GKG4168]
G73755	[GKG4166]
G73756	[GKG4169]
G73757	[GKG4170]
G73758	[GKG4171]
G73759	[GKG4172]
G73760	[GKG4174]
G73761	[GKG4175]
G73762	[GKG4176]
G73763	[GKG4177]
G73764	[GKG4178]
G73765	[GKG4179]
G73766	[GKG4180], [GKG4181]
G73767	[GKG4181]
G73768	[GKG4182]
G73769	[GKG4183]
G73770	[GKG4184]
G73771	[GKG4185]
G73772	[GKG4186]
G73773	[GKG4187]
G73774	[GKG4189]
G73775	[GKG4190]
G73776	[GKG4191]
G73777	[GKG4192]
G73778	[GKG4193]
G73779	[GKG4194]
G73780	[GKG4195]
G73781	[GKG4196]
G73782	[GKG4197]
G73783	[GKG4199]
G73784	[GKG4200]
G73785	[GKG4202]
G73786	[GKG4203]
G73787	[GKG4204]
G73788	[GKG4205]
G73789	[GKG4206]
G73790	[GKG4207]
G73791	[GKG4208]
G73792	[GKG4209]
G73793	[GKG4210]
G73794	[GKG4211]
G73795	[GKG4212]
G73796	[GKG4213]
G73797	[GKG4214]
G73798	[GKG4215]
G73799	[GKG4216]
G73800	[GKG4217]
G73801	[GKG4218]
G73802	[GKG4219]
G73803	[GKG4220]
G73804	[GKG4221]
G73805	[GKG4222]
G73806	[GKG4223]
G73807	[GKG4224], [GKG4225]
G73808	[GKG4226]
G73809	[GKG4227]
G73810	[GKG4228]
G73811	[GKG4229]
G73812	[GKG4230]
G73813	[GKG4231]
G73814	[GKG4232]
G73815	[GKG4233]
G73816	[GKG4234]
G73817	[GKG4235]
G73818	[GKG4236]
G73819	[GKG4237]
G73820	[GKG4239]
G73821	[GKG4240]
G73822	[GKG4241]
G73823	[GKG4242]
G73824	[GKG4243]
G73825	[GKG4244]
G73826	[GKG4245]
G73827	[GKG4246]
G73828	[GKG4247]
G73829	[GKG4248]
G73830	[GKG4249]
G73831	[GKG4250]
G73832	[GKG4251]
G73833	[GKG4252]
G73834	[GKG4253]
G73835	[GKG4255]
G73836	[GKG4256]
G73837	[GKG4257]
G73838	[GKG4258]
G73839	[GKG4259]
G73840	[GKG4260]
G73841	[GKG4261]
G73842	[GKG4262]
G73843	[GKG4263]
G73844	[GKG4264]
G73845	[GKG4265]
G73846	[GKG4266]
G73847	[GKG4267]
G73848	[GKG4268]
G73849	[GKG4269]
G73850	[GKG4270]
G73851	[GKG4272]
G73852	[GKG4273]
G73853	[GKG4275]
G73854	[GKG4277]
G73855	[GKG4278]
G73856	[GKG4279]
G73857	[GKG4280]
G73858	[GKG4281]
G73859	[GKG4282]
G73860	[GKG4283]
G73861	[GKG4284]
G73862	[GKG4286]
G73863	[GKG4287]
G73864	[GKG4288]
G73865	[GKG4289]
G73866	[GKG4290]
G73867	[GKG4291]
G73868	[GKG4292]
G73869	[GKG4293]
G73870	[GKG4294]
G73871	[GKG4295]
G73872	[GKG4296]
G73873	[GKG4297]
G73874	[GKG4298]
G73875	[GKG4299]
G73876	[GKG4300]
G73877	[GKG4301]
G73878	[GKG4304]
G73879	[GKG4305]
G73880	[GKG4306]
G73881	[GKG4307]
G73882	[GKG4308]
G73883	[GKG4309]
G73884	[GKG4310]
G73885	[GKG4311]
G73886	[GKG4312]
G73887	[GKG4313]
G73888	[GKG4314]
G73889	[GKG4315]
G73890	[GKG4316]
G73891	[GKG4317]
G73892	[GKG4318]
G73893	[GKG4319]
G73894	[GKG4320]
G73895	[GKG4321]
G73896	[GKG4322]
G73897	[GKG4324]
G73898	[GKG4325]
G73899	[GKG4326]
G73900	[GKG4328]
G73901	[GKG4329]
G73902	[GKG4330]
G73903	[GKG4331]
G73904	[GKG4332]
G73905	[GKG4333]
G73906	[GKG4334]
G73907	[GKG4335]
G73908	[GKG4337]
G73909	[GKG4338]
G73910	[GKG4339]
G73911	[GKG4340]
G73912	[GKG4341]
G73913	[GKG4342]
G73914	[GKG4343]
G73915	[GKG4344]
G73916	[GKG4345]
G73917	[GKG4346]
G73918	[GKG4347]
G73919	[GKG4348]
G73920	[GKG4351]
G73921	[GKG4352]
G73922	[GKG4353]
G73923	[GKG4354]
G73924	[GKG4355]
G73925	[GKG4356]
G73926	[GKG4357]
G73927	[GKG4358]
G73928	[GKG4359]
G73929	[GKG4360]
G73930	[GKG4361]
G73931	[GKG4362]
G73932	[GKG4363]
G73933	[GKG4364]
G73934	[GKG4365]
G73935	[GKG4366]
G73936	[GKG4367]
G73937	[GKG4368]
G73938	[GKG4369]
G73939	[GKG4370]
G73940	[GKG4371]
G73941	[GKG4372]
G73942	[GKG4373]
G73943	[GKG4374]
G73944	[GKG4375]
G73945	[GKG4376]
G73946	[GKG4377]
G73947	[GKG4378]
G73948	[GKG4379]
G73949	[GKG4380]
G73950	[GKG4381]
G73951	[GKG4382]
G73952	[GKG4383]
G73953	[GKG4384]
G73954	[GKG4385]
G73955	[GKG4388]
G73956	[GKG4389]
G73957	[GKG4390]
G73958	[GKG4391]
G73959	[GKG4393]
G73960	[GKG4394]
G73961	[GKG4395]
G73962	[GKG4396]
G73963	[GKG4397]
G73964	[GKG4398]
G73965	[GKG4399]
G73966	[GKG4400]
G73967	[GKG4402]
G73968	[GKG4403]
G73969	[GKG4404]
G73970	[GKG4405]
G73971	[GKG4406]
G73972	[GKG4407]
G73973	[GKG4409]
G73974	[GKG4410]
G73975	[GKG4411]
G73976	[GKG4413]
G73977	[GKG4412]
G73978	[GKG4414]
G73979	[GKG4415]
G73980	[GKG4417]
G73981	[GKG4418]
G73982	[GKG4419]
G73983	[GKG4420]
G73984	[GKG4421]
G73985	[GKG4422]
G73986	[GKG4423]
G73987	[GKG4424]
G73988	[GKG4425]
G73989	[GKG4426]
G73990	[GKG4427]
G73991	[GKG4428]
G73992	[GKG4429]
G73993	[GKG4430]
G73994	[GKG4431]
G73995	[GKG4432]
G73996	[GKG4433]
G73997	[GKG4434]
G73998	[GKG4435]
G73999	[GKG4436]
G74000	[GKG4437]
G74001	[GKG4438]
G74002	[GKG4439]
G74003	[GKG4440]
G74004	[GKG4441]
G74005	[GKG4442]
G74006	[GKG4443]
G74007	[GKG4444]
G74008	[GKG4445]
G74009	[GKG4446]
G74010	[GKG4447]
G74011	[GKG4448]
G74012	[GKG4449]
G74013	[GKG4450]
G74014	[GKG4453]
G74015	[GKG4454]
G74016	[GKG4455]
G74017	[GKG4456]
G74018	[GKG4457]
G74019	[GKG4458]
G74020	[GKG4459]
G74021	[GKG4460]
G74022	[GKG4461]
G74023	[GKG4462]
G74024	[GKG4463]
G74025	[GKG4464]
G74026	[GKG4465]
G74027	[GKG4466]
G74028	[GKG4468]
G74029	[GKG4470]
G74030	[GKG4472]
G74031	[GKG4473]
G74032	[GKG4474]
G74033	[GKG4475]
G74034	[GKG4476]
G74035	[GKG4477]
G74036	[GKG4478]
G74037	[GKG4479]
G74038	[GKG4480]
G74039	[GKG4481]
G74040	[GKG4482]
G74041	[GKG4483]
G74042	[GKG4484]
G74043	[GKG4484]
G74044	[GKG4485]
G74045	[GKG4486]
G74046	[GKG4487]
G74047	[GKG4488]
G74048	[GKG4489]
G74049	[GKG4490]
G74050	[GKG4491]
G74051	[GKG4494]
G74052	[GKG4495]
G74053	[GKG4497]
G74054	[GKG4498]
G74055	[GKG4499]
G74056	[GKG4500]
G74057	[GKG4501]
G74058	[GKG4502]
G74059	[GKG4503]
G74060	[GKG4504]
G74061	[GKG4505]
G74062	[GKG4506]
G74063	[GKG4507]
G74064	[GKG4508]
G74065	[GKG4509]
G74066	[GKG4511]
G74067	[GKG4512]
G74068	[GKG4513]
G74069	[GKG4514]
G74070	[GKG4516]
G74071	[GKG4517]
G74072	[GKG4518]
G74073	[GKG4519]
G74074	[GKG4520]
G74075	[GKG4521]
G74076	[GKG4522]
G74077	[GKG4523]
G74078	[GKG4523]
G74079	[GKG4525]
G74080	[GKG4527]
G74081	[GKG4528]
G74082	[GKG4529]
G74083	[GKG4530]
G74084	[GKG4531]
G74085	[GKG4532]
G74086	[GKG4533]
G74087	[GKG4534]
G74088	[GKG4537]
G74089	[GKG4536]
G74090	[GKG4538]
G74091	[GKG4539]
G74092	[GKG4540]
G74093	[GKG4541]
G74094	[GKG4542]
G74095	[GKG4543]
G74096	[GKG4544]
G74097	[GKG4545]
G74098	[GKG4546]
G74099	[GKG4547]
G74100	[GKG4548]
G74101	[GKG4549]
G74102	[GKG4550]
G74103	[GKG4551]
G74104	[GKG4552]
G74105	[GKG4555]
G74106	[GKG4556]
G74107	[GKG4557]
G74108	[GKG4558]
G74109	[GKG4559]
G74110	[GKG4560]
G74111	[GKG4561]
G74112	[GKG4563]
G74113	[GKG4564]
G74114	[GKG4565]
G74115	[GKG4566]
G74116	[GKG4567]
G74117	[GKG4568]
G74118	[GKG4569]
G74119	[GKG4570]
G74120	[GKG4571]
G74121	[GKG4572]
G74122	[GKG4574]
G74123	[GKG4575]
G74124	[GKG4576]
G74125	[GKG4577]
G74126	[GKG4578]
G74127	[GKG4579]
G74128	[GKG4580]
G74129	[GKG4581]
G74130	[GKG4582]
G74131	[GKG4583]
G74132	[GKG4585]
G74133	[GKG4586]
G74134	[GKG4587]
G74135	[GKG4588]
G74136	[GKG4589]
G74137	[GKG4590]
G74138	[GKG4591]
G74139	[GKG4592]
G74140	[GKG4593]
G74141	[GKG4594]
G74142	[GKG4595]
G74143	[GKG4596]
G74144	[GKG4598]
G74145	[GKG4599]
G74146	[GKG4600]
G74147	[GKG4601]
G74148	[GKG4602]
G74149	[GKG4603]
G74150	[GKG4604]
G74151	[GKG4605]
G74152	[GKG4606]
G74153	[GKG4607]
G74154	[GKG4608]
G74155	[GKG4609]
G74156	[GKG4610]
G74157	[GKG4611]
G74158	[GKG4613]
G74159	[GKG4614]
G74160	[GKG4615]
G74161	[GKG4616]
G74162	[GKG4618]
G74163	[GKG4619]
G74164	[GKG4620]
G74165	[GKG4621]
G74166	[GKG4622]
G74167	[GKG4623]
G74168	[GKG4624]
G74169	[GKG4625]
G74170	[GKG4626]
G74171	[GKG4627]
G74172	[GKG4628]
G74173	[GKG4629]
G74174	[GKG4630]
G74175	[GKG4632]
G74176	[GKG4633]
G74177	[GKG4634]
G74178	[GKG4635]
G74179	[GKG4636]
G74180	[GKG4637]
G74181	[GKG4638]
G74182	[GKG4639]
G74183	[GKG4640]
G74184	[GKG4641]
G74185	[GKG4642]
G74186	[GKG4643]
G74187	[GKG4644]
G74188	[GKG4645]
G74189	[GKG4646]
G74190	[GKG4648]
G74191	[GKG4650]
G74192	[GKG4651]
G74193	[GKG4653]
G74194	[GKG4655]
G74195	[GKG4656]
G74196	[GKG4657]
G74197	[GKG4659]
G74198	[GKG4660]
G74199	[GKG4661]
G74200	[GKG4664]
G74201	[GKG4665]
G74202	[GKG4666]
G74203	[GKG4667]
G74204	[GKG4668]
G74205	[GKG4669]
G74206	[GKG4670]
G74207	[GKG4672]
G74208	[GKG4673]
G74209	[GKG4674]
G74210	[GKG4675]
G74211	[GKG4676]
G74212	[GKG4677]
G74213	[GKG4679]
G74214	[GKG4680]
G74215	[GKG4681]
G74216	[GKG4682]
G74217	[GKG4683]
G74218	[GKG4684]
G74219	[GKG4685]
G74220	[GKG4686]
G74221	[GKG4687]
G74222	[GKG4688]
G74223	[GKG4689]
G74224	[GKG4691]
G74225	[GKG4693]
G74226	[GKG4694]
G74227	[GKG4695]
G74228	[GKG4696]
G74229	[GKG4698]
G74230	[GKG4699]
G74231	[GKG4700]
G74232	[GKG4701]
G74233	[GKG4702]
G74234	[GKG4703], [GKG4704]
G74235	[GKG4705]
G74236	[GKG4706]
G74237	[GKG4707]
G74238	[GKG4708]
G74239	[GKG4709]
G74240	[GKG4710]
G74241	[GKG4711]
G74242	[GKG4712]
G74243	[GKG4713]
G74244	[GKG4714]
G74245	[GKG4715]
G74246	[GKG4717]
G74247	[GKG4718]
G74248	[GKG4719]
G74249	[GKG4720]
G74250	[GKG4721]
G74251	[GKG4725]
G74252	[GKG4727]
G74253	[GKG4728]
G74254	[GKG4729]
G74255	[GKG4730]
G74256	[GKG4731]
G74257	[GKG4732]
G74258	[GKG4733]
G74259	[GKG4734]
G74260	[GKG4735]
G74261	[GKG4736]
G74262	[GKG4737]
G74263	[GKG4738]
G74264	[GKG4739]
G74265	[GKG4740]
G74266	[GKG4741]
G74267	[GKG4742]
G74268	[GKG4743]
G74269	[GKG4744]
G74270	[GKG4745]
G74271	[GKG4746]
G74272	[GKG4748]
G74273	[GKG4749]
G74274	[GKG4750]
G74275	[GKG4751]
G74276	[GKG4752]
G74277	[GKG4754]
G74278	[GKG4755]
G74279	[GKG4756]
G74280	[GKG4757]
G74281	[GKG4758]
G74282	[GKG4759]
G74283	[GKG4760]
G74284	[GKG4761]
G74285	[GKG4762]
G74286	[GKG4763]
G74287	[GKG4764]
G74288	[GKG4765]
G74289	[GKG4766]
G74290	[GKG4767]
G74291	[GKG4768]
G74292	[GKG4769]
G74293	[GKG4770]
G74294	[GKG4771]
G74295	[GKG4772]
G74296	[GKG4773]
G74297	[GKG4774]
G74298	[GKG4775]
G74299	[GKG4776]
G74300	[GKG4777]
G74301	[GKG4778]
G74302	[GKG4780]
G74303	[GKG4780]
G74304	[GKG4781]
G74305	[GKG4782]
G74306	[GKG4783]
G74307	[GKG4784]
G74308	[GKG4785]
G74309	[GKG4786]
G74310	[GKG4787]
G74311	[GKG4788]
G74312	[GKG4789]
G74313	[GKG4790]
G74314	[GKG4791]
G74315	[GKG4792]
G74316	[GKG4793]
G74317	[GKG4794]
G74318	[GKG4795]
G74319	[GKG4796]
G74320	[GKG4797]
G74321	[GKG4798]
G74322	[GKG4799]
G74323	[GKG4800]
G74324	[GKG4801]
G74325	[GKG4803]
G74326	[GKG4802]
G74327	[GKG4805]
G74328	[GKG4806]
G74329	[GKG4808]
G74330	[GKG4810]
G74331	[GKG4811]
G74332	[GKG4812]
G74333	[GKG4814]
G74334	[GKG4815]
G74335	[GKG4816]
G74336	[GKG4818]
G74337	[GKG4819]
G74338	[GKG4820]
G74339	[GKG4821]
G74340	[GKG4822]
G74341	[GKG4823]
G74342	[GKG4824]
G74343	[GKG4825]
G74344	[GKG4827]
G74345	[GKG4829]
G74346	[GKG4830]
G74347	[GKG4831]
G74348	[GKG4832]
G74349	[GKG4835]
G74350	[GKG4836]
G74351	[GKG4837]
G74352	[GKG4838]
G74353	[GKG4839]
G74354	[GKG4840]
G74355	[GKG4842]
G74356	[GKG4843]
G74357	[GKG4844]
G74358	[GKG4845]
G74359	[GKG4846]
G74360	[GKG4847]
G74361	[GKG4849]
G74362	[GKG4850]
G74363	[GKG4851]
G74364	[GKG4852]
G74365	[GKG4853]
G74366	[GKG4855]
G74367	[GKG4857]
G74368	[GKG4858]
G74369	[GKG4859]
G74370	[GKG4860]
G74371	[GKG4861]
G74372	[GKG4863]
G74373	[GKG4864]
G74374	[GKG4865]
G74375	[GKG4866]
G74376	[GKG4868]
G74377	[GKG4869]
G74378	[GKG4871]
G74379	[GKG4872]
G74380	[GKG4873]
G74381	[GKG4874]
G74382	[GKG4876]
G74383	[GKG4877]
G74384	[GKG4878]
G74385	[GKG4879]
G74386	[GKG4880]
G74387	[GKG4881]
G74388	[GKG4882]
G74389	[GKG4883]
G74390	[GKG4884]
G74391	[GKG4885]
G74392	[GKG4886]
G74393	[GKG4887]
G74394	[GKG4887]
G74395	[GKG4888]
G74396	[GKG4889]
G74397	[GKG4891]
G74398	[GKG4892]
G74399	[GKG4893]
G74400	[GKG4894]
G74401	[GKG4895]
G74402	[GKG4896]
G74403	[GKG4897]
G74404	[GKG4899]
G74405	[GKG4901]
G74406	[GKG4902]
G74407	[GKG4903]
G74408	[GKG4904]
G74409	[GKG4905]
G74410	[GKG4907]
G74411	[GKG4908]
G74412	[GKG4909]
G74413	[GKG4910]
G74414	[GKG4911]
G74415	[GKG4912]
G74416	[GKG4913]
G74417	[GKG4914]
G74418	[GKG4915]
G74419	[GKG4917]
G74420	[GKG4918]
G74421	[GKG4919]
G74422	[GKG4920]
G74423	[GKG4921]
G74424	[GKG4922]
G74425	[GKG4924]
G74426	[GKG4925]
G74427	[GKG4926]
G74428	[GKG4928]
G74429	[GKG4929]
G74430	[GKG4930]
G74431	[GKG4931]
G74432	[GKG4932]
G74433	[GKG4933]
G74434	[GKG4934]
G74435	[GKG4935]
G74436	[GKG4936]
G74437	[GKG4937]
G74438	[GKG4939]
G74439	[GKG4940]
G74440	[GKG4941]
G74441	[GKG4942]
G74442	[GKG4943]
G74443	[GKG4944]
G74444	[GKG4946]
G74445	[GKG4947]
G74446	[GKG4948]
G74447	[GKG4949]
G74448	[GKG4950]
G74449	[GKG4952]
G74450	[GKG4953]
G74451	[GKG4954]
G74452	[GKG4955]
G74453	[GKG4956]
G74454	[GKG4957]
G74455	[GKG4958]
G74456	[GKG4960]
G74457	[GKG4962]
G74458	[GKG4963]
G74459	[GKG4964]
G74460	[GKG4965]
G74461	[GKG4967]
G74462	[GKG4968]
G74463	[GKG4970]
G74464	[GKG4971]
G74465	[GKG4972]
G74466	[GKG4973]
G74467	[GKG4974]
G74468	[GKG4975]
G74469	[GKG4976]
G74470	[GKG4976]
G74471	[GKG4977]
G74472	[GKG4978]
G74473	[GKG4980]
G74474	[GKG4981]
G74475	[GKG4982]
G74476	[GKG4983]
G74477	[GKG4984]
G74478	[GKG4985]
G74479	[GKG4986]
G74480	[GKG4988]
G74481	[GKG4989]
G74482	[GKG4990]
G74483	[GKG4991]
G74484	[GKG4992]
G74485	[GKG4994]
G74486	[GKG4995]
G74487	[GKG4997]
G74488	[GKG4998]
G74489	[GKG4999]
G74490	[GKG5002]
G74491	[GKG5003]
G74492	[GKG5004]
G74493	[GKG5005]
G74494	[GKG5006]
G74495	[GKG5007]
G74496	[GKG5008]
G74497	[GKG5009]
G74498	[GKG5010]
G74499	[GKG5011]
G74500	[GKG5012]
G74501	[GKG5013]
G74502	[GKG5014]
G74503	[GKG5015]
G74504	[GKG5016]
G74505	[GKG5017]
G74506	[GKG5018]
G74507	[GKG5019]
G74508	[GKG5020]
G74509	[GKG5021]
G74510	[GKG5022]
G74511	[GKG5023]
G74512	[GKG5024]
G74513	[GKG5025]
G74514	[GKG5026]
G74515	[GKG5027]
G74516	[GKG5028]
G74517	[GKG5029]
G74518	[GKG5031]
G74519	[GKG5030]
G74520	[GKG5032]
G74521	[GKG5033]
G74522	[GKG5034]
G74523	[GKG5034]
G74524	[GKG5035]
G74525	[GKG5037]
G74526	[GKG5038]
G74527	[GKG5039]
G74528	[GKG5040]
G74529	[GKG5043]
G74530	[GKG5044]
G74531	[GKG5046]
G74532	[GKG5047]
G74533	[GKG5048]
G74534	[GKG5048]
G74535	[GKG5049]
G74536	[GKG5050]
G74537	[GKG5051]
G74538	[GKG5052]
G74539	[GKG5053]
G74540	[GKG5054]
G74541	[GKG5055]
G74542	[GKG5056]
G74543	[GKG5060]
G74544	[GKG5057]
G74545	[GKG5058]
G74546	[GKG5059]
G74547	[GKG5061]
G74548	[GKG5062]
G74549	[GKG5063]
G74550	[GKG5064]
G74551	[GKG5065]
G74552	[GKG5066]
G74553	[GKG5067]
G74554	[GKG5068]
G74555	[GKG5069]
G74556	[GKG5070]
G74557	[GKG5071]
G74558	[GKG5072]
G74559	[GKG5073]
G74560	[GKG5074]
G74561	[GKG5075]
G74562	[GKG5076]
G74563	[GKG5077]
G74564	[GKG5078]
G74565	[GKG5079]
G74566	[GKG5080]
G74567	[GKG5081]
G74568	[GKG5082]
G74569	[GKG5083]
G74570	[GKG5084]
G74571	[GKG5084]
G74572	[GKG5085]
G74573	[GKG5086]
G74574	[GKG5087]
G74575	[GKG5088]
G74576	[GKG5089]
G74577	[GKG5090]
G74578	[GKG5091]
G74579	[GKG5092]
G74580	[GKG5093]
G74581	[GKG5094]
G74582	[GKG5095]
G74583	[GKG5096]
G74584	[GKG5097]
G74585	[GKG5098]
G74586	[GKG5099]
G74587	[GKG5100]
G74588	[GKG5101]
G74589	[GKG5102]
G74590	[GKG5103]
G74591	[GKG5104]
G74592	[GKG5105]
G74593	[GKG5106]
G74594	[GKG5107]
G74595	[GKG5109]
G74596	[GKG5108]
G74597	[GKG5110]
G74598	[GKG5111]
G74599	[GKG5112]
G74600	[GKG5113]
G74601	[GKG5114]
G74602	[GKG5115]
G74603	[GKG5116]
G74604	[GKG5117]
G74605	[GKG5118]
G74606	[GKG5119]
G74607	[GKG5119]
G74608	[GKG5121]
G74609	[GKG5122]
G74610	[GKG5123]
G74611	[GKG5124]
G74612	[GKG5125]
G74613	[GKG5126]
G74614	[GKG5127]
G74615	[GKG5128]
G74616	[GKG5129]
G74617	[GKG5130]
G74618	[GKG5131]
G74619	[GKG5132]
G74620	[GKG5133]
G74621	[GKG5136]
G74622	[GKG5137]
G74623	[GKG5138]
G74624	[GKG5139]
G74625	[GKG5140]
G74626	[GKG5141]
G74627	[GKG5142]
G74628	[GKG5144]
G74629	[GKG5145]
G74630	[GKG5146]
G74631	[GKG5148]
G74632	[GKG5149]
G74633	[GKG5150]
G74634	[GKG5151]
G74635	[GKG5152]
G74636	[GKG5153]
G74637	[GKG5154]
G74638	[GKG5155]
G74639	[GKG5156]
G74640	[GKG5157]
G74641	[GKG5158]
G74642	[GKG5159]
G74643	[GKG5160]
G74644	[GKG5161]
G74645	[GKG5163]
G74646	[GKG5164]
G74647	[GKG5166]
G74648	[GKG5167]
G74649	[GKG5168]
G74650	[GKG5169]
G74651	[GKG5170]
G74652	[GKG5171]
G74653	[GKG5172]
G74654	[GKG5173]
G74655	[GKG5174]
G74656	[GKG5175]
G74657	[GKG5176]
G74658	[GKG5177]
G74659	[GKG5178]
G74660	[GKG5180]
G74661	[GKG5182]
G74662	[GKG5183]
G74663	[GKG5184]
G74664	[GKG5186]
G74665	[GKG5187]
G74666	[GKG5188]
G74667	[GKG5189]
G74668	[GKG5190]
G74669	[GKG5191]
G74670	[GKG5192]
G74671	[GKG5193]
G74672	[GKG5194]
G74673	[GKG5195]
G74674	[GKG5196]
G74675	[GKG5197]
G74676	[GKG5198]
G74677	[GKG5199]
G74678	[GKG5200]
G74679	[GKG5201]
G74680	[GKG5202]
G74681	[GKG5203]
G74682	[GKG5204]
G74683	[GKG5205]
G74684	[GKG5206]
G74685	[GKG5207]
G74686	[GKG5208]
G74687	[GKG5209]
G74688	[GKG5210]
G74689	[GKG5211]
G74690	[GKG5212]
G74691	[GKG5213]
G74692	[GKG5214]
G74693	[GKG5215]
G74694	[GKG5217]
G74695	[GKG5218]
G74696	[GKG5219]
G74697	[GKG5220]
G74698	[GKG5221]
G74699	[GKG5223]
G74700	[GKG5224]
G74701	[GKG5225]
G74702	[GKG5227]
G74703	[GKG5228]
G74704	[GKG5229]
G74705	[GKG5230]
G74706	[GKG5231]
G74707	[GKG5232]
G74708	[GKG5233]
G74709	[GKG5235]
G74710	[GKG5236]
G74711	[GKG5237]
G74712	[GKG5238]
G74713	[GKG5239]
G74714	[GKG5241]
G74715	[GKG5243]
G74716	[GKG5242]
G74717	[GKG5244]
G74718	[GKG5245]
G74719	[GKG5246]
G74720	[GKG5247]
G74721	[GKG5248]
G74722	[GKG5249]
G74723	[GKG5250]
G74724	[GKG5251]
G74725	[GKG5252]
G74726	[GKG5253]
G74727	[GKG5254]
G74728	[GKG5255]
G74729	[GKG5256]
G74730	[GKG5257]
G74731	[GKG5258]
G74732	[GKG5259]
G74733	[GKG5261]
G74734	[GKG5262]
G74735	[GKG5263]
G74736	[GKG5264]
G74737	[GKG5265]
G74738	[GKG5267]
G74739	[GKG5269]
G74740	[GKG5270]
G74741	[GKG5271]
G74742	[GKG5272]
G74743	[GKG5273]
G74744	[GKG5274]
G74745	[GKG5275]
G74746	[GKG5277]
G74747	[GKG5279]
G74748	[GKG5278]
G74749	[GKG5280]
G74750	[GKG5281]
G74751	[GKG5282]
G74752	[GKG5283]
G74753	[GKG5284]
G74754	[GKG5287]
G74755	[GKG5289]
G74756	[GKG5291]
G74757	[GKG5292]
G74758	[GKG5293]
G74759	[GKG5296]
G74760	[GKG5298]
G74761	[GKG5299]
G74762	[GKG5300]
G74763	[GKG5301]
G74764	[GKG5302]
G74765	[GKG5303]
G74766	[GKG5304]
G74767	[GKG5305]
G74768	[GKG5306]
G74769	[GKG5307]
G74770	[GKG5308]
G74771	[GKG5309]
G74772	[GKG5310]
G74773	[GKG5311]
G74774	[GKG5312]
G74775	[GKG5313]
G74776	[GKG5314]
G74777	[GKG5315]
G74778	[GKG5316]
G74779	[GKG5317]
G74780	[GKG5317]
G74781	[GKG5317]
G74782	[GKG5319]
G74783	[GKG5321]
G74784	[GKG5322]
G74785	[GKG5323]
G74786	[GKG5324]
G74787	[GKG5325]
G74788	[GKG5326]
G74789	[GKG5327]
G74790	[GKG5328]
G74791	[GKG5330]
G74792	[GKG5332]
G74793	[GKG5333]
G74794	[GKG5334]
G74795	[GKG5335]
G74796	[GKG5337]
G74797	[GKG5338]
G74798	[GKG5339]
G74799	[GKG5340]
G74800	[GKG5341]
G74801	[GKG5342]
G74802	[GKG5343]
G74803	[GKG5344]
G74804	[GKG5345]
G74805	[GKG5347]
G74806	[GKG5348]
G74807	[GKG5349]
G74808	[GKG5350]
G74809	[GKG5352]
G74810	[GKG5353]
G74811	[GKG5354]
G74812	[GKG5355]
G74813	[GKG5358]
G74814	[GKG5359]
G74815	[GKG5360]
G74816	[GKG5361]
G74817	[GKG5362]
G74818	[GKG5364]
G74819	[GKG5365]
G74820	[GKG5366]
G74821	[GKG5367]
G74822	[GKG5368]
G74823	[GKG5369]
G74824	[GKG5370]
G74825	[GKG5371]
G74826	[GKG5372]
G74827	[GKG5373]
G74828	[GKG5374]
G74829	[GKG5375]
G74830	[GKG5376]
G74831	[GKG5377]
G74832	[GKG5379]
G74833	[GKG5380]
G74834	[GKG5381]
G74835	[GKG5382]
G74836	[GKG5383]
G74837	[GKG5385]
G74838	[GKG5386]
G74839	[GKG5387]
G74840	[GKG5388]
G74841	[GKG5389]
G74842	[GKG5390]
G74843	[GKG5391]
G74844	[GKG5392]
G74845	[GKG5393]
G74846	[GKG5394]
G74847	[GKG5395]
G74848	[GKG5396]
G74849	[GKG5397]
G74850	[GKG5398]
G74851	[GKG5399]
G74852	[GKG5400]
G74853	[GKG5401]
G74854	[GKG5403]
G74855	[GKG5404]
G74856	[GKG5405]
G74857	[GKG5406]
G74858	[GKG5407]
G74859	[GKG5408]
G74860	[GKG5409]
G74861	[GKG5411]
G74862	[GKG5412]
G74863	[GKG5413]
G74864	[GKG5414]
G74865	[GKG5415]
G74866	[GKG5416]
G74867	[GKG5417]
G74868	[GKG5418]
G74869	[GKG5419]
G74870	[GKG5420]
G74871	[GKG5421]
G74872	[GKG5423]
G74873	[GKG5424]
G74874	[GKG5425]
G74875	[GKG5426]
G74876	[GKG5427]
G74877	[GKG5428]
G74878	[GKG5429]
G74879	[GKG5431]
G74880	[GKG5432]
G74881	[GKG5433]
G74882	[GKG5434]
G74883	[GKG5435]
G74884	[GKG5436]
G74885	[GKG5438]
G74886	[GKG5439]
G74887	[GKG5440]
G74888	[GKG5441]
G74889	[GKG5442]
G74890	[GKG5441]
G74891	[GKG5443]
G74892	[GKG5444]
G74893	[GKG5444]
G74894	[GKG5445]
G74895	[GKG5446]
G74896	[GKG5447]
G74897	[GKG5448]
G74898	[GKG5449]
G74899	[GKG5450]
G74900	[GKG5451]
G74901	[GKG5452]
G74902	[GKG5454]
G74903	[GKG5455]
G74904	[GKG5456]
G74905	[GKG5457]
G74906	[GKG5458]
G74907	[GKG5459]
G74908	[GKG5460]
G74909	[GKG5461]
G74910	[GKG5462]
G74911	[GKG5463]
G74912	[GKG5464]
G74913	[GKG5465]
G74914	[GKG5467]
G74915	[GKG5468]
G74916	[GKG5469]
G74917	[GKG5470]
G74918	[GKG5472]
G74919	[GKG5475]
G74920	[GKG5476]
G74921	[GKG5477]
G74922	[GKG5478]
G74923	[GKG5479]
G74924	[GKG5480]
G74925	[GKG5489]
G74926	[GKG5490]
G74927	[GKG5481]
G74928	[GKG5482]
G74929	[GKG5483]
G74930	[GKG5484]
G74931	[GKG5485]
G74932	[GKG5487]
G74933	[GKG5488]
G74934	[GKG5491]
G74935	[GKG5492]
G74936	[GKG5493]
G74937	[GKG5494]
G74938	[GKG5495]
G74939	[GKG5496]
G74940	[GKG5498]
G74941	[GKG5499]
G74942	[GKG5500]
G74943	[GKG5501]
G74944	[GKG5502]
G74945	[GKG5503]
G74946	[GKG5504]
G74947	[GKG5505]
G74948	[GKG5506]
G74949	[GKG5507]
G74950	[GKG5508]
G74951	[GKG5509]
G74952	[GKG5510]
G74953	[GKG5511]
G74954	[GKG5512]
G74955	[GKG5513]
G74956	[GKG5514]
G74957	[GKG5516]
G74958	[GKG5515]
G74959	[GKG5517]
G74960	[GKG5518]
G74961	[GKG5519]
G74962	[GKG5521]
G74963	[GKG5523]
G74964	[GKG5524]
G74965	[GKG5525]
G74966	[GKG5526]
G74967	[GKG5527]
G74968	[GKG5528]
G74969	[GKG5530]
G74970	[GKG5532]
G74971	[GKG5533]
G74972	[GKG5534]
G74973	[GKG5535]
G74974	[GKG5536]
G74975	[GKG5537]
G74976	[GKG5538]
G74977	[GKG5539]
G74978	[GKG5540]
G74979	[GKG5543]
G74980	[GKG5544]
G74981	[GKG5545]
G74982	[GKG5546]
G74983	[GKG5547]
G74984	[GKG5548]
G74985	[GKG5549]
G74986	[GKG5550]
G74987	[GKG5551]
G74988	[GKG5552]
G74989	[GKG5552]
G74990	[GKG5554]
G74991	[GKG5555]
G74992	[GKG5556]
G74993	[GKG5557]
G74994	[GKG5558]
G74995	[GKG5559]
G74996	[GKG5560]
G74997	[GKG5561]
G74998	[GKG5562]
G74999	[GKG5563]
G75000	[GKG5563]
G75001	[GKG5565]
G75002	[GKG5566]
G75003	[GKG5567]
G75004	[GKG5567]
G75005	[GKG5569]
G75006	[GKG5570]
G75007	[GKG5571]
G75008	[GKG5572]
G75009	[GKG5573]
G75010	[GKG5574]
G75011	[GKG5575]
G75012	[GKG5576]
G75013	[GKG5577]
G75014	[GKG5579]
G75015	[GKG5580]
G75016	[GKG5581]
G75017	[GKG5582]
G75018	[GKG5583]
G75019	[GKG5584]
G75020	[GKG5585]
G75021	[GKG5586]
G75022	[GKG5587]
G75023	[GKG5588]
G75024	[GKG5589]
G75025	[GKG5590]
G75026	[GKG5592]
G75027	[GKG5593]
G75028	[GKG5594]
G75029	[GKG5595]
G75030	[GKG5596]
G75031	[GKG5597]
G75032	[GKG5598]
G75033	[GKG5601]
G75034	[GKG5602]
G75035	[GKG5603]
G75036	[GKG5604]
G75037	[GKG5606]
G75038	[GKG5605]
G75039	[GKG5607]
G75040	[GKG5608]
G75041	[GKG5610]
G75042	[GKG5611]
G75043	[GKG5612]
G75044	[GKG5613]
G75045	[GKG5614]
G75046	[GKG5615]
G75047	[GKG5616]
G75048	[GKG5617]
G75049	[GKG5618]
G75050	[GKG5619]
G75051	[GKG5620]
G75052	[GKG5621]
G75053	[GKG5622]
G75054	[GKG5623]
G75055	[GKG5624]
G75056	[GKG5625]
G75057	[GKG5626]
G75058	[GKG5627]
G75059	[GKG5628]
G75060	[GKG5629]
G75061	[GKG5630]
G75062	[GKG5631]
G75063	[GKG5632]
G75064	[GKG5633]
G75065	[GKG5634]
G75066	[GKG5635]
G75067	[GKG5636]
G75068	[GKG5637]
G75069	[GKG5638]
G75070	[GKG5639]
G75071	[GKG5640]
G75072	[GKG5641]
G75073	[GKG5642]
G75074	[GKG5643]
G75075	[GKG5644]
G75076	[GKG5645]
G75077	[GKG5647]
G75078	[GKG5649]
G75079	[GKG5650]
G75080	[GKG5651]
G75081	[GKG5654]
G75082	[GKG5655]
G75083	[GKG5657]
G75084	[GKG5658]
G75085	[GKG5659]
G75086	[GKG5660]
G75087	[GKG5661]
G75088	[GKG5662]
G75089	[GKG5663]
G75090	[GKG5664]
G75091	[GKG5665]
G75092	[GKG5666]
G75093	[GKG5667]
G75094	[GKG5668]
G75095	[GKG5669]
G75096	[GKG5670]
G75097	[GKG5671]
G75098	[GKG5672]
G75099	[GKG5673]
G75100	[GKG5674]
G75101	[GKG5675]
G75102	[GKG5676]
G75103	[GKG5677]
G75104	[GKG5678]
G75105	[GKG5679]
G75106	[GKG5680]
G75107	[GKG5681]
G75108	[GKG5682]
G75109	[GKG5683]
G75110	[GKG5686]
G75111	[GKG5685]
G75112	[GKG5687]
G75113	[GKG5688]
G75114	[GKG5689]
G75115	[GKG5690]
G75116	[GKG5691]
G75117	[GKG5693]
G75118	[GKG5694]
G75119	[GKG5695]
G75120	[GKG5696]
G75121	[GKG5698]
G75122	[GKG5699]
G75123	[GKG5700]
G75124	[GKG5701]
G75125	[GKG5702]
G75126	[GKG5703]
G75127	[GKG5704]
G75128	[GKG5705]
G75129	[GKG5706]
G75130	[GKG5707]
G75131	[GKG5709]
G75132	[GKG5710]
G75133	[GKG5711]
G75134	[GKG5712]
G75135	[GKG5713]
G75136	[GKG5714]
G75137	[GKG5715]
G75138	[GKG5716]
G75139	[GKG5717]
G75140	[GKG5718]
G75141	[GKG5719]
G75142	[GKG5720]
G75143	[GKG5721]
G75144	[GKG5722]
G75145	[GKG5723]
G75146	[GKG5724]
G75147	[GKG5725]
G75148	[GKG5727]
G75149	[GKG5728]
G75150	[GKG5729]
G75151	[GKG5730]
G75152	[GKG5731]
G75153	[GKG5731]
G75154	[GKG5733]
G75155	[GKG5734]
G75156	[GKG5735]
G75157	[GKG5736]
G75158	[GKG5737]
G75159	[GKG5738]
G75160	[GKG5739]
G75161	[GKG5741]
G75162	[GKG5742]
G75163	[GKG5743]
G75164	[GKG5744]
G75165	[GKG5745]
G75166	[GKG5746]
G75167	[GKG5747]
G75168	[GKG5748]
G75169	[GKG5749]
G75170	[GKG5750]
G75171	[GKG5751]
G75172	[GKG5752]
G75173	[GKG5753]
G75174	[GKG5754]
G75175	[GKG5755]
G75176	[GKG5756]
G75177	[GKG5757]
G75178	[GKG5758]
G75179	[GKG5760]
G75180	[GKG5761]
G75181	[GKG5762]
G75182	[GKG5763]
G75183	[GKG5764]
G75184	[GKG5765]
G75185	[GKG5766]
G75186	[GKG5767]
G75187	[GKG5768]
G75188	[GKG5770]
G75189	[GKG5771]
G75190	[GKG5772]
G75191	[GKG5773]
G75192	[GKG5774]
G75193	[GKG5776]
G75194	[GKG5777]
G75195	[GKG5778]
G75196	[GKG5779]
G75197	[GKG5780]
G75198	[GKG5781]
G75199	[GKG5782]
G75200	[GKG5783]
G75201	[GKG5784]
G75202	[GKG5785]
G75203	[GKG5786]
G75204	[GKG5787]
G75205	[GKG5788]
G75206	[GKG5789]
G75207	[GKG5790]
G75208	[GKG5791]
G75209	[GKG5792]
G75210	[GKG5793]
G75211	[GKG5794]
G75212	[GKG5795]
G75213	[GKG5796]
G75214	[GKG5797]
G75215	[GKG5798]
G75216	[GKG5799]
G75217	[GKG5800]
G75218	[GKG5801]
G75219	[GKG5802]
G75220	[GKG5803]
G75221	[GKG5804]
G75222	[GKG5805]
G75223	[GKG5806]
G75224	[GKG5807]
G75225	[GKG5808]
G75226	[GKG5809]
G75227	[GKG5810]
G75228	[GKG5811]
G75229	[GKG5812]
G75230	[GKG5813]
G75231	[GKG5814]
G75232	[GKG5815]
G75233	[GKG5816]
G75234	[GKG5817]
G75235	[GKG5818]
G75236	[GKG5819]
G75237	[GKG5821]
G75238	[GKG5823]
G75239	[GKG5824]
G75240	[GKG5825]
G75241	[GKG5826]
G75242	[GKG5827]
G75243	[GKG5828], [GKG5830]
G75244	[GKG5829]
G75245	[GKG5831]
G75246	[GKG5832]
G75247	[GKG5833]
G75248	[GKG5834]
G75249	[GKG5836]
G75250	[GKG5837]
G75251	[GKG5838]
G75252	[GKG5839]
G75253	[GKG5840]
G75254	[GKG5841]
G75255	[GKG5842]
G75256	[GKG5843]
G75257	[GKG5844]
G75258	[GKG5845]
G75259	[GKG5847]
G75260	[GKG5848]
G75261	[GKG5849]
G75262	[GKG5850]
G75263	[GKG5851]
G75264	[GKG5852]
G75265	[GKG5853]
G75266	[GKG5854]
G75267	[GKG5855]
G75268	[GKG5856]
G75269	[GKG5857]
G75270	[GKG5858]
G75271	[GKG5859]
G75272	[GKG5860]
G75273	[GKG5861]
G75274	[GKG5862]
G75275	[GKG5863]
G75276	[GKG5864]
G75277	[GKG5865]
G75278	[GKG5866]
G75279	[GKG5867]
G75280	[GKG5869]
G75281	[GKG5870]
G75282	[GKG5871]
G75283	[GKG5872]
G75284	[GKG5873]
G75285	[GKG5874]
G75286	[GKG5875]
G75287	[GKG5876]
G75288	[GKG5877]
G75289	[GKG5878]
G75290	[GKG5879]
G75291	[GKG5880]
G75292	[GKG5881]
G75293	[GKG5882]
G75294	[GKG5883]
G75295	[GKG5884]
G75296	[GKG5885]
G75297	[GKG5886]
G75298	[GKG5887]
G75299	[GKG5888]
G75300	[GKG5889]
G75301	[GKG5890]
G75302	[GKG5891]
G75303	[GKG5892]
G75304	[GKG5893]
G75305	[GKG5894]
G75306	[GKG5895]
G75307	[GKG5897]
G75308	[GKG5898]
G75309	[GKG5899]
G75310	[GKG5900]
G75311	[GKG5901]
G75312	[GKG5902]
G75313	[GKG5903]
G75314	[GKG5906]
G75315	[GKG5907]
G75316	[GKG5908]
G75317	[GKG5909]
G75318	[GKG5910]
G75319	[GKG5911]
G75320	[GKG5912]
G75321	[GKG5913]
G75322	[GKG5914]
G75323	[GKG5915]
G75324	[GKG5916]
G75325	[GKG5917]
G75326	[GKG5918]
G75327	[GKG5919]
G75328	[GKG5920]
G75329	[GKG5921]
G75330	[GKG5922]
G75331	[GKG5923]
G75332	[GKG5924]
G75333	[GKG5925]
G75334	[GKG5926]
G75335	[GKG5927]
G75336	[GKG5928]
G75337	[GKG5929]
G75338	[GKG5930]
G75339	[GKG5931]
G75340	[GKG5932]
G75341	[GKG5933]
G75342	[GKG5934]
G75343	[GKG5935]
G75344	[GKG5936]
G75345	[GKG5937]
G75346	[GKG5938]
G75347	[GKG5939]
G75348	[GKG5941]
G75349	[GKG5942]
G75350	[GKG5943]
G75351	[GKG5944]
G75352	[GKG5945]
G75353	[GKG5946]
G75354	[GKG5948]
G75355	[GKG5949]
G75356	[GKG5950]
G75357	[GKG5951]
G75358	[GKG5952]
G75359	[GKG5954]
G75360	[GKG5955]
G75361	[GKG5956]
G75362	[GKG5957]
G75363	[GKG5958]
G75364	[GKG5960]
G75365	[GKG5961]
G75366	[GKG5962]
G75367	[GKG5963]
G75368	[GKG5964]
G75369	[GKG5965]
G75370	[GKG5966]
G75371	[GKG5967]
G75372	[GKG5968]
G75373	[GKG5970]
G75374	[GKG5971]
G75375	[GKG5973]
G75376	[GKG5974]
G75377	[GKG5975]
G75378	[GKG5976]
G75379	[GKG5977]
G75380	[GKG5978]
G75381	[GKG5979]
G75382	[GKG5980]
G75383	[GKG5981]
G75384	[GKG5982]
G75385	[GKG5983]
G75386	[GKG5984]
G75387	[GKG5985]
G75388	[GKG5986]
G75389	[GKG5987]
G75390	[GKG5988]
G75391	[GKG5989]
G75392	[GKG5990]
G75393	[GKG5991]
G75394	[GKG5992]
G75395	[GKG5993]
G75396	[GKG5994]
G75397	[GKG5995]
G75398	[GKG5996]
G75399	[GKG5997]
G75400	[GKG5998]
G75401	[GKG5999]
G75402	[GKG6000]
G75403	[GKG6001]
G75404	[GKG6003]
G75405	[GKG6004]
G75406	[GKG6005]
G75407	[GKG6006]
G75408	[GKG6008]
G75409	[GKG6010]
G75410	[GKG6011]
G75411	[GKG6012]
G75412	[GKG6013]
G75413	[GKG6014]
G75414	[GKG6015]
G75415	[GKG6016]
G75416	[GKG6017]
G75417	[GKG6018]
G75418	[GKG6019]
G75419	[GKG6020]
G75420	[GKG6021]
G75421	[GKG6022]
G75422	[GKG6023]
G75423	[GKG6024]
G75424	[GKG6025]
G75425	[GKG6026]
G75426	[GKG6027]
G75427	[GKG6028]
G75428	[GKG6029]
G75429	[GKG6030]
G75430	[GKG6031]
G75431	[GKG6032]
G75432	[GKG6034]
G75433	[GKG6035]
G75434	[GKG6038]
G75435	[GKG6036]
G75436	[GKG6037]
G75437	[GKG6039]
G75438	[GKG6040]
G75439	[GKG6041]
G75440	[GKG6043]
G75441	[GKG6042]
G75442	[GKG6045]
G75443	[GKG6046]
G75444	[GKG6047]
G75445	[GKG6048]
G75446	[GKG6049]
G75447	[GKG6050]
G75448	[GKG6051]
G75449	[GKG6052]
G75450	[GKG6053]
G75451	[GKG6054]
G75452	[GKG6055]
G75453	[GKG6057]
G75454	[GKG6058]
G75455	[GKG6059]
G75456	[GKG6060]
G75457	[GKG6061]
G75458	[GKG6062]
G75459	[GKG6063]
G75460	[GKG6064]
G75461	[GKG6065]
G75462	[GKG6066]
G75463	[GKG6067]
G75464	[GKG6068]
