％G70001	2
％G70002	3
％G70003	4
％G70004	5
％G70005	6
％G70006	7
％G70007	8
％G70008	9
％G70009	10
％G70010	11
％G70011	12
％G70012	13
％G70013	14
％G70014	15
％G70015	16
％G70016	17
％G70017	18
％G70018	14
％G70019	19
％G70020	20
％G70021	21
％G70022	22
％G70023	23
％G70024	24
％G70025	25
％G70026	26
％G70027	27
％G70028	28
％G70029	29
％G70030	30
％G70031	31
％G70033	32
％G70036	34
％G70037	35
％G70038	36
％G70039	37
％G70040	38
％G70041	40
％G70042	41
％G70043	42
％G70044	43
％G70045	44
％G70046	45
％G70047	46
％G70048	47
％G70049	48
％G70050	49
％G70051	40
％G70052	51
％G70053	52
％G70054	53
％G70055	54
％G70056	55
％G70057	56
％G70058	57
％G70059	58
％G70060	59
％G70061	60
％G70062	61
％G70063	62
％G70064	63
％G70065	64
％G70066	65
％G70067	66
％G70068	67
％G70069	68
％G70070	69
％G70071	70
％G70072	71
％G70073	72
％G70074	73
％G70075	74
％G70076	75
％G70077	76
％G70078	77
％G70079	78
％G70080	79
％G70081	80
％G70082	81
％G70083	82
％G70084	83
％G70085	84
％G70086	85
％G70087	86
％G70088	87
％G70089	88
％G70090	89
％G70091	91
％G70092	92
％G70093	93
％G70094	94
％G70095	95
％G70097	96
％G70098	97
％G70099	98
％G70100	99
％G70101	100
％G70102	101
％G70103	102
％G70104	103
％G70105	104
％G70106	105
％G70107	106
％G70108	107
％G70109	108
％G70110	109
％G70111	110
％G70112	111
％G70113	112
％G70114	75
％G70115	114
％G70116	115
％G70117	116
％G70118	117
％G70119	118
％G70120	119
％G70122	120
％G70123	121
％G70124	122
％G70125	123
％G70126	124
％G70127	125
％G70128	126
％G70129	127
％G70130	128
％G70131	129
％G70132	130
％G70133	131
％G70134	132
％G70135	133
％G70136	134
％G70137	135
％G70138	136
％G70139	137
％G70140	138
％G70141	139
％G70142	140
％G70143	141
％G70144	142
％G70145	143
％G70146	144
％G70147	145
％G70148	146
％G70149	147
％G70150	148
％G70151	150
％G70152	151
％G70153	152
％G70154	153
％G70155	154
％G70156	155
％G70157	156
％G70158	158
％G70159	159
％G70160	157
％G70161	160
％G70162	161
％G70163	162
％G70164	163
％G70165	164
％G70166	165
％G70167	166
％G70168	167
％G70169	169
％G70170	170
％G70171	171
％G70172	172
％G70173	173
％G70174	174
％G70175	175
％G70176	176
％G70177	177
％G70178	178
％G70179	179
％G70180	180
％G70181	181
％G70182	182
％G70183	184
％G70184	185
％G70185	186
％G70186	187
％G70187	188
％G70188	189
％G70189	190
％G70190	191
％G70191	192
％G70192	193
％G70193	194
％G70194	195
％G70197	198
％G70198	199
％G70199	200
％G70200	201
％G70201	202
％G70202	203
％G70203	204
％G70204	205
％G70205	206
％G70206	207
％G70207	208
％G70208	209
％G70209	210
％G70211	211
％G70212	211
％G70213	212
％G70214	213
％G70215	214
％G70216	215
％G70217	216
％G70218	217
％G70219	218
％G70220	219
％G70221	220
％G70222	221
％G70223	222
％G70224	223
％G70225	224
％G70226	225
％G70227	226
％G70228	227
％G70229	228
％G70230	229
％G70231	230
％G70232	231
％G70233	232
％G70234	233
％G70235	234
％G70236	235
％G70237	236
％G70238	237
％G70240	238
％G70241	239
％G70242	240
％G70243	241
％G70244	242
％G70245	243
％G70246	244
％G70247	245
％G70248	246
％G70249	247
％G70250	248
％G70251	249
％G70252	250
％G70253	252
％G70255	254
％G70256	255
％G70257	1
％G70258	256
％G70259	257
％G70260	258
％G70261	259
％G70262	260
％G70263	177
％G70264	262
％G70265	263
％G70266	264
％G70267	181
％G70268	182
％G70269	267
％G70270	268
％G70271	269
％G70272	270
％G70273	271
％G70274	272
％G70275	273
％G70276	274
％G70277	275
％G70278	276
％G70279	277
％G70280	278
％G70281	279
％G70282	280
％G70283	281
％G70284	282
％G70285	283
％G70286	284
％G70287	285
％G70288	286
％G70289	287
％G70290	288
％G70291	289
％G70292	290
％G70293	291
％G70294	292
％G70297	293
％G70298	294
％G70299	295
％G70300	296
％G70301	297
％G70302	298
％G70304	299
％G70305	301
％G70306	302
％G70307	303
％G70308	304
％G70309	305
％G70310	306
％G70311	307
％G70312	308
％G70313	309
％G70314	310
％G70315	311
％G70317	312
％G70318	313
％G70319	314
％G70320	315
％G70321	316
％G70322	317
％G70323	318
％G70324	319
％G70325	320
％G70326	321
％G70327	322
％G70328	323
％G70329	324
％G70330	325
％G70331	326
％G70332	327
％G70333	328
％G70334	329
％G70335	330
％G70336	331
％G70337	332
％G70338	333
％G70339	335
％G70340	336
％G70341	337
％G70342	338
％G70343	339
％G70344	340
％G70345	341
％G70346	342
％G70347	343
％G70348	344
％G70349	345
％G70350	346
％G70351	347
％G70352	349
％G70353	350
％G70354	351
％G70355	352
％G70356	353
％G70357	354
％G70358	355
％G70359	356
％G70360	357
％G70361	358
％G70362	359
％G70363	360
％G70364	362
％G70365	363
％G70366	364
％G70367	365
％G70368	366
％G70369	367
％G70370	368
％G70371	369
％G70372	370
％G70373	371
％G70374	372
％G70375	373
％G70376	374
％G70377	375
％G70379	376
％G70380	377
％G70381	378
％G70382	379
％G70383	380
％G70384	381
％G70385	382
％G70386	383
％G70387	384
％G70388	385
％G70389	386
％G70390	387
％G70391	388
％G70392	389
％G70393	390
％G70394	391
％G70395	392
％G70396	393
％G70397	394
％G70398	395
％G70399	396
％G70400	397
％G70401	398
％G70402	399
％G70403	400
％G70404	401
％G70405	402
％G70406	403
％G70407	404
％G70408	405
％G70409	406
％G70410	407
％G70411	408
％G70412	409
％G70413	410
％G70414	411
％G70415	412
％G70416	413
％G70417	414
％G70418	415
％G70419	448
％G70420	416
％G70421	417
％G70422	418
％G70423	419
％G70424	420
％G70425	421
％G70426	422
％G70428	424
％G70429	425
％G70430	426
％G70431	427
％G70432	428
％G70433	429
％G70434	430
％G70435	431
％G70436	432
％G70437	433
％G70438	434
％G70439	435
％G70440	436
％G70441	437
％G70442	438
％G70443	439
％G70444	440
％G70445	441
％G70446	442
％G70447	443
％G70448	444
％G70449	446
％G70450	447
％G70451	449
％G70452	450
％G70453	451
％G70454	452
％G70455	453
％G70456	454
％G70457	455
％G70458	456
％G70459	457
％G70460	458
％G70461	459
％G70462	460
％G70463	461
％G70464	462
％G70465	463
％G70466	464
％G70467	465
％G70468	466
％G70469	467
％G70470	468
％G70471	469
％G70472	470
％G70473	472
％G70474	473
％G70475	474
％G70476	475
％G70477	476
％G70478	477
％G70479	478
％G70480	479
％G70481	480
％G70482	481
％G70483	482
％G70484	483
％G70485	484
％G70486	485
％G70487	486
％G70488	487
％G70489	488
％G70490	489
％G70491	490
％G70492	491
％G70493	492
％G70494	493
％G70495	494
％G70496	495
％G70497	496
％G70498	497
％G70499	498
％G70500	499
％G70501	500
％G70502	501
％G70503	502
％G70504	503
％G70505	504
％G70506	505
％G70507	506
％G70508	507
％G70509	509
％G70510	510
％G70511	511
％G70513	512
％G70514	513
％G70515	514
％G70516	515
％G70517	516
％G70518	517
％G70519	518
％G70520	519
％G70521	520
％G70522	521
％G70523	522
％G70524	523
％G70525	524
％G70526	525
％G70527	526
％G70528	527
％G70529	528
％G70530	529
％G70531	530
％G70532	531
％G70533	532
％G70534	533
％G70535	535
％G70536	536
％G70537	537
％G70538	538
％G70539	539
％G70540	540
％G70541	541
％G70542	543
％G70543	544
％G70544	545
％G70545	546
％G70546	547
％G70548	550
％G70549	551
％G70550	552
％G70551	553
％G70552	554
％G70553	555
％G70554	556
％G70555	557
％G70556	558
％G70557	559
％G70558	560
％G70559	561
％G70560	562
％G70561	563
％G70562	564
％G70563	565
％G70564	568
％G70565	569
％G70566	570
％G70567	571
％G70568	572
％G70569	573
％G70570	574
％G70571	575
％G70572	576
％G70573	577
％G70574	578
％G70575	579
％G70576	580
％G70577	581
％G70578	582
％G70579	583
％G70580	584
％G70581	585
％G70582	586
％G70583	587
％G70584	588
％G70585	589
％G70586	590
％G70587	591
％G70588	592
％G70589	593
％G70590	594
％G70591	595
％G70592	596
％G70593	597
％G70594	598
％G70595	599
％G70596	600
％G70597	601
％G70598	602
％G70599	603
％G70600	604
％G70601	605
％G70602	606
％G70603	607
％G70604	608
％G70605	609
％G70606	610
％G70607	611
％G70608	612
％G70609	613
％G70610	614
％G70611	615
％G70612	616
％G70613	617
％G70614	618
％G70615	619
％G70616	620
％G70617	622
％G70618	623
％G70619	624
％G70620	625
％G70621	626
％G70622	627
％G70623	628
％G70624	629
％G70625	630
％G70626	631
％G70627	632
％G70628	633
％G70629	634
％G70630	635
％G70631	636
％G70632	638
％G70633	639
％G70634	640
％G70635	641
％G70636	642
％G70637	644
％G70638	645
％G70639	646
％G70640	647
％G70641	648
％G70642	649
％G70643	650
％G70644	651
％G70645	652
％G70646	653
％G70647	654
％G70648	655
％G70649	656
％G70650	657
％G70651	658
％G70652	659
％G70653	660
％G70654	661
％G70655	662
％G70656	663
％G70657	664
％G70658	665
％G70659	666
％G70660	667
％G70661	668
％G70662	669
％G70663	670
％G70664	671
％G70665	672
％G70666	673
％G70667	674
％G70668	675
％G70669	676
％G70670	677
％G70671	678
％G70672	679
％G70673	681
％G70674	682
％G70675	683
％G70676	684
％G70677	685
％G70678	686
％G70679	687
％G70680	688
％G70681	689
％G70682	729
％G70683	690
％G70684	691
％G70685	692
％G70686	694
％G70687	695
％G70688	696
％G70689	693
％G70691	698
％G70692	699
％G70693	700
％G70694	701
％G70695	702
％G70696	703
％G70697	704
％G70698	705
％G70699	706
％G70700	707
％G70701	708
％G70702	709
％G70703	710
％G70704	711
％G70705	712
％G70706	713
％G70707	714
％G70708	715
％G70709	716
％G70710	717
％G70711	718
％G70712	719
％G70713	720
％G70715	721
％G70716	722
％G70717	723
％G70718	724
％G70719	725
％G70720	726
％G70721	727
％G70722	728
％G70723	731
％G70724	732
％G70725	733
％G70726	730
％G70727	734
％G70728	735
％G70729	736
％G70730	737
％G70731	738
％G70732	739
％G70733	740
％G70734	741
％G70735	742
％G70736	743
％G70737	484
％G70738	745
％G70739	746
％G70740	747
％G70741	748
％G70742	749
％G70743	750
％G70744	751
％G70745	752
％G70746	753
％G70747	754
％G70748	755
％G70749	757
％G70750	758
％G70751	759
％G70752	761
％G70754	762
％G70755	763
％G70756	764
％G70757	765
％G70758	766
％G70759	767
％G70760	768
％G70761	769
％G70762	770
％G70763	771
％G70764	772
％G70765	773
％G70766	774
％G70767	775
％G70768	776
％G70769	777
％G70770	778
％G70771	779
％G70772	780
％G70773	781
％G70774	782
％G70775	783
％G70776	784
％G70777	785
％G70778	786
％G70779	787
％G70780	788
％G70781	789
％G70782	790
％G70783	791
％G70784	792
％G70785	793
％G70786	794
％G70787	795
％G70788	796
％G70789	797
％G70790	798
％G70791	799
％G70792	800
％G70793	801
％G70794	802
％G70795	803
％G70796	804
％G70797	805
％G70798	806
％G70799	807
％G70800	808
％G70801	809
％G70802	810
％G70803	811
％G70804	812
％G70805	813
％G70806	814
％G70807	815
％G70808	816
％G70809	817
％G70810	818
％G70811	819
％G70812	820
％G70813	822
％G70814	823
％G70815	824
％G70816	825
％G70817	826
％G70818	827
％G70819	828
％G70820	829
％G70821	830
％G70822	831
％G70823	832
％G70824	833
％G70825	834
％G70826	835
％G70827	836
％G70828	837
％G70829	838
％G70831	839
％G70832	840
％G70833	841
％G70834	842
％G70835	843
％G70836	844
％G70837	845
％G70838	846
％G70839	847
％G70840	849
％G70842	850
％G70843	851
％G70844	852
％G70845	853
％G70846	854
％G70847	855
％G70848	856
％G70849	857
％G70850	858
％G70851	859
％G70852	860
％G70853	861
％G70854	862
％G70856	863
％G70857	864
％G70858	865
％G70859	866
％G70860	867
％G70861	868
％G70862	869
％G70863	870
％G70864	871
％G70865	872
％G70866	873
％G70867	874
％G70868	875
％G70869	876
％G70870	877
％G70871	878
％G70872	879
％G70874	880
％G70875	881
％G70876	882
％G70877	883
％G70878	884
％G70879	886
％G70880	885
％G70881	887
％G70882	889
％G70883	888
％G70884	890
％G70885	891
％G70887	892
％G70888	893
％G70889	894
％G70891	895
％G70892	896
％G70893	897
％G70894	898
％G70895	899
％G70896	900
％G70897	901
％G70898	902
％G70899	903
％G70900	904
％G70901	905
％G70902	906
％G70903	907
％G70904	908
％G70905	909
％G70906	910
％G70907	911
％G70908	912
％G70909	913
％G70910	914
％G70911	915
％G70912	916
％G70913	917
％G70914	918
％G70915	919
％G70917	921
％G70918	922
％G70919	923
％G70920	924
％G70921	926
％G70922	927
％G70923	928
％G70924	929
％G70925	930
％G70926	931
％G70927	932
％G70929	934
％G70930	935
％G70931	936
％G70932	937
％G70933	938
％G70934	939
％G70935	940
％G70936	941
％G70938	944
％G70939	945
％G70940	946
％G70941	947
％G70942	948
％G70943	949
％G70944	950
％G70945	951
％G70946	952
％G70947	953
％G70948	954
％G70949	955
％G70951	956
％G70953	958
％G70954	959
％G70955	960
％G70956	961
％G70957	963
％G70958	964
％G70959	965
％G70960	966
％G70962	967
％G70963	968
％G70964	969
％G70965	970
％G70966	971
％G70967	972
％G70968	973
％G70969	974
％G70970	975
％G70971	976
％G70972	977
％G70973	978
％G70974	979
％G70975	980
％G70976	981
％G70977	982
％G70978	983
％G70979	984
％G70980	985
％G70981	986
％G70982	987
％G70983	988
％G70984	989
％G70985	990
％G70986	991
％G70987	992
％G70988	993
％G70989	994
％G70991	995
％G70992	996
％G70993	997
％G70994	998
％G70995	999
％G70996	1000
％G70997	1001
％G70998	1003
％G70999	1004
％G71000	1005
％G71001	1006
％G71002	1007
％G71003	1008
％G71004	1009
％G71005	1011
％G71006	1010
％G71007	1012
％G71008	1013
％G71009	1014
％G71010	1015
％G71011	1016
％G71012	1017
％G71013	1018
％G71014	1019
％G71015	1020
％G71016	1021
％G71017	1022
％G71018	1023
％G71020	1024
％G71021	1025
％G71022	1026
％G71023	1027
％G71024	1028
％G71025	1029
％G71026	1030
％G71027	1031
％G71028	1032
％G71029	1033
％G71030	1034
％G71031	1035
％G71032	1036
％G71033	1037
％G71034	1038
％G71035	1039
％G71036	1040
％G71037	1041
％G71038	1042
％G71039	1043
％G71040	1044
％G71041	1045
％G71042	1046
％G71043	1047
％G71044	1048
％G71045	1049
％G71046	1050
％G71047	1051
％G71048	1052
％G71049	1053
％G71050	1054
％G71051	1055
％G71052	1056
％G71053	1057
％G71054	1058
％G71055	1059
％G71056	1060
％G71058	1061
％G71059	1062
％G71060	1063
％G71061	1064
％G71062	1065
％G71063	1066
％G71064	1067
％G71065	1068
％G71066	1069
％G71067	1070
％G71068	1071
％G71069	1072
％G71070	1073
％G71071	1074
％G71072	1075
％G71073	1076
％G71074	1077
％G71075	1078
％G71076	1079
％G71077	1081
％G71078	1080
％G71079	1081
％G71080	1082
％G71081	1084
％G71082	1085
％G71083	1086
％G71084	1087
％G71085	1088
％G71086	1089
％G71087	1090
％G71088	1091
％G71089	1092
％G71090	1093
％G71091	1094
％G71092	1095
％G71093	1096
％G71094	1097
％G71095	1098
％G71096	1099
％G71097	1100
％G71098	1101
％G71099	1102
％G71100	1103
％G71101	1104
％G71102	1105
％G71103	1106
％G71104	1107
％G71105	1108
％G71106	1109
％G71107	1110
％G71108	1111
％G71109	1112
％G71110	1113
％G71111	1114
％G71112	1115
％G71113	1116
％G71114	1117
％G71115	1118
％G71116	1119
％G71117	1120
％G71118	1121
％G71119	1122
％G71120	1123
％G71121	1124
％G71122	1125
％G71123	1126
％G71124	1127
％G71125	1128
％G71126	1129
％G71127	1130
％G71128	1131
％G71129	1132
％G71130	1133
％G71131	1134
％G71132	1135
％G71133	1136
％G71134	1137
％G71135	1139
％G71136	1140
％G71137	1141
％G71138	1142
％G71139	1143
％G71140	1144
％G71141	1145
％G71142	1146
％G71143	1147
％G71144	1148
％G71145	1149
％G71146	1150
％G71147	1151
％G71148	1152
％G71149	1153
％G71150	1154
％G71151	1155
％G71152	1156
％G71153	1158
％G71154	1157
％G71155	1159
％G71156	1160
％G71157	1138
％G71158	1161
％G71159	1162
％G71160	1163
％G71161	1164
％G71162	1165
％G71163	1166
％G71164	1167
％G71165	1168
％G71166	1169
％G71167	1170
％G71168	1171
％G71169	1172
％G71170	1173
％G71171	1175
％G71172	1174
％G71173	1176
％G71175	1178
％G71176	1179
％G71177	1180
％G71178	1181
％G71179	1182
％G71180	1183
％G71181	1184
％G71182	1185
％G71183	1186
％G71184	1187
％G71185	1188
％G71186	1189
％G71188	1190
％G71189	1191
％G71190	1192
％G71191	1193
％G71192	1194
％G71193	1195
％G71194	1197
％G71195	1198
％G71197	1199
％G71198	1200
％G71199	1201
％G71200	1202
％G71201	1203
％G71202	1204
％G71203	1205
％G71204	1206
％G71205	1208
％G71206	1209
％G71207	1210
％G71208	1211
％G71209	1212
％G71210	1213
％G71211	1214
％G71212	1215
％G71213	1216
％G71214	1217
％G71215	1218
％G71216	1219
％G71217	1220
％G71218	1222
％G71219	1223
％G71220	1224
％G71221	1225
％G71222	1226
％G71223	1227
％G71224	1228
％G71225	1228
％G71226	1229
％G71227	1230
％G71228	1231
％G71229	1233
％G71230	1234
％G71231	1235
％G71232	1236
％G71233	1237
％G71234	1238
％G71235	1239
％G71236	1240
％G71237	1241
％G71238	1242
％G71239	1243
％G71240	1244
％G71242	1245
％G71243	1246
％G71244	1247
％G71245	1248
％G71246	1249
％G71247	1250
％G71248	1251
％G71249	1252
％G71250	1253
％G71251	1254
％G71252	1255
％G71253	1256
％G71254	1257
％G71255	1258
％G71256	1259
％G71257	1260
％G71258	1261
％G71259	1262
％G71260	1263
％G71261	1264
％G71262	1265
％G71263	1266
％G71264	1267
％G71265	1268
％G71266	1269
％G71267	1270
％G71268	1271
％G71269	1272
％G71270	1273
％G71271	1274
％G71273	1276
％G71274	1277
％G71275	1278
％G71276	1279
％G71277	1280
％G71278	1281
％G71279	1282
％G71280	1283
％G71282	1285
％G71283	1286
％G71284	1287
％G71285	1288
％G71286	1289
％G71287	1290
％G71288	1291
％G71289	1292
％G71290	1293
％G71291	1294
％G71292	1295
％G71293	1296
％G71294	1297
％G71295	1298
％G71296	1299
％G71297	1300
％G71298	1301
％G71299	1303
％G71300	1304
％G71301	1305
％G71302	1306
％G71303	1307
％G71304	1308
％G71305	1309
％G71306	1310
％G71307	1311
％G71308	1312
％G71309	1313
％G71310	1314
％G71311	1315
％G71313	1316
％G71314	1317
％G71315	1318
％G71316	1319
％G71317	1320
％G71318	1321
％G71319	1322
％G71320	1323
％G71321	1324
％G71322	1325
％G71323	1326
％G71325	1327
％G71326	1328
％G71327	1329
％G71328	1330
％G71329	1331
％G71330	1332
％G71331	1333
％G71332	1334
％G71333	1335
％G71334	1336
％G71335	1337
％G71336	1338
％G71337	1339
％G71338	1340
％G71339	1341
％G71340	1342
％G71341	1343
％G71342	1344
％G71343	1345
％G71344	1346
％G71345	1347
％G71346	1348
％G71347	1349
％G71348	1350
％G71349	1351
％G71350	1352
％G71351	1353
％G71352	1354
％G71353	1355
％G71354	1356
％G71356	1357
％G71357	1358
％G71358	1359
％G71359	1360
％G71360	1361
％G71361	1362
％G71362	1363
％G71363	1364
％G71365	1365
％G71366	1366
％G71367	1367
％G71368	1368
％G71369	1369
％G71370	1370
％G71371	1371
％G71372	1372
％G71373	1373
％G71374	1374
％G71375	1375
％G71376	1376
％G71377	1377
％G71378	1378
％G71379	1379
％G71380	1380
％G71381	1381
％G71383	1382
％G71384	1383
％G71385	1384
％G71386	1385
％G71387	1386
％G71388	1387
％G71389	1388
％G71390	1389
％G71391	1390
％G71392	1391
％G71393	1392
％G71394	1393
％G71395	1394
％G71396	1395
％G71397	1396
％G71398	1397
％G71399	1398
％G71400	1399
％G71401	1401
％G71402	1402
％G71403	1403
％G71404	1404
％G71405	1405
％G71406	1406
％G71407	1407
％G71408	1408
％G71409	1409
％G71410	1410
％G71411	1411
％G71412	1412
％G71413	1413
％G71414	1414
％G71415	1415
％G71416	1416
％G71417	1417
％G71418	1419
％G71419	1420
％G71420	1421
％G71422	1422
％G71423	1423
％G71424	1424
％G71425	1425
％G71427	1426
％G71428	1427
％G71429	1428
％G71430	1429
％G71431	1430
％G71432	1431
％G71433	1432
％G71434	1433
％G71435	1434
％G71436	1435
％G71437	1436
％G71438	1437
％G71440	1438
％G71441	1439
％G71442	1440
％G71443	1441
％G71444	1442
％G71445	1443
％G71446	1445
％G71447	1446
％G71448	1447
％G71449	1448
％G71450	1449
％G71451	1450
％G71452	1451
％G71453	1452
％G71454	1453
％G71455	1454
％G71456	1455
％G71457	1456
％G71458	1457
％G71459	1573
％G71460	1458
％G71461	1459
％G71462	1460
％G71464	1461
％G71465	1462
％G71466	1463
％G71467	1464
％G71468	1465
％G71469	1466
％G71470	1467
％G71471	1468
％G71472	1469
％G71473	1470
％G71474	1471
％G71475	1472
％G71476	1473
％G71477	1474
％G71478	1475
％G71479	1476
％G71480	1477
％G71481	1478
％G71482	1479
％G71483	1480
％G71484	1481
％G71485	1482
％G71486	1483
％G71487	1484
％G71488	1485
％G71489	1487
％G71491	1491
％G71492	1493
％G71493	1494
％G71494	1496
％G71495	1495
％G71496	1497
％G71497	1500
％G71498	1501
％G71499	1502
％G71500	1504
％G71501	1505
％G71502	1506
％G71503	1510
％G71505	1512
％G71506	1514
％G71507	1515
％G71508	1516
％G71509	1517
％G71510	1518
％G71511	1519
％G71512	1520
％G71513	1521
％G71514	1522
％G71515	1523
％G71516	1524
％G71517	1525
％G71518	1528
％G71519	1529
％G71520	1530
％G71521	1531
％G71522	1532
％G71523	1533
％G71524	1534
％G71525	1535
％G71526	1486
％G71527	1537
％G71528	1538
％G71529	1539
％G71530	1540
％G71531	1541
％G71532	1542
％G71533	1543
％G71536	1544
％G71537	1545
％G71538	1546
％G71539	1549
％G71540	1550
％G71541	1551
％G71542	1552
％G71543	1553
％G71544	1554
％G71545	1555
％G71546	1556
％G71547	1557
％G71548	1558
％G71549	1559
％G71550	1560
％G71551	1561
％G71552	1562
％G71553	1563
％G71554	1564
％G71555	1565
％G71556	1566
％G71557	1567
％G71559	1568
％G71560	1569
％G71562	1570
％G71563	1571
％G71564	1572
％G71565	1574
％G71566	1575
％G71567	1576
％G71568	1577
％G71569	1578
％G71570	1579
％G71571	1580
％G71572	1581
％G71573	1582
％G71574	1583
％G71575	1584
％G71576	1585
％G71577	1586
％G71578	1587
％G71579	1588
％G71580	1589
％G71581	1590
％G71582	1591
％G71583	1592
％G71584	1593
％G71585	1594
％G71586	1595
％G71587	1596
％G71588	1597
％G71589	1598
％G71590	1599
％G71592	1600
％G71594	1601
％G71595	1602
％G71596	1603
％G71597	1604
％G71598	1605
％G71599	1606
％G71600	1607
％G71601	1608
％G71602	1609
％G71603	1610
％G71604	1611
％G71605	1612
％G71606	1613
％G71607	1614
％G71608	1615
％G71609	1616
％G71610	1617
％G71611	1618
％G71612	1619
％G71613	1620
％G71614	1621
％G71615	1622
％G71616	1623
％G71617	1624
％G71618	1625
％G71619	1626
％G71620	1627
％G71621	1628
％G71622	1629
％G71623	1630
％G71624	1631
％G71625	1632
％G71626	1633
％G71627	1634
％G71628	1635
％G71629	1636
％G71630	1637
％G71631	1638
％G71632	1639
％G71633	1640
％G71634	1641
％G71635	1642
％G71636	1643
％G71637	1644
％G71638	1645
％G71639	1646
％G71640	1648
％G71643	1649
％G71644	1650
％G71645	1651
％G71646	1652
％G71647	1654
％G71648	1655
％G71649	1656
％G71650	1657
％G71651	1658
％G71652	1659
％G71653	1660
％G71654	1661
％G71655	1662
％G71656	1663
％G71657	1664
％G71658	1665
％G71659	1666
％G71660	1667
％G71661	1669
％G71662	1668
％G71664	1671
％G71665	1672
％G71666	1673
％G71667	1674
％G71668	1675
％G71669	1676
％G71670	1677
％G71671	1678
％G71672	1679
％G71673	1680
％G71674	1681
％G71675	1682
％G71676	1683
％G71677	1684
％G71678	1685
％G71679	1686
％G71680	1687
％G71681	1688
％G71682	1689
％G71683	1690
％G71684	1692
％G71685	1693
％G71686	1694
％G71687	1695
％G71688	1696
％G71689	1697
％G71690	1699
％G71692	1701
％G71693	1702
％G71694	1703
％G71695	1704
％G71696	1705
％G71698	1706
％G71699	1707
％G71700	1708
％G71701	1709
％G71702	1710
％G71703	1711
％G71704	1712
％G71705	1713
％G71706	1715
％G71707	1716
％G71708	1717
％G71709	1718
％G71710	1719
％G71711	1720
％G71712	1721
％G71713	1722
％G71714	1723
％G71715	1724
％G71716	1725
％G71717	1726
％G71718	1727
％G71719	1728
％G71720	1766
％G71721	1729
％G71722	1730
％G71723	1731
％G71724	1732
％G71725	1733
％G71726	1734
％G71727	1735
％G71728	1736
％G71729	1737
％G71730	1738
％G71731	1740
％G71732	1741
％G71733	1742
％G71734	1743
％G71735	1744
％G71736	1745
％G71737	1746
％G71738	1739
％G71739	1747
％G71740	1748
％G71741	1750
％G71742	1751
％G71744	1752
％G71745	1768
％G71746	1769
％G71747	1753
％G71748	1754
％G71749	1755
％G71750	1756
％G71751	1757
％G71752	1758
％G71753	1759
％G71755	1760
％G71756	1761
％G71757	1762
％G71758	1763
％G71759	1764
％G71760	1765
％G71761	1767
％G71762	1770
％G71763	1771
％G71764	1772
％G71766	1774
％G71768	1775
％G71769	1776
％G71770	1777
％G71771	1778
％G71772	1779
％G71773	1780
％G71774	1781
％G71775	1782
％G71776	1783
％G71777	1784
％G71778	1785
％G71779	1786
％G71780	1787
％G71781	1788
％G71782	1789
％G71783	1790
％G71784	1791
％G71785	1792
％G71786	1793
％G71787	1794
％G71788	1795
％G71789	1796
％G71790	1797
％G71791	1798
％G71792	1799
％G71793	1800
％G71794	1801
％G71795	1802
％G71796	1803
％G71797	1804
％G71798	1805
％G71799	1806
％G71800	1807
％G71801	1808
％G71802	1809
％G71803	1810
％G71804	1811
％G71805	1812
％G71806	1813
％G71807	1814
％G71808	1815
％G71809	1816
％G71810	1817
％G71811	1818
％G71812	1819
％G71813	1820
％G71814	1821
％G71815	1822
％G71816	1823
％G71817	1824
％G71818	1825
％G71819	1826
％G71820	1828
％G71821	1829
％G71823	1831
％G71824	1832
％G71825	1833
％G71826	1834
％G71827	1835
％G71828	1836
％G71829	1837
％G71830	1838
％G71831	1839
％G71832	1840
％G71833	1841
％G71834	1842
％G71835	1843
％G71836	1844
％G71837	1845
％G71838	1846
％G71840	1848
％G71841	1849
％G71842	1850
％G71843	1851
％G71844	1852
％G71845	1853
％G71846	1854
％G71847	1855
％G71848	1856
％G71849	1857
％G71850	1503
％G71851	1858
％G71852	1859
％G71853	1860
％G71854	1861
％G71855	1862
％G71856	1863
％G71857	1864
％G71858	1865
％G71859	1866
％G71860	1867
％G71861	1868
％G71862	1869
％G71863	1870
％G71864	1871
％G71865	1872
％G71866	1873
％G71867	1874
％G71868	1875
％G71869	1876
％G71870	1877
％G71871	1878
％G71872	1879
％G71873	1880
％G71874	1881
％G71875	1882
％G71876	1883
％G71878	1884
％G71879	1885
％G71880	1886
％G71881	1887
％G71882	1889
％G71883	1890
％G71884	1891
％G71885	1892
％G71886	1893
％G71887	1894
％G71888	1895
％G71889	1966
％G71890	1898
％G71892	1899
％G71893	1900
％G71894	1901
％G71895	1902
％G71896	1903
％G71897	1904
％G71898	1905
％G71899	1906
％G71900	1907
％G71901	1908
％G71902	1909
％G71903	1910
％G71904	1911
％G71905	1912
％G71906	1913
％G71907	1914
％G71908	1915
％G71909	1917
％G71910	1918
％G71911	1919
％G71912	1920
％G71913	1921
％G71914	1922
％G71915	1923
％G71916	1924
％G71917	1925
％G71918	1926
％G71919	1927
％G71920	1928
％G71921	1929
％G71922	1930
％G71923	1931
％G71924	1932
％G71925	1933
％G71926	1934
％G71927	1935
％G71928	1936
％G71929	1937
％G71930	1938
％G71931	1939
％G71932	1940
％G71933	1941
％G71934	1942
％G71935	1943
％G71936	1944
％G71937	1945
％G71938	2027
％G71939	1946
％G71940	1947
％G71941	1948
％G71942	1949
％G71943	1950
％G71944	1951
％G71945	1952
％G71947	1953
％G71948	1954
％G71949	1955
％G71950	1956
％G71951	1957
％G71952	1958
％G71953	1959
％G71954	1960
％G71955	1961
％G71956	1962
％G71957	1963
％G71958	1964
％G71959	1965
％G71960	1967
％G71961	1968
％G71962	1969
％G71963	1971
％G71964	1972
％G71965	1973
％G71966	1974
％G71967	1975
％G71968	1976
％G71969	1977
％G71970	1978
％G71971	1979
％G71972	1980
％G71974	1981
％G71975	1982
％G71976	1983
％G71977	1984
％G71978	1985
％G71979	1986
％G71981	1987
％G71983	1988
％G71984	1989
％G71985	1990
％G71986	1991
％G71987	1992
％G71988	1993
％G71989	1994
％G71990	1995
％G71991	1996
％G71992	1997
％G71993	1998
％G71994	2000
％G71995	2001
％G71996	2002
％G71997	2003
％G71998	2004
％G71999	2005
％G72000	2006
％G72001	2007
％G72002	2008
％G72003	2009
％G72004	2010
％G72005	2011
％G72006	2012
％G72007	2013
％G72008	2014
％G72009	2015
％G72010	2016
％G72012	2018
％G72013	2019
％G72014	2020
％G72015	2021
％G72016	2022
％G72017	2023
％G72018	2024
％G72019	2025
％G72020	2026
％G72021	2028
％G72022	2029
％G72023	2030
％G72024	2031
％G72025	2032
％G72026	2033
％G72027	2034
％G72028	2035
％G72029	2037
％G72031	2038
％G72032	2039
％G72033	2040
％G72034	2041
％G72035	2042
％G72036	2043
％G72037	2044
％G72038	2047
％G72039	2049
％G72040	2048
％G72041	2050
％G72042	2051
％G72043	2052
％G72044	2053
％G72045	2054
％G72046	2055
％G72047	2056
％G72048	2057
％G72049	2058
％G72050	2059
％G72051	2060
％G72052	2061
％G72053	2062
％G72054	2063
％G72055	2063
％G72056	2064
％G72057	2065
％G72058	2066
％G72059	2068
％G72061	2069
％G72062	2072
％G72063	2073
％G72064	2074
％G72065	2078
％G72066	2079
％G72067	2080
％G72068	2081
％G72069	2082
％G72070	2083
％G72071	2084
％G72072	2085
％G72073	2086
％G72074	2087
％G72075	2088
％G72076	2089
％G72077	2090
％G72078	2091
％G72079	2092
％G72080	2093
％G72081	2094
％G72082	2095
％G72084	2097
％G72085	2098
％G72086	2099
％G72087	2100
％G72088	2101
％G72089	2102
％G72090	2103
％G72092	2104
％G72093	2105
％G72094	2106
％G72095	2107
％G72096	2108
％G72097	2109
％G72098	2110
％G72099	2111
％G72100	2112
％G72101	2113
％G72102	2114
％G72103	2115
％G72105	2116
％G72106	2117
％G72107	2118
％G72108	2119
％G72109	2120
％G72110	2121
％G72111	2122
％G72112	2123
％G72113	2124
％G72114	2125
％G72115	2126
％G72116	2127
％G72117	2128
％G72118	2129
％G72119	2130
％G72120	2131
％G72121	2132
％G72122	2133
％G72123	2134
％G72124	2135
％G72125	2136
％G72126	2137
％G72128	2138
％G72129	2139
％G72130	2140
％G72131	2141
％G72132	2142
％G72133	2143
％G72134	2144
％G72135	2146
％G72137	2147
％G72138	2149
％G72139	2150
％G72140	2151
％G72141	2152
％G72142	2153
％G72143	2154
％G72144	2155
％G72145	2156
％G72146	2157
％G72147	2158
％G72148	2159
％G72149	2160
％G72150	2161
％G72151	2162
％G72152	2163
％G72153	2164
％G72154	2165
％G72155	2166
％G72156	2167
％G72157	2168
％G72158	2169
％G72159	2170
％G72160	2171
％G72161	2172
％G72162	2173
％G72163	2174
％G72164	2175
％G72165	2176
％G72166	2177
％G72167	2178
％G72168	2180
％G72169	2181
％G72170	2182
％G72171	2183
％G72172	2184
％G72173	2185
％G72174	2186
％G72176	2187
％G72177	2188
％G72179	2189
％G72180	2190
％G72181	2191
％G72182	2192
％G72183	2193
％G72184	2194
％G72185	2195
％G72186	2196
％G72187	2197
％G72188	2198
％G72189	2199
％G72190	2200
％G72191	2201
％G72192	2202
％G72193	2203
％G72194	2204
％G72196	2205
％G72197	2206
％G72198	2207
％G72200	2209
％G72201	2210
％G72202	2211
％G72203	2212
％G72204	2213
％G72205	2214
％G72206	2215
％G72207	2216
％G72208	2217
％G72209	2218
％G72210	2219
％G72211	2220
％G72212	2221
％G72213	2222
％G72214	2223
％G72215	2224
％G72216	2225
％G72217	2226
％G72218	2227
％G72219	2228
％G72220	2230
％G72221	2231
％G72222	2232
％G72223	2233
％G72224	2234
％G72225	2235
％G72226	2236
％G72227	2237
％G72228	2238
％G72229	2239
％G72230	2240
％G72231	2241
％G72232	2241
％G72233	2243
％G72234	2244
％G72235	2245
％G72236	2246
％G72237	2247
％G72238	2250
％G72239	2251
％G72240	2253
％G72241	2255
％G72242	2256
％G72243	2259
％G72244	2260
％G72245	2261
％G72246	2262
％G72247	2263
％G72248	2264
％G72249	2265
％G72250	2266
％G72251	2267
％G72252	2268
％G72253	2269
％G72254	2276
％G72255	2270
％G72256	2271
％G72257	2272
％G72258	2273
％G72259	2274
％G72260	2275
％G72261	2278
％G72262	2279
％G72264	2280
％G72265	2281
％G72266	2281
％G72267	2282
％G72268	2283
％G72269	2284
％G72270	2285
％G72271	2286
％G72272	2287
％G72273	2288
％G72274	2289
％G72275	2290
％G72276	2291
％G72277	2292
％G72278	2293
％G72279	2294
％G72280	2295
％G72281	2296
％G72282	2297
％G72283	2298
％G72284	2299
％G72285	2300
％G72286	2301
％G72287	2302
％G72288	2303
％G72289	2304
％G72290	2305
％G72291	2306
％G72292	2307
％G72293	2308
％G72294	2309
％G72295	2310
％G72296	2310
％G72297	2311
％G72298	2312
％G72299	2314
％G72300	2315
％G72301	2316
％G72302	2317
％G72303	2318
％G72304	2319
％G72305	2320
％G72306	2321
％G72307	2322
％G72308	2323
％G72309	2324
％G72310	2325
％G72311	2326
％G72312	2327
％G72313	2328
％G72314	2329
％G72315	2330
％G72316	2331
％G72317	2332
％G72318	2333
％G72319	2334
％G72320	2335
％G72321	2336
％G72322	2337
％G72323	2338
％G72324	2339
％G72325	2340
％G72326	2341
％G72327	2342
％G72328	2343
％G72329	2344
％G72330	2345
％G72331	2346
％G72332	2347
％G72333	2348
％G72334	2349
％G72336	2350
％G72337	2351
％G72338	2352
％G72339	2353
％G72340	2354
％G72341	2356
％G72342	2357
％G72343	2358
％G72344	2359
％G72345	2360
％G72346	2361
％G72347	2362
％G72348	2363
％G72349	2364
％G72350	2365
％G72351	2366
％G72352	2367
％G72353	2368
％G72354	2369
％G72355	2370
％G72356	2371
％G72357	2373
％G72358	2372
％G72359	2374
％G72360	2375
％G72361	2376
％G72362	2377
％G72363	2378
％G72364	2379
％G72365	2380
％G72366	2381
％G72367	2382
％G72368	2383
％G72369	2384
％G72370	2385
％G72371	2386
％G72372	2387
％G72373	2388
％G72374	2389
％G72375	2390
％G72376	2391
％G72377	2392
％G72378	2393
％G72379	2394
％G72380	2395
％G72381	2396
％G72382	2398
％G72383	2399
％G72384	2400
％G72385	2401
％G72386	2402
％G72387	2403
％G72388	2404
％G72389	2405
％G72390	2406
％G72391	2407
％G72392	2408
％G72393	2409
％G72394	2410
％G72396	2411
％G72397	2412
％G72398	2413
％G72399	2414
％G72400	2415
％G72401	2416
％G72402	2417
％G72403	2418
％G72404	2419
％G72405	2420
％G72406	2421
％G72407	2422
％G72408	2423
％G72409	2424
％G72410	2425
％G72411	2426
％G72412	2427
％G72413	2428
％G72414	2429
％G72415	2430
％G72416	2431
％G72417	2432
％G72418	2433
％G72419	2434
％G72420	2435
％G72421	2436
％G72422	2437
％G72423	2438
％G72424	2439
％G72425	2440
％G72426	2441
％G72427	2443
％G72429	2445
％G72430	2446
％G72431	2447
％G72432	2449
％G72433	2450
％G72434	2451
％G72435	2452
％G72436	2453
％G72437	2454
％G72438	2455
％G72439	2456
％G72440	2457
％G72442	2459
％G72443	2460
％G72445	2462
％G72446	2463
％G72447	2464
％G72448	2465
％G72450	2469
％G72451	2470
％G72452	2471
％G72453	2472
％G72454	2473
％G72455	2474
％G72456	2475
％G72457	2466
％G72458	2476
％G72459	2477
％G72460	2478
％G72461	2479
％G72462	2480
％G72463	2481
％G72464	2482
％G72465	2483
％G72466	2484
％G72467	2485
％G72468	2486
％G72469	2487
％G72470	2488
％G72471	2490
％G72472	2489
％G72473	2491
％G72474	2492
％G72478	2493
％G72479	2494
％G72480	2495
％G72481	2496
％G72482	2497
％G72483	2498
％G72484	2500
％G72485	2501
％G72487	2502
％G72488	2503
％G72489	2504
％G72490	2505
％G72491	2506
％G72492	2507
％G72493	2508
％G72494	2509
％G72495	2510
％G72496	2511
％G72497	2512
％G72498	2513
％G72499	2514
％G72500	2515
％G72501	2516
％G72502	2517
％G72503	2518
％G72504	2519
％G72505	2520
％G72506	2521
％G72507	2522
％G72508	2523
％G72509	2524
％G72510	2525
％G72511	2526
％G72512	2527
％G72513	2528
％G72514	2529
％G72515	2530
％G72516	2531
％G72518	2532
％G72519	2533
％G72520	2535
％G72521	2536
％G72522	2537
％G72523	2538
％G72524	2539
％G72525	2540
％G72526	2541
％G72527	2542
％G72528	2543
％G72529	2544
％G72530	2545
％G72531	2546
％G72532	2547
％G72533	2548
％G72534	2549
％G72535	2550
％G72536	2551
％G72537	2553
％G72538	2552
％G72539	2554
％G72540	2555
％G72541	2556
％G72542	2557
％G72543	2558
％G72544	2559
％G72545	2560
％G72546	2561
％G72547	2562
％G72548	2563
％G72549	2564
％G72550	2565
％G72551	2567
％G72552	2569
％G72553	2570
％G72554	2570
％G72555	2571
％G72556	2572
％G72557	2573
％G72558	2574
％G72559	2575
％G72560	2576
％G72561	2577
％G72562	2578
％G72563	2579
％G72564	2580
％G72566	2582
％G72567	2583
％G72568	2585
％G72569	2586
％G72570	2587
％G72571	2588
％G72572	2589
％G72573	2590
％G72574	2591
％G72575	2592
％G72576	2593
％G72577	2594
％G72578	2595
％G72579	2596
％G72580	2597
％G72581	2598
％G72582	2599
％G72584	2600
％G72585	2602
％G72586	2603
％G72587	2604
％G72588	2605
％G72589	2606
％G72590	2607
％G72591	2608
％G72592	2609
％G72593	2610
％G72594	2611
％G72595	2612
％G72596	2613
％G72598	2614
％G72599	2615
％G72600	2616
％G72601	2652
％G72602	2653
％G72603	2617
％G72604	2618
％G72605	2619
％G72606	2620
％G72607	2621
％G72608	2622
％G72609	2623
％G72610	2624
％G72611	2625
％G72612	2626
％G72613	2627
％G72614	2628
％G72615	2629
％G72616	2630
％G72617	2631
％G72618	2632
％G72619	2633
％G72620	2634
％G72621	2635
％G72622	2636
％G72623	2637
％G72624	2638
％G72625	2639
％G72626	2641
％G72627	2642
％G72628	2643
％G72629	2644
％G72630	2645
％G72631	2646
％G72632	2647
％G72633	2648
％G72634	2649
％G72635	2650
％G72636	2654
％G72637	2655
％G72638	2656
％G72639	2657
％G72640	2658
％G72641	2659
％G72642	2660
％G72643	2661
％G72644	2662
％G72645	2663
％G72646	2664
％G72647	2665
％G72648	2666
％G72649	2667
％G72650	2668
％G72651	2669
％G72652	2670
％G72653	2671
％G72654	2672
％G72655	2673
％G72656	2674
％G72657	2675
％G72658	2676
％G72659	2677
％G72660	2678
％G72661	2679
％G72662	2680
％G72663	2681
％G72664	2682
％G72665	2683
％G72666	2684
％G72667	2685
％G72668	2686
％G72669	2687
％G72670	2688
％G72671	2689
％G72672	2690
％G72673	2691
％G72674	2692
％G72675	2693
％G72676	2694
％G72677	2695
％G72678	2696
％G72679	2697
％G72680	2698
％G72681	2699
％G72682	2701
％G72683	2702
％G72684	2703
％G72685	2704
％G72686	2705
％G72687	2706
％G72688	2707
％G72689	2708
％G72690	2709
％G72691	2710
％G72692	2711
％G72693	2712
％G72694	2713
％G72695	2714
％G72696	2715
％G72697	2716
％G72698	2718
％G72699	2719
％G72700	2720
％G72702	2721
％G72703	2722
％G72704	2723
％G72705	2724
％G72706	2725
％G72708	2726
％G72709	2727
％G72710	2728
％G72711	2729
％G72712	2730
％G72713	2731
％G72714	2732
％G72715	2733
％G72717	2734
％G72718	2736
％G72719	2737
％G72722	2738
％G72723	2739
％G72724	2740
％G72725	2741
％G72727	2742
％G72728	2744
％G72729	2745
％G72730	2746
％G72731	2584
％G72732	2747
％G72733	2748
％G72734	2749
％G72735	2750
％G72736	2751
％G72737	2752
％G72738	2753
％G72739	2754
％G72740	2755
％G72741	2756
％G72742	2757
％G72743	2758
％G72744	2759
％G72745	2760
％G72746	2761
％G72747	2762
％G72748	2763
％G72749	2764
％G72750	2765
％G72751	2766
％G72752	2767
％G72753	2768
％G72754	2769
％G72755	2770
％G72756	2771
％G72757	2772
％G72758	2773
％G72759	2774
％G72760	2776
％G72762	2777
％G72764	2778
％G72765	2779
％G72766	2780
％G72767	2782
％G72768	2783
％G72769	2784
％G72770	2785
％G72771	2786
％G72772	2787
％G72773	2788
％G72774	2789
％G72775	2790
％G72776	2791
％G72777	2793
％G72778	2794
％G72779	2795
％G72780	2792
％G72781	2797
％G72783	2798
％G72784	2799
％G72785	2800
％G72786	2801
％G72787	2803
％G72788	2804
％G72789	2805
％G72790	2806
％G72791	2807
％G72792	2808
％G72793	2809
％G72794	2810
％G72795	2811
％G72796	2812
％G72797	2813
％G72798	2814
％G72799	2815
％G72800	2816
％G72801	2817
％G72802	2818
％G72803	2819
％G72804	2820
％G72805	2821
％G72806	2822
％G72807	2823
％G72808	2824
％G72810	2825
％G72811	2826
％G72812	2827
％G72813	2828
％G72814	2829
％G72815	2830
％G72816	2831
％G72817	2832
％G72818	2833
％G72819	2834
％G72820	2835
％G72821	2836
％G72822	2837
％G72823	2838
％G72824	2839
％G72825	2840
％G72826	2841
％G72827	2842
％G72828	2843
％G72829	2844
％G72830	2845
％G72831	2846
％G72832	2847
％G72833	2848
％G72834	2849
％G72835	2850
％G72836	2851
％G72837	2852
％G72838	2853
％G72839	2854
％G72840	2855
％G72841	2856
％G72842	2857
％G72843	2859
％G72844	2860
％G72845	2861
％G72846	2862
％G72847	2863
％G72848	2864
％G72849	2865
％G72850	2866
％G72851	2867
％G72852	2868
％G72853	2869
％G72854	2870
％G72855	2871
％G72856	2872
％G72857	2873
％G72858	2874
％G72860	2875
％G72861	2876
％G72862	2877
％G72863	2878
％G72865	2879
％G72866	2880
％G72867	2881
％G72868	2882
％G72869	2883
％G72870	2884
％G72871	2885
％G72872	2886
％G72873	2887
％G72874	2888
％G72875	2889
％G72876	2890
％G72877	2891
％G72878	2892
％G72879	2893
％G72880	2894
％G72881	2895
％G72882	2896
％G72883	2897
％G72884	2898
％G72885	2899
％G72886	2901
％G72887	2900
％G72888	2902
％G72889	2903
％G72890	2904
％G72891	2905
％G72892	2906
％G72893	2907
％G72894	2909
％G72895	2910
％G72896	2911
％G72897	2912
％G72898	2913
％G72899	2914
％G72900	2915
％G72901	2916
％G72902	2917
％G72903	2918
％G72904	2919
％G72905	2920
％G72906	2921
％G72907	2922
％G72908	2923
％G72909	2924
％G72910	2925
％G72911	2926
％G72912	2927
％G72913	2928
％G72914	2929
％G72915	2930
％G72917	2931
％G72918	2932
％G72919	2933
％G72920	2934
％G72921	2935
％G72922	2936
％G72923	2937
％G72924	2938
％G72925	2939
％G72926	2940
％G72927	2941
％G72928	2942
％G72930	2943
％G72931	2944
％G72933	2947
％G72935	2948
％G72936	2949
％G72937	2950
％G72938	2951
％G72939	2952
％G72940	2953
％G72941	2954
％G72942	2955
％G72943	2956
％G72944	2957
％G72945	2958
％G72946	2959
％G72947	2960
％G72948	2961
％G72949	2962
％G72950	2963
％G72951	2964
％G72952	2965
％G72953	2966
％G72954	2967
％G72955	2968
％G72956	2969
％G72957	2970
％G72958	2971
％G72959	2972
％G72960	2973
％G72961	2974
％G72962	2975
％G72963	2976
％G72964	2977
％G72965	2978
％G72967	2979
％G72968	2980
％G72969	2981
％G72970	2983
％G72971	2984
％G72972	2985
％G72973	2986
％G72974	2987
％G72975	2988
％G72976	2989
％G72977	2990
％G72978	2991
％G72979	2993
％G72980	2994
％G72981	2992
％G72982	2995
％G72983	2996
％G72984	2998
％G72985	2999
％G72986	3000
％G72987	3001
％G72988	3003
％G72989	3004
％G72990	3005
％G72991	3006
％G72992	3007
％G72993	3008
％G72994	3009
％G72995	3010
％G72996	3011
％G72997	2982
％G72998	3012
％G72999	3013
％G73000	3014
％G73001	3015
％G73002	3016
％G73003	3017
％G73004	3018
％G73005	3019
％G73006	3020
％G73007	3021
％G73008	3022
％G73009	3023
％G73010	3024
％G73012	3025
％G73013	3026
％G73014	3027
％G73015	3029
％G73016	3030
％G73017	3031
％G73018	3032
％G73019	3033
％G73020	3034
％G73021	3035
％G73022	3036
％G73023	3037
％G73025	3039
％G73026	3040
％G73027	3040
％G73028	3041
％G73029	3042
％G73030	3043
％G73031	3044
％G73032	3045
％G73033	3046
％G73034	3047
％G73035	3048
％G73036	3049
％G73037	3050
％G73038	3051
％G73039	3052
％G73040	3053
％G73041	3054
％G73042	3055
％G73043	3056
％G73044	3057
％G73045	3058
％G73046	3059
％G73047	3060
％G73048	3061
％G73049	3062
％G73050	3065
％G73051	3066
％G73052	3067
％G73053	3068
％G73054	3069
％G73055	3070
％G73056	3071
％G73057	3072
％G73058	3073
％G73059	3074
％G73060	3075
％G73061	3076
％G73062	3077
％G73063	3078
％G73064	3079
％G73065	3080
％G73066	3081
％G73067	3082
％G73068	3083
％G73069	3084
％G73070	3085
％G73071	3086
％G73072	3087
％G73073	3088
％G73074	3089
％G73075	3090
％G73076	3091
％G73077	3092
％G73079	3094
％G73080	3095
％G73081	3096
％G73082	3097
％G73083	3098
％G73084	3099
％G73085	3100
％G73086	3101
％G73087	3102
％G73091	3103
％G73092	3105
％G73093	3106
％G73094	3107
％G73095	3108
％G73096	3109
％G73097	3110
％G73098	3111
％G73099	3112
％G73100	3113
％G73101	3114
％G73102	3115
％G73103	3116
％G73104	3117
％G73105	3118
％G73106	3119
％G73107	3120
％G73108	3121
％G73109	3122
％G73110	3123
％G73111	3124
％G73112	3125
％G73113	3126
％G73114	3127
％G73115	3128
％G73116	3129
％G73117	3130
％G73118	3131
％G73119	3132
％G73120	3133
％G73122	3135
％G73123	3136
％G73124	3137
％G73125	3137
％G73126	3138
％G73127	3139
％G73128	3140
％G73129	3141
％G73130	3142
％G73131	3143
％G73132	3144
％G73133	3145
％G73134	3146
％G73135	3147
％G73136	3148
％G73137	3149
％G73138	3150
％G73139	3151
％G73140	3154
％G73141	3152
％G73142	3153
％G73143	3155
％G73144	3157
％G73145	3160
％G73146	3161
％G73147	3162
％G73148	3163
％G73149	3164
％G73150	3167
％G73151	3168
％G73152	3169
％G73153	3170
％G73154	3171
％G73155	3172
％G73156	3173
％G73157	3174
％G73158	3175
％G73160	3177
％G73161	3178
％G73162	3179
％G73163	3180
％G73164	3182
％G73165	3183
％G73166	3184
％G73167	3186
％G73168	3187
％G73169	3188
％G73170	3189
％G73171	3190
％G73172	3199
％G73173	3191
％G73174	3192
％G73175	3194
％G73176	3195
％G73177	3196
％G73178	3197
％G73179	3198
％G73180	3200
％G73181	3201
％G73182	3202
％G73183	3303
％G73186	3304
％G73187	3305
％G73188	3306
％G73189	3307
％G73190	3308
％G73191	3309
％G73192	3310
％G73193	3311
％G73194	3312
％G73195	3313
％G73196	3314
％G73197	3315
％G73198	3316
％G73199	3317
％G73200	3318
％G73201	3319
％G73202	3320
％G73203	3321
％G73204	3322
％G73205	3323
％G73206	3324
％G73207	3325
％G73208	3326
％G73209	3327
％G73210	3328
％G73211	3329
％G73212	3330
％G73213	3331
％G73214	3332
％G73215	3333
％G73216	3334
％G73217	3335
％G73219	3337
％G73220	3338
％G73221	3339
％G73222	3340
％G73223	3341
％G73224	3342
％G73225	3343
％G73226	3344
％G73227	3345
％G73228	3346
％G73230	3347
％G73231	3348
％G73232	3349
％G73233	3350
％G73234	3351
％G73235	3352
％G73236	3353
％G73237	3354
％G73238	3355
％G73239	3356
％G73240	3357
％G73241	3358
％G73242	3359
％G73243	3360
％G73244	3361
％G73246	3365
％G73247	3366
％G73248	3367
％G73249	3368
％G73250	3369
％G73251	3370
％G73252	3371
％G73253	3372
％G73254	3373
％G73255	3374
％G73256	3376
％G73257	3375
％G73258	3377
％G73259	3379
％G73260	3380
％G73261	3382
％G73262	3383
％G73263	3384
％G73264	3385
％G73266	3388
％G73268	3392
％G73269	3393
％G73270	3394
％G73271	3395
％G73272	3396
％G73273	3398
％G73274	3399
％G73275	3400
％G73276	3401
％G73277	3402
％G73278	3403
％G73279	3404
％G73280	3405
％G73281	3406
％G73282	3407
％G73283	3409
％G73284	3408
％G73285	3410
％G73286	3411
％G73287	3412
％G73288	3413
％G73289	3414
％G73290	3416
％G73291	3417
％G73292	3418
％G73293	3419
％G73294	3420
％G73295	3421
％G73296	3422
％G73297	3423
％G73298	3424
％G73299	3425
％G73300	3426
％G73301	3428
％G73302	3429
％G73303	3430
％G73304	3431
％G73305	3432
％G73306	3433
％G73307	3434
％G73308	3435
％G73309	3436
％G73310	3437
％G73311	3438
％G73312	3439
％G73313	3440
％G73314	3443
％G73315	3441
％G73316	3442
％G73317	3444
％G73318	3445
％G73319	3446
％G73320	3447
％G73321	3448
％G73322	3451
％G73323	3449
％G73324	3452
％G73325	3453
％G73326	3454
％G73327	3455
％G73328	3456
％G73329	3457
％G73331	3458
％G73332	3460
％G73333	3461
％G73334	3462
％G73335	3463
％G73336	3464
％G73337	3465
％G73338	3466
％G73339	3467
％G73340	3468
％G73341	3469
％G73342	3470
％G73343	3471
％G73344	3472
％G73345	3473
％G73346	3474
％G73348	3476
％G73349	3477
％G73352	3478
％G73353	3479
％G73354	3480
％G73355	3481
％G73356	3482
％G73357	3483
％G73358	3497
％G73359	3484
％G73360	3485
％G73361	3486
％G73362	3487
％G73363	3488
％G73364	3489
％G73365	3490
％G73366	3491
％G73367	3492
％G73368	3493
％G73370	3494
％G73371	3495
％G73372	3498
％G73373	3499
％G73374	3500
％G73375	3501
％G73376	3503
％G73377	3504
％G73378	3506
％G73379	3507
％G73380	3508
％G73381	3509
％G73382	3510
％G73383	3511
％G73384	3512
％G73385	3513
％G73386	3514
％G73387	3515
％G73388	3516
％G73389	3517
％G73390	3518
％G73391	3519
％G73392	3520
％G73393	3521
％G73394	3522
％G73395	3523
％G73396	3524
％G73397	3525
％G73398	3526
％G73399	3527
％G73400	3528
％G73401	3529
％G73402	3530
％G73403	3531
％G73404	3532
％G73405	3533
％G73406	3534
％G73407	3536
％G73408	3537
％G73409	3538
％G73410	3539
％G73411	3540
％G73412	3541
％G73413	3542
％G73414	3543
％G73415	3544
％G73416	3545
％G73417	3546
％G73418	3547
％G73419	3548
％G73420	3549
％G73421	3550
％G73422	3551
％G73423	3552
％G73424	3554
％G73425	3555
％G73426	3556
％G73428	3557
％G73429	3558
％G73430	3559
％G73431	3560
％G73432	3561
％G73433	3562
％G73434	3563
％G73435	3564
％G73436	3564
％G73437	3565
％G73438	3566
％G73439	3567
％G73440	3568
％G73441	3570
％G73442	3571
％G73443	3572
％G73444	3573
％G73445	3574
％G73446	3575
％G73447	3576
％G73448	3577
％G73449	3578
％G73450	3579
％G73451	3580
％G73452	3581
％G73453	3582
％G73454	3583
％G73455	3584
％G73456	3585
％G73457	3586
％G73458	3587
％G73459	3588
％G73460	3589
％G73461	3590
％G73462	3591
％G73463	3592
％G73464	3593
％G73465	3594
％G73466	3595
％G73467	3596
％G73468	3597
％G73469	3598
％G73470	3599
％G73471	3600
％G73472	3601
％G73473	3602
％G73474	3604
％G73475	3605
％G73476	3606
％G73477	3607
％G73478	3608
％G73479	1492
％G73480	3609
％G73482	3610
％G73483	3611
％G73484	3612
％G73485	3613
％G73486	3614
％G73487	3615
％G73488	3616
％G73489	3617
％G73490	3618
％G73491	3619
％G73493	3621
％G73494	3622
％G73495	3623
％G73496	3624
％G73497	3625
％G73498	3626
％G73499	3628
％G73500	3629
％G73501	3627
％G73502	3633
％G73503	3630
％G73504	3631
％G73505	3632
％G73506	3634
％G73507	3635
％G73508	3636
％G73509	3637
％G73510	3638
％G73511	3639
％G73513	3640
％G73514	3641
％G73515	3642
％G73516	3643
％G73518	3644
％G73519	3645
％G73520	3646
％G73521	3647
％G73522	3648
％G73523	3649
％G73524	3650
％G73525	3651
％G73526	3652
％G73527	3653
％G73528	3654
％G73529	3655
％G73530	2442
％G73531	3656
％G73532	3657
％G73534	3659
％G73535	3660
％G73536	3661
％G73537	3662
％G73538	3663
％G73539	3664
％G73540	3665
％G73541	3666
％G73542	3667
％G73543	3668
％G73544	3669
％G73545	3670
％G73546	3671
％G73547	3672
％G73548	3673
％G73549	3674
％G73550	3675
％G73551	3676
％G73552	3677
％G73553	3678
％G73554	3679
％G73555	3680
％G73556	3681
％G73557	3682
％G73558	3683
％G73559	3684
％G73560	3685
％G73561	3686
％G73562	3687
％G73563	3688
％G73564	3689
％G73565	3690
％G73566	3691
％G73567	3692
％G73568	3693
％G73569	3694
％G73570	3695
％G73571	3696
％G73572	3697
％G73573	3698
％G73574	3699
％G73575	3700
％G73576	3701
％G73577	3702
％G73578	3703
％G73579	3704
％G73580	3705
％G73581	3706
％G73582	3707
％G73583	3708
％G73584	3709
％G73585	3710
％G73586	3711
％G73587	3712
％G73588	3713
％G73589	3714
％G73590	3715
％G73591	3716
％G73592	3717
％G73593	3718
％G73594	3719
％G73596	3722
％G73597	3723
％G73598	3724
％G73599	3725
％G73600	3726
％G73601	3727
％G73602	3728
％G73603	3729
％G73604	3730
％G73605	3731
％G73606	3732
％G73607	3733
％G73608	3734
％G73609	3735
％G73610	3736
％G73611	3737
％G73612	3738
％G73613	3739
％G73614	3740
％G73615	3741
％G73616	3742
％G73617	3743
％G73618	3744
％G73619	3745
％G73620	3747
％G73621	3748
％G73622	3749
％G73623	3750
％G73624	3751
％G73625	3752
％G73626	3753
％G73627	3754
％G73628	3756
％G73629	3756
％G73630	3757
％G73631	3758
％G73632	3759
％G73633	3760
％G73634	3761
％G73635	3762
％G73636	3763
％G73637	3764
％G73638	3765
％G73639	3766
％G73640	3767
％G73641	3768
％G73642	3769
％G73643	3770
％G73644	3771
％G73645	3772
％G73646	3773
％G73647	3774
％G73648	3775
％G73649	3776
％G73650	3777
％G73651	3778
％G73652	3779
％G73653	3780
％G73654	3781
％G73655	3782
％G73656	3783
％G73657	3784
％G73658	3785
％G73659	3786
％G73660	3787
％G73661	3788
％G73662	3789
％G73663	3790
％G73664	3791
％G73665	3792
％G73666	3793
％G73667	3794
％G73668	3795
％G73669	3796
％G73671	3797
％G73672	3799
％G73673	3800
％G73674	3802
％G73675	3803
％G73677	3804
％G73678	3805
％G73679	3806
％G73680	3807
％G73681	3808
％G73682	3809
％G73683	3810
％G73684	3811
％G73685	3812
％G73686	3813
％G73687	3814
％G73688	3815
％G73689	3816
％G73690	3817
％G73691	3819
％G73692	3820
％G73693	3821
％G73694	3822
％G73695	3823
％G73696	3824
％G73697	3825
％G73698	3826
％G73699	3828
％G73700	3829
％G73701	3830
％G73702	3831
％G73703	3832
％G73704	3833
％G73705	3834
％G73706	3835
％G73708	3837
％G73709	3838
％G73710	3839
％G73711	3840
％G73712	3841
％G73713	3842
％G73714	3843
％G73715	3844
％G73716	3845
％G73717	3846
％G73718	3847
％G73719	3848
％G73720	3849
％G73722	3850
％G73723	3852
％G73724	3853
％G73725	3854
％G73726	3855
％G73727	3856
％G73728	3857
％G73729	3858
％G73730	3860
％G73731	3861
％G73732	3862
％G73733	3863
％G73734	3864
％G73735	3865
％G73736	3866
％G73737	3867
％G73738	3868
％G73740	3870
％G73741	3871
％G73742	3873
％G73743	3874
％G73744	3875
％G73745	3876
％G73746	3877
％G73747	3878
％G73748	3879
％G73749	3880
％G73750	3881
％G73751	3882
％G73752	3883
％G73753	3884
％G73754	3886
％G73755	3885
％G73756	3887
％G73757	3888
％G73758	3889
％G73759	3890
％G73760	3891
％G73761	3892
％G73762	3893
％G73763	3894
％G73764	3895
％G73765	3896
％G73766	3897
％G73767	3898
％G73768	3899
％G73769	3900
％G73770	3901
％G73771	3902
％G73772	3903
％G73773	3904
％G73774	3905
％G73775	3906
％G73776	3907
％G73777	3908
％G73778	3909
％G73779	3910
％G73780	3911
％G73781	3912
％G73782	3913
％G73783	3914
％G73784	3915
％G73785	3916
％G73786	3917
％G73788	3918
％G73789	3919
％G73790	3920
％G73791	3921
％G73792	3922
％G73793	3923
％G73794	3924
％G73796	3925
％G73797	3926
％G73798	3927
％G73799	3928
％G73800	3929
％G73801	3930
％G73802	3931
％G73803	3932
％G73804	3933
％G73805	3934
％G73806	3935
％G73807	3936
％G73808	3937
％G73809	3938
％G73810	3939
％G73811	3940
％G73812	3941
％G73813	3942
％G73814	3943
％G73815	3944
％G73816	3945
％G73817	3946
％G73818	3947
％G73819	3948
％G73820	3949
％G73821	3950
％G73822	3951
％G73823	3952
％G73824	3953
％G73825	3954
％G73826	3955
％G73827	3956
％G73828	3957
％G73829	3958
％G73830	3959
％G73831	3960
％G73832	3961
％G73833	3962
％G73834	3963
％G73835	3965
％G73836	3966
％G73837	3967
％G73838	3968
％G73839	3969
％G73840	3964
％G73841	3970
％G73842	3971
％G73843	3972
％G73844	3973
％G73845	3974
％G73846	3975
％G73847	3976
％G73848	3977
％G73849	3978
％G73850	3979
％G73851	3980
％G73852	3981
％G73853	3982
％G73854	3983
％G73855	3984
％G73856	3985
％G73857	3986
％G73858	3987
％G73859	3988
％G73860	3989
％G73861	3990
％G73862	3991
％G73863	3992
％G73864	3993
％G73865	3994
％G73866	3995
％G73867	3996
％G73868	3997
％G73869	3998
％G73870	3999
％G73871	4000
％G73872	4001
％G73873	4002
％G73874	4003
％G73875	4004
％G73876	4005
％G73877	4006
％G73879	4008
％G73880	4009
％G73881	4010
％G73882	4011
％G73883	4012
％G73884	4013
％G73885	4014
％G73887	4015
％G73888	4016
％G73889	4017
％G73890	4018
％G73891	4019
％G73892	4020
％G73893	4021
％G73894	4022
％G73895	4023
％G73896	4024
％G73897	4025
％G73898	4026
％G73899	4027
％G73900	4028
％G73901	4029
％G73902	4030
％G73903	4031
％G73904	4032
％G73905	4033
％G73906	4034
％G73907	4035
％G73908	4036
％G73909	4037
％G73910	4038
％G73911	4039
％G73912	4040
％G73913	4041
％G73914	4042
％G73915	4043
％G73916	4044
％G73917	4045
％G73918	4046
％G73919	4047
％G73920	4048
％G73921	4049
％G73922	4050
％G73923	4051
％G73924	4052
％G73925	4053
％G73927	4055
％G73929	4057
％G73930	4058
％G73931	4059
％G73932	4060
％G73933	4061
％G73934	4062
％G73935	4063
％G73936	4064
％G73937	4065
％G73938	4066
％G73939	4067
％G73940	4068
％G73941	4069
％G73942	4070
％G73943	4071
％G73944	4072
％G73945	4073
％G73946	4074
％G73947	4075
％G73948	4076
％G73949	4077
％G73950	4078
％G73951	4079
％G73952	4080
％G73953	4081
％G73954	4082
％G73955	4083
％G73956	4084
％G73957	4085
％G73958	4086
％G73959	4087
％G73960	4088
％G73961	4089
％G73962	4090
％G73963	4091
％G73965	4092
％G73966	4093
％G73967	4094
％G73968	4095
％G73969	4096
％G73970	4097
％G73971	4098
％G73972	4099
％G73973	4100
％G73974	4101
％G73975	4102
％G73976	4104
％G73977	4103
％G73978	4105
％G73979	4106
％G73980	4107
％G73981	4108
％G73982	4109
％G73983	4110
％G73984	4111
％G73985	4112
％G73986	4113
％G73987	4114
％G73988	4115
％G73989	4116
％G73990	4117
％G73991	4120
％G73992	4121
％G73993	4122
％G73994	4123
％G73995	4124
％G73996	4125
％G73997	4126
％G73998	4127
％G73999	4128
％G74000	4129
％G74001	4131
％G74002	4132
％G74003	4133
％G74004	4134
％G74005	4135
％G74006	4136
％G74007	4137
％G74008	4138
％G74009	4139
％G74010	4140
％G74011	4141
％G74012	4142
％G74013	4143
％G74014	4144
％G74015	4145
％G74016	4146
％G74017	4147
％G74018	4148
％G74019	4149
％G74020	4150
％G74021	4151
％G74022	4152
％G74023	4153
％G74024	4154
％G74025	4155
％G74026	4156
％G74027	4157
％G74028	4158
％G74029	4159
％G74030	4160
％G74031	4161
％G74032	4162
％G74033	4163
％G74034	4164
％G74035	4165
％G74036	4166
％G74037	4167
％G74038	4168
％G74039	4169
％G74040	4170
％G74041	4171
％G74042	4172
％G74044	4173
％G74045	4174
％G74046	4175
％G74047	4176
％G74048	4177
％G74049	4178
％G74050	4179
％G74051	4180
％G74052	4181
％G74053	4182
％G74054	4183
％G74055	4184
％G74056	4185
％G74057	4186
％G74058	4187
％G74059	4188
％G74060	4189
％G74061	4190
％G74062	4192
％G74063	4193
％G74064	4194
％G74065	4195
％G74066	4196
％G74067	4197
％G74068	4198
％G74069	4199
％G74070	4200
％G74071	4201
％G74072	4202
％G74073	4203
％G74074	4204
％G74075	4205
％G74076	4206
％G74077	4207
％G74079	4209
％G74080	4211
％G74081	4210
％G74082	4212
％G74083	4213
％G74084	4214
％G74085	4215
％G74086	4216
％G74087	4217
％G74088	4218
％G74089	4219
％G74091	4221
％G74092	4222
％G74093	4223
％G74094	4224
％G74095	4225
％G74096	4226
％G74097	4227
％G74098	4228
％G74099	4229
％G74100	4230
％G74101	4231
％G74102	4232
％G74103	4233
％G74104	4234
％G74105	4237
％G74106	4238
％G74108	4239
％G74109	4240
％G74110	4241
％G74111	4242
％G74112	4243
％G74113	4244
％G74114	4245
％G74115	4246
％G74116	4247
％G74117	4248
％G74118	4249
％G74119	4250
％G74120	4251
％G74121	4252
％G74122	4253
％G74123	4254
％G74124	4255
％G74125	4256
％G74126	4257
％G74127	4258
％G74128	4259
％G74129	4260
％G74130	4261
％G74131	4262
％G74132	4263
％G74133	4264
％G74134	4265
％G74135	4266
％G74136	4267
％G74137	4268
％G74138	4269
％G74139	4270
％G74140	4271
％G74141	4272
％G74142	4273
％G74143	4274
％G74144	4276
％G74145	4278
％G74146	4279
％G74147	4281
％G74148	4282
％G74149	4283
％G74150	4284
％G74151	4285
％G74152	4286
％G74153	4287
％G74154	4288
％G74155	4289
％G74156	4290
％G74158	4291
％G74159	4292
％G74160	4293
％G74161	4294
％G74162	4295
％G74163	4296
％G74164	4297
％G74165	4298
％G74166	4299
％G74167	4300
％G74168	4301
％G74169	4302
％G74170	4303
％G74171	4304
％G74172	4305
％G74173	4306
％G74174	4307
％G74175	4308
％G74176	4309
％G74177	4310
％G74179	4311
％G74180	4312
％G74181	4313
％G74182	4314
％G74183	4315
％G74184	4316
％G74185	4317
％G74186	4318
％G74187	4319
％G74189	4320
％G74190	4321
％G74191	4322
％G74192	4323
％G74193	4324
％G74194	4325
％G74195	4326
％G74196	4327
％G74197	4328
％G74198	4329
％G74199	4330
％G74200	4333
％G74201	4334
％G74202	4335
％G74203	4336
％G74204	4337
％G74205	4338
％G74206	4339
％G74207	4340
％G74208	4341
％G74209	4342
％G74210	4343
％G74211	4344
％G74212	4345
％G74215	4347
％G74216	4348
％G74217	4349
％G74218	4350
％G74219	4351
％G74220	4352
％G74221	4353
％G74222	4354
％G74223	4355
％G74224	4356
％G74225	4357
％G74226	4358
％G74227	4359
％G74228	4360
％G74229	4361
％G74230	4362
％G74231	4363
％G74232	4364
％G74233	4365
％G74234	4366
％G74235	4367
％G74236	4368
％G74237	4369
％G74238	4370
％G74239	4371
％G74240	4372
％G74241	4373
％G74242	4374
％G74243	4375
％G74244	4376
％G74245	4377
％G74246	4378
％G74247	4379
％G74248	4380
％G74249	4381
％G74250	4382
％G74251	4383
％G74252	4385
％G74253	4387
％G74254	4388
％G74255	4389
％G74256	4390
％G74257	4391
％G74258	4392
％G74259	4393
％G74260	4394
％G74261	4395
％G74262	4396
％G74263	4397
％G74264	4398
％G74265	4399
％G74266	4400
％G74267	4401
％G74268	4402
％G74269	4403
％G74270	4404
％G74271	4405
％G74272	4407
％G74273	4408
％G74274	4409
％G74275	4410
％G74276	4411
％G74277	4412
％G74278	4413
％G74279	4414
％G74280	4415
％G74281	4416
％G74283	4417
％G74284	4418
％G74285	4419
％G74286	4420
％G74287	4421
％G74288	4422
％G74289	4423
％G74290	4424
％G74291	4425
％G74292	4426
％G74293	4427
％G74294	4428
％G74295	4429
％G74296	4430
％G74297	4431
％G74298	4432
％G74299	4433
％G74300	4434
％G74301	4435
％G74302	4436
％G74304	4437
％G74305	4438
％G74306	4439
％G74307	4440
％G74308	4441
％G74309	4442
％G74310	4443
％G74311	4444
％G74312	4445
％G74313	4446
％G74314	4447
％G74315	4448
％G74316	4449
％G74317	4450
％G74319	4451
％G74320	4453
％G74321	4454
％G74322	4455
％G74323	4456
％G74324	4457
％G74326	4459
％G74327	4460
％G74328	4461
％G74329	4462
％G74330	4463
％G74331	4464
％G74332	4465
％G74333	4466
％G74334	4467
％G74335	4468
％G74336	4481
％G74337	4469
％G74338	4470
％G74339	4471
％G74340	4472
％G74341	4473
％G74342	4474
％G74343	4475
％G74344	4476
％G74345	4477
％G74346	4478
％G74347	4479
％G74348	4480
％G74349	4482
％G74350	4484
％G74351	4485
％G74352	4486
％G74353	4487
％G74354	4488
％G74355	4489
％G74356	4490
％G74357	4491
％G74358	4492
％G74359	4493
％G74360	4494
％G74361	4496
％G74362	4497
％G74363	4498
％G74364	4499
％G74365	4500
％G74366	4501
％G74367	4502
％G74368	4503
％G74369	4504
％G74370	4505
％G74371	4506
％G74372	4510
％G74373	4507
％G74374	4508
％G74375	4509
％G74376	4511
％G74377	4512
％G74378	4514
％G74379	4515
％G74380	4516
％G74381	4517
％G74382	4518
％G74383	4519
％G74384	4520
％G74385	4521
％G74386	4522
％G74387	4523
％G74388	4524
％G74389	4525
％G74390	4526
％G74391	4527
％G74392	4528
％G74393	4529
％G74395	4531
％G74396	4532
％G74397	4533
％G74398	4534
％G74399	4535
％G74400	4536
％G74401	4537
％G74402	4538
％G74403	4539
％G74404	4540
％G74405	4541
％G74406	4542
％G74407	4543
％G74408	4544
％G74409	4545
％G74410	4546
％G74411	4547
％G74412	4548
％G74413	4549
％G74414	4550
％G74415	4551
％G74416	4552
％G74417	4553
％G74418	4554
％G74419	4556
％G74420	4557
％G74421	4558
％G74422	4559
％G74423	4560
％G74424	4561
％G74425	4563
％G74426	4564
％G74428	4567
％G74429	4568
％G74430	4569
％G74431	4570
％G74432	4572
％G74433	4573
％G74434	4574
％G74435	4575
％G74436	4576
％G74437	4577
％G74438	4578
％G74439	4579
％G74440	4580
％G74441	4581
％G74442	4582
％G74443	4583
％G74444	4584
％G74445	4585
％G74446	4586
％G74447	4587
％G74448	4588
％G74449	4562
％G74450	4589
％G74451	4590
％G74452	4591
％G74453	4592
％G74454	4593
％G74455	4594
％G74456	4595
％G74457	4597
％G74458	4598
％G74459	4599
％G74460	4600
％G74461	4601
％G74462	4602
％G74463	4604
％G74464	4603
％G74465	4605
％G74466	4606
％G74467	4607
％G74468	4608
％G74469	4609
％G74470	4609
％G74471	4610
％G74472	4611
％G74473	4612
％G74474	4613
％G74475	4614
％G74476	4615
％G74477	4616
％G74478	4617
％G74480	4618
％G74482	4619
％G74483	4620
％G74484	4621
％G74485	4622
％G74486	4623
％G74487	4624
％G74488	4625
％G74489	4626
％G74490	4627
％G74491	4628
％G74492	4629
％G74493	4630
％G74494	4631
％G74495	4632
％G74496	4633
％G74497	4634
％G74498	4635
％G74499	4636
％G74500	4637
％G74501	4638
％G74502	4639
％G74503	4640
％G74504	4641
％G74505	4642
％G74506	4643
％G74507	4644
％G74508	4645
％G74509	4646
％G74510	4647
％G74511	4648
％G74512	4649
％G74513	4650
％G74514	4651
％G74515	4652
％G74516	4653
％G74517	4654
％G74518	4656
％G74519	4655
％G74520	4657
％G74521	4658
％G74522	4659
％G74524	4660
％G74525	4662
％G74526	4663
％G74527	4664
％G74528	4665
％G74529	4666
％G74530	4667
％G74531	4669
％G74532	4670
％G74533	4672
％G74534	4672
％G74535	4673
％G74536	4674
％G74537	4676
％G74538	4677
％G74539	4678
％G74540	4679
％G74541	4680
％G74542	4681
％G74543	4685
％G74544	4682
％G74545	4683
％G74546	4684
％G74547	4686
％G74548	4687
％G74549	4688
％G74550	4689
％G74551	4690
％G74552	4691
％G74553	4692
％G74554	4693
％G74555	4694
％G74556	4696
％G74557	4695
％G74558	4697
％G74559	4698
％G74560	4699
％G74561	4700
％G74562	4701
％G74563	4702
％G74564	4703
％G74565	4704
％G74566	4705
％G74567	4709
％G74568	4710
％G74569	4711
％G74570	4712
％G74572	4713
％G74574	4714
％G74575	4715
％G74576	4716
％G74577	4717
％G74578	4718
％G74579	4719
％G74580	4720
％G74581	4721
％G74582	4722
％G74583	4723
％G74584	4724
％G74585	4725
％G74586	4726
％G74587	4727
％G74588	4728
％G74589	4729
％G74590	4730
％G74591	4731
％G74592	4732
％G74593	4733
％G74594	4734
％G74595	4735
％G74596	4736
％G74597	4737
％G74598	4738
％G74599	4739
％G74600	4740
％G74601	4741
％G74603	4742
％G74604	4743
％G74605	4744
％G74606	4745
％G74607	4745
％G74608	4770
％G74609	4747
％G74610	4748
％G74611	4749
％G74612	4750
％G74613	4751
％G74614	4752
％G74615	4753
％G74616	4754
％G74617	4755
％G74618	4756
％G74619	4757
％G74620	4758
％G74621	4760
％G74622	4761
％G74623	4762
％G74624	4763
％G74625	4764
％G74626	4765
％G74627	4766
％G74628	4767
％G74629	4768
％G74630	4769
％G74631	4771
％G74632	4772
％G74633	4773
％G74634	4773
％G74635	4774
％G74636	4775
％G74637	4776
％G74638	4777
％G74639	4778
％G74640	4779
％G74641	4780
％G74642	4781
％G74643	4782
％G74644	4783
％G74645	4784
％G74646	4785
％G74647	4786
％G74648	4787
％G74649	4788
％G74650	4789
％G74651	4790
％G74652	4791
％G74653	4792
％G74654	4793
％G74655	4794
％G74656	4795
％G74657	4796
％G74658	4797
％G74659	4798
％G74660	4799
％G74661	4800
％G74662	4801
％G74663	4802
％G74664	4804
％G74665	4805
％G74666	4806
％G74667	4807
％G74668	4808
％G74669	4809
％G74670	4810
％G74671	4811
％G74672	4812
％G74673	4813
％G74674	4814
％G74675	4815
％G74676	4816
％G74677	4817
％G74678	4818
％G74679	4819
％G74680	4820
％G74681	4821
％G74682	4822
％G74683	4823
％G74684	4824
％G74685	4825
％G74686	4826
％G74687	4827
％G74688	4828
％G74689	4829
％G74690	4830
％G74691	4831
％G74693	4832
％G74694	4834
％G74695	4835
％G74696	4836
％G74697	4837
％G74698	4838
％G74699	4840
％G74700	4841
％G74701	4842
％G74702	4843
％G74703	4844
％G74705	4845
％G74706	4846
％G74707	4847
％G74708	4848
％G74709	4849
％G74710	4850
％G74711	4851
％G74712	4852
％G74714	4853
％G74715	4855
％G74716	4854
％G74717	4856
％G74718	4857
％G74719	4858
％G74720	4859
％G74721	4860
％G74722	4861
％G74723	4862
％G74724	4863
％G74725	4864
％G74726	4865
％G74727	4866
％G74728	4867
％G74729	4868
％G74730	4869
％G74731	4870
％G74732	4871
％G74734	4872
％G74735	4873
％G74736	4874
％G74737	4875
％G74738	4876
％G74739	4878
％G74740	4879
％G74741	4880
％G74742	4881
％G74743	4882
％G74744	4883
％G74745	4884
％G74746	4885
％G74747	4887
％G74748	4886
％G74749	4888
％G74750	4889
％G74751	4890
％G74752	4891
％G74753	4892
％G74754	4893
％G74755	4895
％G74756	4897
％G74757	4898
％G74758	4899
％G74759	4901
％G74761	4902
％G74762	4903
％G74763	4904
％G74764	4905
％G74765	4906
％G74766	4907
％G74767	4908
％G74768	4909
％G74769	4910
％G74770	4911
％G74771	4912
％G74772	4913
％G74773	4914
％G74774	4915
％G74775	4916
％G74776	4917
％G74777	4918
％G74778	4919
％G74779	4920
％G74780	4920
％G74782	4921
％G74783	4922
％G74784	4923
％G74785	4894
％G74786	4924
％G74787	4925
％G74788	4926
％G74789	4927
％G74791	4928
％G74792	4929
％G74793	4930
％G74794	4931
％G74795	4932
％G74796	4933
％G74797	4934
％G74798	4935
％G74799	4936
％G74800	4937
％G74801	4938
％G74802	4939
％G74803	4940
％G74804	4941
％G74805	4942
％G74806	4943
％G74807	4944
％G74808	4945
％G74809	4946
％G74810	4947
％G74811	4948
％G74812	4949
％G74813	4950
％G74814	4951
％G74815	4952
％G74816	4953
％G74817	4954
％G74818	4956
％G74819	4957
％G74820	4958
％G74821	4959
％G74822	4960
％G74823	4961
％G74824	4962
％G74825	4963
％G74826	4964
％G74827	4965
％G74828	4966
％G74829	4967
％G74830	4968
％G74831	4969
％G74832	4970
％G74833	4971
％G74834	4972
％G74835	4973
％G74836	4974
％G74837	4975
％G74838	4976
％G74839	4977
％G74840	4978
％G74841	4979
％G74842	4980
％G74843	4981
％G74844	4982
％G74845	4983
％G74846	4984
％G74847	4985
％G74848	4986
％G74849	4987
％G74850	4988
％G74851	4989
％G74852	4990
％G74853	4991
％G74854	4992
％G74855	4993
％G74856	4994
％G74857	4995
％G74858	4996
％G74859	4997
％G74860	4998
％G74861	4999
％G74862	5000
％G74863	5001
％G74864	5002
％G74865	5003
％G74866	5004
％G74867	5005
％G74868	5006
％G74869	5007
％G74870	5008
％G74871	5009
％G74872	5010
％G74873	5011
％G74874	5012
％G74876	5013
％G74877	5014
％G74878	5015
％G74879	5017
％G74880	5018
％G74881	5019
％G74882	5020
％G74883	5021
％G74884	5022
％G74885	5027
％G74886	5028
％G74887	5029
％G74888	5030
％G74889	5031
％G74890	5032
％G74891	5034
％G74892	5035
％G74893	5036
％G74894	5037
％G74895	5038
％G74896	5039
％G74897	5040
％G74898	5041
％G74899	5042
％G74900	5043
％G74901	5044
％G74902	5045
％G74903	5046
％G74904	5047
％G74905	5048
％G74906	5049
％G74907	5050
％G74908	5051
％G74909	5052
％G74910	5053
％G74911	5054
％G74912	5055
％G74913	5056
％G74914	5057
％G74915	5058
％G74916	5059
％G74917	5060
％G74918	5061
％G74919	5064
％G74920	5065
％G74921	5062
％G74922	5063
％G74923	5066
％G74924	5067
％G74925	5075
％G74926	5076
％G74927	5068
％G74928	5069
％G74929	5070
％G74930	5071
％G74931	5072
％G74932	5073
％G74933	5074
％G74934	5077
％G74935	5078
％G74936	5079
％G74937	5080
％G74938	5081
％G74939	5082
％G74940	5083
％G74941	5084
％G74942	5085
％G74943	5086
％G74944	5087
％G74945	5088
％G74946	5089
％G74947	5090
％G74948	5091
％G74949	5092
％G74950	5093
％G74951	5094
％G74952	5095
％G74953	5096
％G74954	5097
％G74955	5098
％G74956	5099
％G74957	5100
％G74958	5101
％G74960	5102
％G74961	5103
％G74962	5105
％G74963	5106
％G74964	5107
％G74965	5108
％G74966	5109
％G74967	5110
％G74968	5111
％G74969	5112
％G74970	5113
％G74971	5114
％G74972	5115
％G74973	5116
％G74974	5117
％G74975	5118
％G74976	5119
％G74977	5121
％G74978	5122
％G74979	5131
％G74980	5132
％G74981	5133
％G74982	5134
％G74983	5135
％G74984	5136
％G74985	5137
％G74986	5138
％G74987	5139
％G74988	5140
％G74989	5140
％G74990	5141
％G74991	5142
％G74992	5143
％G74994	5144
％G74995	5145
％G74996	5146
％G74997	5147
％G74998	5148
％G74999	5149
％G75001	5151
％G75002	5152
％G75003	5153
％G75005	5154
％G75006	5155
％G75007	5156
％G75008	5157
％G75009	5158
％G75010	5159
％G75011	5160
％G75012	5161
％G75013	5162
％G75014	5163
％G75015	5164
％G75016	5165
％G75017	5166
％G75018	5167
％G75019	5168
％G75020	5169
％G75021	5170
％G75022	5171
％G75023	5172
％G75024	5173
％G75025	5174
％G75026	5176
％G75027	5177
％G75028	5178
％G75030	5179
％G75031	5180
％G75032	5181
％G75033	5183
％G75034	5184
％G75035	5185
％G75036	5186
％G75037	5188
％G75038	5187
％G75039	5189
％G75040	5190
％G75041	5191
％G75042	5192
％G75043	5193
％G75044	5194
％G75045	5195
％G75046	5196
％G75047	5197
％G75048	5198
％G75049	5199
％G75050	5200
％G75051	5201
％G75052	5202
％G75053	5203
％G75054	5204
％G75055	5205
％G75056	5206
％G75057	5207
％G75058	5208
％G75059	5211
％G75060	5212
％G75061	5214
％G75062	5215
％G75063	5217
％G75064	5218
％G75065	5219
％G75066	5220
％G75067	5221
％G75068	5222
％G75069	5223
％G75070	5225
％G75071	5226
％G75072	5227
％G75073	5228
％G75074	5229
％G75075	5230
％G75076	5231
％G75077	5232
％G75078	5234
％G75079	5235
％G75080	5236
％G75081	5238
％G75083	5239
％G75084	5240
％G75085	5241
％G75086	5242
％G75087	5243
％G75088	5244
％G75090	5245
％G75091	5246
％G75092	5237
％G75093	5247
％G75094	5248
％G75095	5249
％G75096	5250
％G75097	5251
％G75098	5252
％G75099	5253
％G75100	5254
％G75101	5255
％G75102	5256
％G75103	5257
％G75104	5258
％G75105	5259
％G75106	5260
％G75107	5261
％G75108	5262
％G75109	5263
％G75110	5265
％G75111	5264
％G75112	5266
％G75113	5267
％G75114	5268
％G75115	5269
％G75116	5270
％G75117	5271
％G75118	5272
％G75119	5273
％G75120	5274
％G75122	5275
％G75123	5276
％G75124	5277
％G75125	5278
％G75126	5279
％G75127	5280
％G75128	5281
％G75129	5282
％G75130	5283
％G75131	5284
％G75132	5285
％G75133	5286
％G75134	5287
％G75135	5288
％G75136	5289
％G75137	5290
％G75138	5291
％G75139	5292
％G75140	5293
％G75141	5294
％G75142	5295
％G75143	5296
％G75144	5297
％G75145	5298
％G75146	5299
％G75147	5300
％G75148	5301
％G75149	5302
％G75150	5303
％G75151	5304
％G75152	5305
％G75153	5306
％G75154	5307
％G75155	5308
％G75156	5309
％G75157	5310
％G75158	5311
％G75159	5312
％G75160	5313
％G75161	5314
％G75162	5341
％G75163	5316
％G75164	5317
％G75165	5318
％G75166	5319
％G75167	5320
％G75168	5321
％G75169	5322
％G75170	5323
％G75171	5324
％G75172	5325
％G75173	5326
％G75174	5327
％G75175	5328
％G75176	5329
％G75177	5330
％G75178	5331
％G75180	5333
％G75181	5334
％G75182	5335
％G75183	5336
％G75184	5337
％G75185	5338
％G75186	5339
％G75187	5340
％G75188	5342
％G75189	5343
％G75190	5344
％G75191	5345
％G75192	5346
％G75193	5347
％G75194	5348
％G75195	5349
％G75196	5350
％G75197	5351
％G75198	5352
％G75199	5353
％G75200	5354
％G75201	5355
％G75202	5356
％G75203	5357
％G75204	5358
％G75205	5359
％G75206	5360
％G75207	5361
％G75208	5362
％G75209	5363
％G75210	5364
％G75211	5365
％G75212	5366
％G75213	5367
％G75214	5368
％G75215	5369
％G75216	5370
％G75217	5371
％G75218	5372
％G75219	5373
％G75220	5374
％G75221	5375
％G75222	5376
％G75223	5377
％G75224	5378
％G75225	5379
％G75226	5380
％G75227	5381
％G75228	5382
％G75229	5383
％G75230	5384
％G75231	5385
％G75232	5386
％G75233	5387
％G75234	5388
％G75235	5389
％G75236	5390
％G75237	5392
％G75238	5393
％G75239	5394
％G75240	5395
％G75241	5396
％G75242	5397
％G75243	5399
％G75244	5398
％G75245	5400
％G75246	5401
％G75247	5402
％G75248	5403
％G75249	5404
％G75250	5405
％G75251	5406
％G75252	5407
％G75253	5408
％G75254	5409
％G75255	5410
％G75256	5411
％G75257	5412
％G75258	5413
％G75259	5415
％G75260	5416
％G75261	5417
％G75262	5418
％G75263	5419
％G75264	5420
％G75265	5421
％G75266	5422
％G75267	5423
％G75268	5424
％G75269	5425
％G75270	5426
％G75271	5427
％G75272	5428
％G75273	5429
％G75274	5430
％G75275	5431
％G75276	5432
％G75277	5433
％G75278	5434
％G75279	5435
％G75280	5436
％G75281	5437
％G75282	5438
％G75283	5439
％G75284	5440
％G75285	5441
％G75286	5442
％G75287	5443
％G75288	5444
％G75289	5445
％G75290	5446
％G75291	5447
％G75292	5448
％G75293	5449
％G75294	5450
％G75295	5451
％G75296	5452
％G75297	5453
％G75298	5454
％G75299	5455
％G75300	5456
％G75301	5457
％G75302	5458
％G75303	5459
％G75304	5460
％G75305	5461
％G75306	5462
％G75307	5463
％G75308	5464
％G75309	5465
％G75310	5466
％G75311	5467
％G75312	5468
％G75313	5469
％G75314	5471
％G75315	5472
％G75316	5473
％G75317	5474
％G75318	5475
％G75319	5470
％G75320	5476
％G75321	5477
％G75322	5478
％G75323	5479
％G75324	5480
％G75325	5481
％G75326	5482
％G75327	5483
％G75328	5484
％G75329	5485
％G75330	5486
％G75331	5487
％G75332	5488
％G75333	5489
％G75334	5490
％G75335	5491
％G75336	5492
％G75337	5493
％G75338	5494
％G75339	5495
％G75340	5496
％G75341	5497
％G75342	5498
％G75343	5499
％G75344	5500
％G75345	5501
％G75346	5502
％G75347	5503
％G75348	5506
％G75349	5505
％G75350	5507
％G75351	5508
％G75352	5509
％G75353	5510
％G75354	5511
％G75355	5512
％G75356	5513
％G75357	5514
％G75358	5515
％G75359	5517
％G75360	5518
％G75361	5519
％G75362	5520
％G75363	5521
％G75364	5523
％G75365	5524
％G75366	5525
％G75367	5526
％G75368	5527
％G75369	5528
％G75370	5529
％G75371	5522
％G75372	5530
％G75373	5532
％G75374	5533
％G75375	5534
％G75376	5535
％G75377	5536
％G75378	5537
％G75379	5538
％G75380	5539
％G75381	5540
％G75382	5541
％G75383	5542
％G75384	5543
％G75385	5544
％G75386	5545
％G75387	5546
％G75388	5547
％G75389	5548
％G75390	5549
％G75391	5550
％G75392	5551
％G75393	5552
％G75394	5553
％G75395	5554
％G75396	5555
％G75397	5556
％G75398	5557
％G75399	5552
％G75400	5558
％G75401	5559
％G75402	5560
％G75403	5561
％G75404	5562
％G75405	5563
％G75406	5564
％G75407	5565
％G75408	5566
％G75409	5567
％G75410	5568
％G75411	5569
％G75412	5570
％G75413	5571
％G75414	5572
％G75415	5573
％G75416	5574
％G75417	5576
％G75418	5577
％G75419	5575
％G75420	5578
％G75421	5579
％G75422	5580
％G75423	5581
％G75424	5582
％G75425	5583
％G75426	5584
％G75427	5585
％G75428	5586
％G75429	5587
％G75430	5588
％G75432	5590
％G75433	5591
％G75434	5594
％G75435	5592
％G75436	5593
％G75437	5595
％G75438	5596
％G75439	5597
％G75440	5599
％G75441	5598
％G75442	5602
％G75443	5603
％G75444	5604
％G75445	5605
％G75446	5606
％G75447	5608
％G75448	5609
％G75449	5610
％G75450	5611
％G75451	5612
％G75452	5613
％G75453	5614
％G75454	5615
％G75455	5616
％G75456	5617
％G75457	5618
％G75458	5619
％G75459	5620
％G75461	5621
％G75462	5622
％G75463	5623
％G75464	5624
G70032	ἀγγέλλω	pos: V<br />bdag-headword: ἀγγέλλω<br />danker-entry: ἀγγέλλω<br />mounce-headword: ἀγγέλλω<br />gk: 33<br />mounce-morphcat: v-2d(1)
G70034	ἄγγος	pos: N<br />full-citation-form: ἄγγος, ους, τό<br />bdag-headword: ἄγγος<br />danker-entry: ἄγγος, ους, τό<br />mounce-headword: ἄγγος<br />gk: 35<br />mounce-morphcat: n-3d(2b)
G70035	ἄγε	pos: V<br />bdag-headword: ἄγε<br />danker-entry: ἄγε
G70096	Ἀδμίν	pos: N<br />full-citation-form: Ἀδμίν, ὁ<br />bdag-headword: Ἀδμίν<br />danker-entry: Ἀδμίν, ὁ<br />mounce-headword: Ἀδμίν<br />gk: 98<br />mounce-morphcat: n-3g(2)
G70121	ἀθροίζω	pos: V<br />bdag-headword: ἀθροίζω<br />danker-entry: ἀθροίζω<br />mounce-headword: ἀθροίζω<br />gk: 125<br />mounce-morphcat: v-2a(1)
G70195	ἀκριβέστερον	pos: A/ADV-C<br />danker-entry: ἀκριβῶς
G70196	ἀκριβής	pos: A<br />full-citation-form: ἀκριβής, ές<br />bdag-headword: ἀκριβής<br />danker-entry: ἀκριβής, ές<br />mounce-headword: ἀκριβής<br />gk: 207<br />mounce-morphcat: a-4a
G70210	ἅλα	pos: N<br />full-citation-form: ἅλα, ατος, τό<br />bdag-headword: ἅλα<br />danker-entry: ἅλας, ατος, τό<br />mounce-headword: ἅλα<br />gk: 221
G70239	ἀλλαχοῦ	pos: D<br />bdag-headword: ἀλλαχοῦ<br />danker-entry: ἀλλαχοῦ<br />mounce-headword: ἀλλαχοῦ<br />gk: 250<br />mounce-morphcat: adverb
G70254	ἀλυπότερος	pos: A<br />full-citation-form: ἄλυπος, ον<br />danker-entry: ἄλυπος, ον
G70295	ἀμφιάζω	pos: V<br />bdag-headword: ἀμφιάζω<br />danker-entry: ἀμφιάζω<br />mounce-headword: ἀμφιάζω<br />gk: 314<br />mounce-morphcat: cv-2a(1)
G70296	ἀμφιβάλλω	pos: V<br />bdag-headword: ἀμφιβάλλω<br />danker-entry: ἀμφιβάλλω<br />mounce-headword: ἀμφιβάλλω<br />gk: 311<br />mounce-morphcat: cv-2d(1)
G70303	ἄμωμον	pos: N<br />full-citation-form: ἄμωμον, ου, τό<br />bdag-headword: ἄμωμον<br />danker-entry: ἄμωμον, ου, τό<br />mounce-headword: ἄμωμον<br />gk: 319<br />mounce-morphcat: n-2c
G70316	ἀνάγαιον	pos: N<br />full-citation-form: ἀνάγαιον, οῦ, τό<br />bdag-headword: ἀνάγαιον<br />danker-entry: ἀνάγαιον, οῦ, τό<br />mounce-headword: ἀνάγαιον<br />gk: 333<br />mounce-morphcat: n-2c
G70378	ἀναπηδάω	pos: V<br />bdag-headword: ἀναπηδάω<br />danker-entry: ἀναπηδάω<br />mounce-headword: ἀναπηδάω<br />gk: 403<br />mounce-morphcat: cv-1d(1a)
G70427	ἀνεπίλημπτος	pos: A<br />full-citation-form: ἀνεπίλημπτος, ον<br />bdag-headword: ἀνεπίλημπτος<br />danker-entry: ἀνεπίλημπτος, ον<br />mounce-headword: ἀνεπίλημπτος<br />gk: 455<br />mounce-morphcat: a-3a
G70512	ἀνώτερος	pos: A<br />full-citation-form: ἀνώτερος, έρα, ον<br />bdag-headword: ἀνώτερος<br />danker-entry: ἀνώτερος, έρα, ον
G70547	ἄπειμι	pos: V<br />danker-entry: ἄπειμι<br />dodson-entry: ἄπειμι<br />mounce-headword: ἄπειμι<br />strongs: [548, 549]<br />gk: [582, 583]<br />dodson-pos: V<br />gloss: ['I am absent', 'I go away, depart']
G70690	Ἄρειος	pos: A/N<br />full-citation-form: Ἄρειος~πάγος, ὁ<br />danker-entry: Ἄρειος πάγος, ὁ<br />mounce-headword: Ἄρειος<br />gk: 740<br />mounce-morphcat: a-1a(1)
G70714	Ἀρνί	pos: N<br />full-citation-form: Ἀρνί, ὁ<br />bdag-headword: Ἀρνί<br />danker-entry: Ἀρνί, ὁ<br />mounce-headword: Ἀρνί<br />gk: 767<br />mounce-morphcat: n-3g(2)
G70753	Ἀσάφ	pos: N<br />full-citation-form: Ἀσάφ, ὁ<br />bdag-headword: Ἀσάφ<br />danker-entry: Ἀσάφ, ὁ<br />mounce-headword: Ἀσάφ<br />gk: 811<br />mounce-morphcat: n-3g(2)
G70830	αὔξω	pos: V<br />bdag-headword: αὔξω<br />danker-entry: αὐξάνω/αὔξω<br />mounce-headword: αὔξω<br />gk: 891
G70841	αὐχέω	pos: V<br />bdag-headword: αὐχέω<br />danker-entry: αὐχέω<br />mounce-headword: αὐχέω<br />gk: 902<br />mounce-morphcat: v-1d(2a)
G70855	ἀφθορία	pos: N<br />full-citation-form: ἀφθορία, ας, ἡ<br />bdag-headword: ἀφθορία<br />danker-entry: ἀφθορία, ας, ἡ<br />mounce-headword: ἀφθορία<br />gk: 917<br />mounce-morphcat: n-1a
G70873	ἀφυστερέω	pos: V<br />bdag-headword: ἀφυστερέω<br />danker-entry: ἀφυστερέω<br />mounce-headword: ἀφυστερέω<br />gk: 935<br />mounce-morphcat: cv-1d(2a)
G70886	ἄχρις	pos: P/ADV<br />danker-entry: ἄχρι, ἄχρις
G70890	Ἄψινθος	pos: N<br />full-citation-form: Ἄψινθος, ου, ὁ<br />danker-entry: ἀψίνθιον, ου, τό / ἄψινθος, ου, ἡ
G70916	Βαριωνᾶ	pos: N<br />full-citation-form: Βαριωνᾶ, ᾶ, ὁ<br />bdag-headword: Βαριωνᾶ<br />danker-entry: Βαριωνᾶ/Βαριωνᾶς, ᾶ, ὁ<br />mounce-headword: Βαριωνᾶ<br />gk: 980<br />mounce-morphcat: n-3g(2)
G70928	βασίλειον	pos: A<br />full-citation-form: βασίλειος, ον<br />danker-entry: βασίλειος, ον
G70937	βάτος	pos: N<br />full-citation-form: βάτος, ου, ὁ/ἡ<br />danker-entry: βάτος, ου, ὁ<br />dodson-entry: βάτος, ου, ὁ, ἡ<br />mounce-headword: βάτος<br />strongs: [942, 943]<br />gk: [1003, 1004]<br />dodson-pos: N:F,N:M<br />gloss: ['a thorn bush or bramble', 'a bath, a liquid measure between eight and nine gallons']
G70950	βελόνη	pos: N<br />full-citation-form: βελόνη, ης, ἡ<br />bdag-headword: βελόνη<br />danker-entry: βελόνη, ης, ἡ<br />mounce-headword: βελόνη<br />gk: 1017<br />mounce-morphcat: n-1b
G70952	βέλτιον	pos: A/ADV-C?<br />danker-entry: βελτίων, ον
G70961	Βηθσαϊδάν	pos: N<br />full-citation-form: Βηθσαϊδάν, ἡ<br />bdag-headword: Βηθσαϊδάν<br />danker-entry: Βηθσαϊδά(ν), ἡ<br />mounce-headword: Βηθσαϊδάν<br />gk: 1035<br />mounce-morphcat: ??
G70990	Βόες	pos: N<br />full-citation-form: Βόες, ὁ<br />bdag-headword: Βόες<br />danker-entry: Βόες, ὁ<br />mounce-headword: Βόες<br />gk: 1067<br />mounce-morphcat: n-3g(2)
G71019	βραχύ	pos: D/A?<br />danker-entry: βραχύς, εῖα, ύ
G71057	γαμίζω	pos: V<br />bdag-headword: γαμίζω<br />danker-entry: γαμίζω<br />mounce-headword: γαμίζω<br />gk: 1139<br />mounce-morphcat: v-2a(1)
G71174	δεκαοκτώ	pos: A<br />full-citation-form: δεκαοκτώ<br />danker-entry: δεκαοκτώ<br />mounce-headword: δεκαοκτώ<br />gk: 1277<br />mounce-morphcat: n-3g(2)
G71187	δέος	pos: N<br />full-citation-form: δέος, ους, τό<br />bdag-headword: δέος<br />danker-entry: δέος, ους, τ ό<br />mounce-headword: δέος<br />gk: 1290<br />mounce-morphcat: n-3d(2b)
G71196	δεσμόν	pos: N<br />full-citation-form: δεσμόν, οῦ, τό<br />danker-entry: δεσμός, οῦ, ὁ<br />dodson-pos: N:N
G71241	διακαθαίρω	pos: V<br />bdag-headword: διακαθαίρω<br />danker-entry: διακαθαίρω<br />mounce-headword: διακαθαίρω<br />gk: 1350<br />mounce-morphcat: cv-2d(2)
G71272	διαπαρατριβή	pos: N<br />full-citation-form: διαπαρατριβή, ῆς, ἡ<br />bdag-headword: διαπαρατριβή<br />danker-entry: διαπαρατριβή, ῆς, ἡ<br />mounce-headword: διαπαρατριβή<br />gk: 1384<br />mounce-morphcat: n-1b
G71281	διαρρήγνυμι	pos: V<br />bdag-headword: διαρρήγνυμι<br />danker-entry: δια(ρ)ρήγνυμι/διαρήσσω<br />mounce-headword: διαρρήγνυμι<br />gk: 1396<br />mounce-morphcat: cv-3c(2)
G71312	διαχλευάζω	pos: V<br />bdag-headword: διαχλευάζω<br />danker-entry: διαχλευάζω<br />mounce-headword: διαχλευάζω<br />gk: 1430<br />mounce-morphcat: cv-2a(1)
G71324	διενθυμέομαι	pos: V<br />bdag-headword: διενθυμέομαι<br />danker-entry: διενθυμέομαι<br />mounce-headword: διενθυμέομαι<br />gk: 1445<br />mounce-morphcat: cv-1b(2a)
G71355	διόρθωμα	pos: N<br />full-citation-form: διόρθωμα, ατος, τό<br />bdag-headword: διόρθωμα<br />danker-entry: διόρθωμα, ατος, τό<br />mounce-headword: διόρθωμα<br />gk: 1480<br />mounce-morphcat: n-3c(4)
G71364	δισμυριάς	pos: N<br />full-citation-form: δισμυριάς, άδος, ἡ<br />bdag-headword: δισμυριάς<br />danker-entry: δισμυριάς, άδος, ἡ<br />mounce-headword: δισμυριάς<br />gk: 1490<br />mounce-morphcat: n-3c(2)
G71382	δοκιμασία	pos: N<br />full-citation-form: δοκιμασία, ας, ἡ<br />bdag-headword: δοκιμασία<br />danker-entry: δοκιμασία, ας, ἡ<br />mounce-headword: δοκιμασία<br />gk: 1508<br />mounce-morphcat: n-1a
G71421	δύσις	pos: N<br />full-citation-form: δύσις, εως, ἡ<br />bdag-headword: δύσις<br />danker-entry: δύσις, εως, ἡ<br />mounce-headword: δύσις<br />gk: 1550
G71426	δυσφημέω	pos: V<br />bdag-headword: δυσφημέω<br />danker-entry: δυσφημέω<br />mounce-headword: δυσφημέω<br />gk: 1555<br />mounce-morphcat: cv-
G71439	ἐάνπερ	pos: C/COND<br />bdag-headword: ἐάνπερ<br />danker-entry: ἐάνπερ<br />mounce-headword: ἐάνπερ<br />gk: 1570<br />mounce-morphcat: particle
G71463	ἐγκαυχάομαι	pos: V<br />bdag-headword: ἐγκαυχάομαι<br />danker-entry: ἐγκαυχάομαι<br />mounce-headword: ἐγκαυχάομαι<br />gk: 1595<br />mounce-morphcat: cv-1d(1a)
G71490	εἰδέα	pos: N<br />full-citation-form: εἰδέα, ας, ἡ<br />bdag-headword: εἰδέα<br />danker-entry: εἰδέα, ας, ἡ<br />mounce-headword: εἰδέα<br />gk: 1624<br />mounce-morphcat: n-1a
G71504	εἵνεκεν	pos: P<br />bdag-headword: εἵνεκεν<br />danker-entry: εἵνεκεν<br />mounce-headword: εἵνεκεν<br />gk: 1641<br />mounce-morphcat: prep
G71534	ἑκατόνταρχος	pos: N<br />full-citation-form: ἑκατόνταρχος, ου, ὁ<br />bdag-headword: ἑκατόνταρχος<br />danker-entry: ἑκατοντάρχης, ου / ἑκατόνταρχος, ου, ὁ<br />mounce-headword: ἑκατόνταρχος<br />gk: 1673<br />mounce-morphcat: n-2a
G71535	ἐκβαίνω	pos: V<br />bdag-headword: ἐκβαίνω<br />danker-entry: ἐκβαίνω<br />mounce-headword: ἐκβαίνω<br />gk: 1674<br />mounce-morphcat: cv-2d(6)
G71558	ἐκζήτησις	pos: N<br />full-citation-form: ἐκζήτησις, εως, ἡ<br />bdag-headword: ἐκζήτησις<br />danker-entry: ἐκζήτησις, εως, ἡ<br />mounce-headword: ἐκζήτησις<br />gk: 1700<br />mounce-morphcat: n-3e(5b)
G71561	ἐκθαυμάζω	pos: V<br />bdag-headword: ἐκθαυμάζω<br />danker-entry: ἐκθαυμάζω<br />mounce-headword: ἐκθαυμάζω<br />gk: 1703<br />mounce-morphcat: cv-2a(1)
G71591	ἐκπερισσῶς	pos: D<br />bdag-headword: ἐκπερισσῶς<br />danker-entry: ἐκπερισσῶς<br />mounce-headword: ἐκπερισσῶς<br />gk: 1735<br />mounce-morphcat: adverb
G71593	ἐκπηδάω	pos: V<br />bdag-headword: ἐκπηδάω<br />danker-entry: ἐκπηδάω<br />mounce-headword: ἐκπηδάω<br />gk: 1737<br />mounce-morphcat: cv-1d(1a)
G71641	ἐλεάω	pos: V<br />bdag-headword: ἐλεάω<br />danker-entry: ἐλεάω<br />mounce-headword: ἐλεάω<br />gk: 1790<br />mounce-morphcat: v-1d(1a)
G71642	ἐλεγμός	pos: N<br />full-citation-form: ἐλεγμός, οῦ, ὁ<br />bdag-headword: ἐλεγμός<br />danker-entry: ἐλεγμός, οῦ, ὁ<br />mounce-headword: ἐλεγμός<br />gk: 1791<br />mounce-morphcat: n-2a
G71663	ἕλκω	pos: V<br />bdag-headword: ἕλκω<br />danker-entry: ἑλκύω/ἕλκω<br />mounce-headword: ἑλκύω<br />gk: 1816
G71691	ἐμπαιγμονή	pos: N<br />full-citation-form: ἐμπαιγμονή, ῆς, ἡ<br />bdag-headword: ἐμπαιγμονή<br />danker-entry: ἐμπαιγμονή, ῆς, ἡ<br />mounce-headword: ἐμπαιγμονή<br />gk: 1848<br />mounce-morphcat: n-1b
G71697	ἐμπίμπρημι	pos: V<br />bdag-headword: ἐμπίμπρημι<br />danker-entry: ἐμπί(μ)πρημι<br />mounce-headword: ἐμπίμπρημι<br />gk: 1856<br />mounce-morphcat: cv-6a
G71743	ἕνεκα	pos: P<br />bdag-headword: ἕνεκα<br />danker-entry: ἕνεκα, ἕνεκεν, and s. entries s. v. εἵνεκεν<br />mounce-headword: ἕνεκα<br />gk: 1914<br />mounce-morphcat: prep
G71754	ἔνθεν	pos: D<br />bdag-headword: ἔνθεν<br />danker-entry: ἔνθεν<br />mounce-headword: ἔνθεν<br />gk: 1925<br />mounce-morphcat: adverb
G71765	ἔννυχα	pos: A/ADV<br />danker-entry: ἔννυχος, ον
G71767	ἐνορκίζω	pos: V<br />bdag-headword: ἐνορκίζω<br />danker-entry: ἐνορκίζω<br />mounce-headword: ἐνορκίζω<br />gk: 1941<br />mounce-morphcat: cv-2a(1)
G71822	ἐξεραυνάω	pos: V<br />bdag-headword: ἐξεραυνάω<br />danker-entry: ἐξεραυνόω<br />mounce-headword: ἐξεραυνάω<br />gk: 2001<br />mounce-morphcat: cv-1d(1a)
G71839	ἐξουδενέω	pos: V<br />bdag-headword: ἐξουδενέω<br />danker-entry: ἐξουδενέω/ἐξουδενόω<br />mounce-headword: ἐξουδενέω<br />gk: 2022<br />mounce-morphcat: cv-1d(2a)
G71877	ἐπάρατος	pos: A<br />full-citation-form: ἐπάρατος, ον<br />bdag-headword: ἐπάρατος<br />danker-entry: ἐπάρατος, ον<br />mounce-headword: ἐπάρατος<br />gk: 2063<br />mounce-morphcat: a-3a
G71891	ἐπεισέρχομαι	pos: V<br />bdag-headword: ἐπεισέρχομαι<br />danker-entry: ἐπεισέρχομαι<br />mounce-headword: ἐπεισέρχομαι<br />gk: 2082<br />mounce-morphcat: cv-1b(2)
G71946	ἐπιλείχω	pos: V<br />bdag-headword: ἐπιλείχω<br />danker-entry: ἐπιλείχω<br />mounce-headword: ἐπιλείχω<br />gk: 2143<br />mounce-morphcat: cv-
G71973	ἐπισκευάζομαι	pos: V<br />bdag-headword: ἐπισκευάζομαι<br />danker-entry: ἐπισκευάζω<br />mounce-headword: ἐπισκευάζομαι<br />gk: 2171<br />mounce-morphcat: cv-2a(1)
G71980	ἐπισπείρω	pos: V<br />bdag-headword: ἐπισπείρω<br />danker-entry: ἐπισπείρω<br />mounce-headword: ἐπισπείρω<br />gk: 2178<br />mounce-morphcat: cv-2d(3)
G71982	ἐπίστασις	pos: N<br />full-citation-form: ἐπίστασις, εως, ἡ<br />bdag-headword: ἐπίστασις<br />danker-entry: ἐπίστασις, εως, ἡ<br />mounce-headword: ἐπίστασις<br />gk: 2180<br />mounce-morphcat: n-3e(5b)
G72011	ἐπιφαύσκω	pos: V<br />bdag-headword: ἐπιφαύσκω<br />danker-entry: ἐπιφαύσκω<br />mounce-headword: ἐπιφαύσκω<br />gk: 2213<br />mounce-morphcat: cv-5a
G72030	ἐραυνάω	pos: V<br />bdag-headword: ἐραυνάω<br />danker-entry: ἐραυνάω<br />mounce-headword: ἐραυνάω<br />gk: 2236<br />mounce-morphcat: v-1d(1a)
G72060	ἔσθω	pos: V<br />bdag-headword: ἔσθω<br />danker-entry: ἐσθίω/ἔσθω<br />mounce-headword: ἔσθω<br />gk: 2267
G72083	Εὕα	pos: N<br />full-citation-form: Εὕα, ας, ἡ<br />bdag-headword: Εὕα<br />danker-entry: Εὕα, ας, ἡ<br />mounce-headword: Εὕα<br />gk: 2293<br />mounce-morphcat: n-1a
G72091	εὖγε	pos: X/ADV<br />bdag-headword: εὖγε<br />danker-entry: εὖγε<br />mounce-headword: εὺγε<br />gk: 2301<br />mounce-morphcat: adverb
G72104	εὐθύμως	pos: D<br />bdag-headword: εὐθύμως<br />danker-entry: εὐθύμως<br />mounce-headword: εὐθύμως<br />gk: 2315<br />mounce-morphcat: adverb
G72127	εὐπάρεδρον	pos: A<br />full-citation-form: εὐπάρεδρος, ον<br />bdag-headword: εὐπάρεδρος<br />danker-entry: εὐπάρεδρος, ον<br />mounce-headword: εὐπάρεδρος<br />gk: 2339
G72136	εὐρακύλων	pos: N<br />full-citation-form: εὐρακύλων, ωνος, ὁ<br />bdag-headword: εὐρακύλων<br />danker-entry: εὐρακύλων, ωνος, ὁ<br />mounce-headword: εὐρακύλων<br />gk: 2350<br />mounce-morphcat: n-3f(1a)
G72175	ἐφοράω	pos: V<br />bdag-headword: ἐφοράω<br />mounce-headword: ἐφοράω<br />gk: 2393
G72178	ἐχθές	pos: D<br />bdag-headword: ἐχθές<br />danker-entry: ἐχθές<br />mounce-headword: ἐχθές<br />gk: 2396<br />mounce-morphcat: adverb
G72195	ζηλεύω	pos: V<br />bdag-headword: ζηλεύω<br />danker-entry: ζηλεύω<br />mounce-headword: ζηλεύω<br />gk: 2418<br />mounce-morphcat: v-1a(6)
G72199	Ζηλωτής	pos: N<br />full-citation-form: Ζηλωτής, οῦ, ὁ<br />danker-entry: ζηλωτής, οῦ, ὁ<br />mounce-headword: ζηλωτής<br />gk: 2421<br />mounce-morphcat: n-1f
G72263	θά	pos: V/ARAM<br />danker-entry: θά
G72335	θορυβάζω	pos: V<br />bdag-headword: θορυβάζω<br />danker-entry: θορυβάζω<br />mounce-headword: θορυβάζω<br />gk: 2571<br />mounce-morphcat: v-2a(1)
G72395	ἱερόθυτος	pos: A<br />full-citation-form: ἱερόθυτος, ον<br />bdag-headword: ἱερόθυτος<br />danker-entry: ἱερόθυτος, ον<br />mounce-headword: ἱερόθυτος<br />gk: 2638<br />mounce-morphcat: a-3a
G72428	ἱνατί	pos: D<br />bdag-headword: ἱνατί<br />danker-entry: ἱνατί<br />mounce-headword: ἱνατί<br />gk: 2672<br />mounce-morphcat: conj
G72441	Ἰουνία	pos: N<br />full-citation-form: Ἰουνία, ας, ἡ<br />bdag-headword: Ἰουνία<br />danker-entry: Ἰουνία, ας, ἡ
G72444	ἱππικόν	pos: A<br />full-citation-form: ἱππικός, ή, όν<br />danker-entry: ἱππικός, ή, όν<br />mounce-headword: ἱππικός<br />gk: 2690
G72449	Ἰσκαριώθ	pos: N<br />full-citation-form: Ἰσκαριώθ<br />bdag-headword: Ἰσκαριώθ<br />danker-entry: Ἰσκαριώθ<br />mounce-headword: Ἰσκαριώθ<br />gk: 2696<br />mounce-morphcat: n-3g(2)
G72475	Ἰωβήδ	pos: N<br />full-citation-form: Ἰωβήδ, ὁ<br />bdag-headword: Ἰωβήδ<br />danker-entry: Ἰωβήδ, ὁ<br />mounce-headword: Ἰωβήδ<br />gk: 2725<br />mounce-morphcat: n-3g(2)
G72476	Ἰωβήλ	pos: N<br />full-citation-form: Ἰωβήλ, ὁ
G72477	Ἰωδά	pos: N<br />full-citation-form: Ἰωδά, ὁ<br />bdag-headword: Ἰωδά<br />danker-entry: Ἰωδά, ὁ<br />mounce-headword: Ἰωδά<br />gk: 2726<br />mounce-morphcat: n-3g(2)
G72486	Ἰωσήχ	pos: N<br />full-citation-form: Ἰωσήχ, ὁ<br />bdag-headword: Ἰωσήχ<br />danker-entry: Ἰωσήχ, ὁ<br />mounce-headword: Ἰωσήχ<br />gk: 2738<br />mounce-morphcat: n-3g(2)
G72517	καθώσπερ	pos: C/ADV<br />bdag-headword: καθώσπερ<br />danker-entry: καθώσπερ<br />mounce-headword: καθώσπερ<br />gk: 2778<br />mounce-morphcat: adverb
G72565	Καναναῖος	pos: N<br />full-citation-form: Καναναῖος, ου, ὁ<br />bdag-headword: Καναναῖος<br />danker-entry: Καναναῖος, ου, ὁ<br />mounce-headword: Καναναῖος<br />gk: 2831<br />mounce-morphcat: n-2a
G72583	καταβαρύνομαι	pos: V<br />bdag-headword: καταβαρύνω<br />danker-entry: καταβαρύνω<br />mounce-headword: καταβαρύνω<br />gk: 2852<br />mounce-morphcat: cv-1c(2)
G72597	καταδίκη	pos: N<br />full-citation-form: καταδίκη, ης, ἡ<br />bdag-headword: καταδίκη<br />danker-entry: καταδίκη, ης, ἡ<br />mounce-headword: καταδίκη<br />gk: 2869<br />mounce-morphcat: n-1b
G72701	κατευλογέω	pos: V<br />bdag-headword: κατευλογέω<br />danker-entry: κατευλογέω<br />mounce-headword: κατευλογέω<br />gk: 2986<br />mounce-morphcat: cv-1d(2a)
G72707	κατήγωρ	pos: N<br />full-citation-form: κατήγωρ, ορος, ὁ<br />bdag-headword: κατήγωρ<br />danker-entry: κατήγωρ, ορος, ὁ<br />mounce-headword: κατήγωρ<br />gk: 2992<br />mounce-morphcat: n-3f(2b)
G72716	κατοικίζω	pos: V<br />bdag-headword: κατοικίζω<br />danker-entry: κατοικίζω<br />mounce-headword: κατοικίζω<br />gk: 3001<br />mounce-morphcat: cv-2a(1)
G72720	κατωτέρω	pos: D<br />bdag-headword: κατωτέρω<br />danker-entry: κατωτέρω<br />mounce-headword: κατωτέρω<br />gk: 3006<br />mounce-morphcat: adverb
G72721	Καῦδα	pos: N<br />full-citation-form: Καῦδα, τό<br />bdag-headword: Καῦδα<br />danker-entry: Καῦδα<br />mounce-headword: Καῦδα<br />gk: 3007<br />mounce-morphcat: n-1c
G72726	καυστηριάζω	pos: V<br />bdag-headword: καυστηριάζω<br />danker-entry: καυστηριάζω<br />mounce-headword: καυστηριάζω<br />gk: 3013<br />mounce-morphcat: v-2a(1)
G72761	κεφαλιόω	pos: V<br />bdag-headword: κεφαλιόω<br />danker-entry: κεφαλιόω<br />mounce-headword: κεφαλιόω<br />gk: 3052<br />mounce-morphcat: v-1d(3)
G72763	κημόω	pos: V<br />bdag-headword: κημόω<br />danker-entry: κημόω<br />mounce-headword: κημόω<br />gk: 3055<br />mounce-morphcat: v-1d(3)
G72782	κίχρημι	pos: V<br />bdag-headword: κίχρημι<br />danker-entry: κίχρημι<br />mounce-headword: κίχρημι<br />gk: 3079<br />mounce-morphcat: v-6a
G72809	κλινάριον	pos: N<br />full-citation-form: κλινάριον, ου, τό<br />bdag-headword: κλινάριον<br />danker-entry: κλινάριον, ου, τό<br />mounce-headword: κλινάριον<br />gk: 3108<br />mounce-morphcat: n-2c
G72859	κόπριον	pos: N<br />full-citation-form: κόπριον, ου, τό<br />bdag-headword: κόπριον<br />danker-entry: κόπριον, ου, τό<br />mounce-headword: κόπριον<br />gk: 3162<br />mounce-morphcat: n-2c
G72864	κορβανᾶς	pos: N<br />full-citation-form: κορβανᾶς, ᾶ, ὁ<br />bdag-headword: κορβανᾶς<br />danker-entry: κορβανᾶς, ᾶ, ὁ<br />mounce-headword: κορβανᾶς<br />gk: 3168<br />mounce-morphcat: n-1e
G72916	κρυφαῖος	pos: A<br />full-citation-form: κρυφαῖος, α, ον<br />bdag-headword: κρυφαῖος<br />danker-entry: κρυφαῖος, α, ον<br />mounce-headword: κρυφαῖος<br />gk: 3224<br />mounce-morphcat: a-1a(1)
G72929	κυκλεύω	pos: V<br />bdag-headword: κυκλεύω<br />danker-entry: κυκλεύω<br />mounce-headword: κυκλεύω<br />gk: 3238<br />mounce-morphcat: v-1a(6)
G72932	κύκλῳ	pos: D/N<br />bdag-headword: κύκλῳ<br />danker-entry: κύκλῳ<br />mounce-headword: κύκλώ<br />gk: 3241
G72934	κυλισμός	pos: N<br />full-citation-form: κυλισμός, οῦ, ὁ<br />bdag-headword: κυλισμός<br />danker-entry: κυλισμός, οῦ, ὁ<br />mounce-headword: κυλισμός<br />gk: 3243<br />mounce-morphcat: n-2a
G72966	λακάω	pos: V<br />bdag-headword: λακάω<br />danker-entry: λακάω<br />mounce-headword: λακάω<br />gk: 3279<br />mounce-morphcat: v-1d(1a)
G73011	λῆμψις	pos: N<br />full-citation-form: λῆμψις, εως, ἡ<br />bdag-headword: λῆμψις<br />danker-entry: λῆμψις, εως, ἡ<br />mounce-headword: λῆμψις<br />gk: 3331<br />mounce-morphcat: n-3e(5b)
G73024	λιθόστρωτος	pos: A<br />full-citation-form: λιθόστρωτος, ον<br />bdag-headword: λιθόστρωτος<br />danker-entry: λιθόστρωτος, ον<br />mounce-headword: λιθόστρωτος<br />gk: 3346<br />mounce-morphcat: a-3a
G73078	Μαγαδάν	pos: N<br />full-citation-form: Μαγαδάν, ἡ<br />bdag-headword: Μαγαδάν<br />danker-entry: Μαγαδάν, ἡ<br />mounce-headword: Μαγαδάν<br />gk: 3400<br />mounce-morphcat: n-3g(2)
G73088	Μαθθαῖος	pos: N<br />full-citation-form: Μαθθαῖος, ου, ὁ<br />bdag-headword: Μαθθαῖος<br />danker-entry: Μαθθαῖος, ου, ὁ<br />mounce-headword: Μαθθαῖος<br />gk: 3414
G73089	Μαθθάτ	pos: N<br />full-citation-form: Μαθθάτ, ὁ<br />bdag-headword: Μαθθάτ<br />danker-entry: Μαθθάτ, ὁ<br />mounce-headword: Μαθθάτ<br />gk: 3415<br />mounce-morphcat: n-3g(2)
G73090	Μαθθίας	pos: N<br />full-citation-form: Μαθθίας, οῦ, ὁ<br />bdag-headword: Μαθθίας<br />danker-entry: Μαθθίας, οῦ, ὁ<br />mounce-headword: Μαθθίας<br />gk: 3416
G73121	μαράνα	pos: N/ARAM<br />danker-entry: μαράναθά
G73159	μέγιστος	pos: A<br />full-citation-form: μέγας, μεγάλη, μέγα<br />bdag-headword: μέγιστος<br />danker-entry: μέγας, μεγάλη, μέγα<br />mounce-headword: μέγιστος<br />gk: 3492<br />mounce-morphcat: a-1a(2a)
G73184	Μεννά	pos: N<br />full-citation-form: Μεννά, ὁ<br />bdag-headword: Μεννά<br />danker-entry: Μεννά, ὁ<br />mounce-headword: Μεννά<br />gk: 3527<br />mounce-morphcat: n-3g(2)
G73185	μενοῦν	pos: X<br />bdag-headword: μενοῦν<br />danker-entry: μενοῦν/μενοῦνγε<br />mounce-headword: μενοῦν<br />gk: 3528
G73218	μετάλημψις	pos: N<br />full-citation-form: μετάλημψις, εως, ἡ<br />bdag-headword: μετάλημψις<br />danker-entry: μετάλημψις, εως, ἡ<br />mounce-headword: μετάλημψις<br />gk: 3562<br />mounce-morphcat: n-3e(5b)
G73229	μετατρέπω	pos: V<br />bdag-headword: μετατρέπω<br />danker-entry: μετατρέπω<br />mounce-headword: μετατρέπω<br />gk: 3573<br />mounce-morphcat: cv-1b(1)
G73245	μήγε	pos: D/PRT-N<br />bdag-headword: μήγε<br />danker-entry: μή and γέ<br />mounce-headword: μήγε<br />gk: 3591
G73265	μήτιγε	pos: D/PRT-I<br />bdag-headword: μήτιγε<br />danker-entry: μήτι γε<br />mounce-headword: μήτιγε<br />gk: 3615
G73267	μητρολῴας	pos: N<br />full-citation-form: μητρολῴας, ου, ὁ<br />bdag-headword: μητρολῴας<br />danker-entry: μητραλῴας/μητρολῴας, ου, ὁ<br />mounce-headword: μητρολῴας<br />gk: 3618
G73330	μύλινος	pos: A<br />full-citation-form: μύλινος, η, ον<br />bdag-headword: μύλινος<br />danker-entry: μύλινος, η, ον<br />mounce-headword: μύλινος<br />gk: 3684<br />mounce-morphcat: a-1a(2a)
G73347	Μωϋσῆς	pos: N<br />full-citation-form: Μωϋσῆς, έως, ὁ<br />bdag-headword: Μωϋσῆς<br />danker-entry: Μωϋσῆς, έως, ὁ<br />mounce-headword: Μωϋσῆς<br />gk: 3707<br />mounce-morphcat: n-3g(1)
G73350	Ναζαρά	pos: N<br />full-citation-form: Ναζαρά, ἡ<br />bdag-headword: Ναζαρά<br />danker-entry: Ναζαρά/Ναζαρέθ/Ναζαρέτ, ἡ<br />mounce-headword: Ναζαρά<br />gk: 3711<br />mounce-morphcat: n-3g(2)
G73351	Ναζαρέθ	pos: N<br />full-citation-form: Ναζαρέθ, ἡ<br />danker-entry: Ναζαρά/Ναζαρέθ/Ναζαρέτ, ἡ<br />mounce-headword: Ναζαρέθ<br />gk: 3714<br />mounce-morphcat: n-3g(2)
G73369	Νέα	pos: A<br />full-citation-form: νέος, α, ον<br />danker-entry: νέος, α, ον
G73427	νοσσός	pos: N<br />full-citation-form: νοσσός, οῦ, ὁ<br />bdag-headword: νοσσός<br />danker-entry: νοσσός, οῦ, ὁ<br />mounce-headword: νοσσός<br />gk: 3801<br />mounce-morphcat: n-2a
G73481	οἰκετεία	pos: N<br />full-citation-form: οἰκετεία, ας, ἡ<br />bdag-headword: οἰκετεία<br />danker-entry: οἰκετεία, ας, ἡ<br />mounce-headword: οἰκετεία<br />gk: 3859<br />mounce-morphcat: n-1a
G73492	οἰκοδόμος	pos: N<br />full-citation-form: οἰκοδόμος, ου, ὁ<br />bdag-headword: οἰκοδόμος<br />danker-entry: οἰκοδόμος, ου, ὁ<br />mounce-headword: οἰκοδόμος<br />gk: 3871<br />mounce-morphcat: n-2a
G73512	ὀλιγοπιστία	pos: N<br />full-citation-form: ὀλιγοπιστία, ας, ἡ<br />bdag-headword: ὀλιγοπιστία<br />danker-entry: ὀλιγοπιστία, ας, ἡ<br />mounce-headword: ὀλιγοπιστία<br />gk: 3898<br />mounce-morphcat: n-1a
G73517	ὀλίγως	pos: D<br />bdag-headword: ὀλίγως<br />danker-entry: ὀλίγως<br />mounce-headword: ὀλίγως<br />gk: 3903<br />mounce-morphcat: adverb
G73533	ὁμίχλη	pos: N<br />full-citation-form: ὁμίχλη, ης, ἡ<br />bdag-headword: ὁμίχλη<br />danker-entry: ὁμίχλη, ης, ἡ<br />mounce-headword: ὁμίχλη<br />gk: 3920<br />mounce-morphcat: n-1b
G73595	ὀρθρινός	pos: A<br />full-citation-form: ὀρθρινός, ή, όν<br />bdag-headword: ὀρθρινός<br />danker-entry: ὀρθρινός, ή, όν<br />mounce-headword: ὀρθρινός<br />gk: 3984<br />mounce-morphcat: a-1a(2a)
G73670	ὀψία	pos: A<br />full-citation-form: ὄψιος, α, ον<br />bdag-headword: ὀψία<br />danker-entry: ὄψιος, α, ον<br />mounce-headword: ὀψία<br />gk: 4068
G73676	Πάγος	pos: N<br />full-citation-form: Ἄρειος~Πάγος<br />danker-entry: Ἄρειος πάγος, ὁ<br />mounce-headword: πάγος<br />gk: 4076<br />mounce-morphcat: n-2a
G73707	πανταχῇ	pos: D<br />bdag-headword: πανταχῇ<br />danker-entry: πανταχῇ<br />mounce-headword: πανταχῇ<br />gk: 4114<br />mounce-morphcat: adverb
G73721	παραβολεύομαι	pos: V<br />bdag-headword: παραβολεύομαι<br />danker-entry: παραβολεύομαι<br />mounce-headword: παραβολεύομαι<br />gk: 4129<br />mounce-morphcat: cv-1a(6)
G73739	παρακαθέζομαι	pos: V<br />bdag-headword: παρακαθέζομαι<br />danker-entry: παρακαθέζομαι<br />mounce-headword: παρακαθέζομαι<br />gk: 4149<br />mounce-morphcat: cv-2a(1)
G73787	παρεδρεύω	pos: V<br />bdag-headword: παρεδρεύω<br />danker-entry: παρεδρεύω<br />mounce-headword: παρεδρεύω<br />gk: 4204<br />mounce-morphcat: cv-1a(6)
G73795	παρεμβάλλω	pos: V<br />bdag-headword: παρεμβάλλω<br />danker-entry: παρεμβάλλω<br />mounce-headword: παρεμβάλλω<br />gk: 4212<br />mounce-morphcat: cv-2d(1)
G73878	περαιτέρω	pos: D/@<br />bdag-headword: περαιτέρω<br />danker-entry: περαιτέρω<br />mounce-headword: περαιτέρω<br />gk: 4304<br />mounce-morphcat: adverb
G73886	περιάπτω	pos: V<br />bdag-headword: περιάπτω<br />danker-entry: περιάπτω<br />mounce-headword: περιάπτω<br />gk: 4312<br />mounce-morphcat: cv-4
G73926	περισσότερον	pos: D<br />danker-entry: περισσότερος, τέρα, ον
G73928	περισσοτέρως	pos: D<br />bdag-headword: περισσοτέρως<br />danker-entry: περισσοτέρως<br />mounce-headword: περισσοτέρως<br />gk: 4359<br />mounce-morphcat: adverb
G73964	πίμπλημι	pos: V<br />bdag-headword: πίμπλημι<br />danker-entry: πίμπλημι<br />mounce-headword: πίμπλημι<br />gk: 4398<br />mounce-morphcat: v-6a
G74043	Πόλις	pos: N<br />full-citation-form: Νέα~Πόλις<br />danker-entry: πόλις, εως, ἡ<br />mounce-headword: πόλις<br />gk: 4484<br />mounce-morphcat: n-3e(5b)
G74078	πορρώτερον	pos: D<br />bdag-headword: πορρώτερον<br />danker-entry: πόρρω
G74090	πότερον	pos: D<br />danker-entry: πότερος, α, ον<br />mounce-headword: πότερον<br />gk: 4538<br />mounce-morphcat: particle
G74107	πραϋπαθία	pos: N<br />full-citation-form: πραϋπαθία, ας, ἡ<br />bdag-headword: πραϋπαθία<br />danker-entry: πραϋπαθία, ας, ἡ<br />mounce-headword: πραϋπάθεια<br />gk: 4557<br />mounce-morphcat: n-1a
G74157	πρόϊμος	pos: A<br />full-citation-form: πρόϊμος, ον<br />bdag-headword: πρόϊμος<br />danker-entry: πρόϊμος, ον<br />mounce-headword: πρόϊμος<br />gk: 4611<br />mounce-morphcat: a-3a
G74178	προπάτωρ	pos: N<br />full-citation-form: προπάτωρ, ορος, ὁ<br />bdag-headword: προπάτωρ<br />danker-entry: προπάτωρ, ορος, ὁ<br />mounce-headword: προπάτωρ<br />gk: 4635<br />mounce-morphcat: n-3f(2b)
G74188	προσαίτης	pos: N<br />full-citation-form: προσαίτης, ου, ὁ<br />bdag-headword: προσαίτης<br />danker-entry: προσαίτης, ου, ὁ<br />mounce-headword: προσαίτης<br />gk: 4645<br />mounce-morphcat: n-1f
G74213	προσκλίνομαι	pos: V<br />bdag-headword: προσκλίνω<br />danker-entry: προσκλίνω<br />mounce-headword: προσκλίνω<br />gk: 4679<br />mounce-morphcat: cv-1c(2)
G74214	πρόσκλισις	pos: N<br />full-citation-form: πρόσκλισις, εως, ἡ<br />bdag-headword: πρόσκλισις<br />danker-entry: πρόσκλισις, εως, ἡ<br />mounce-headword: πρόσκλισις<br />gk: 4680<br />mounce-morphcat: n-3e(5b)
G74282	πρώτως	pos: D<br />bdag-headword: πρώτως<br />danker-entry: πρώτως<br />mounce-headword: πρώτως<br />gk: 4759<br />mounce-morphcat: adverb
G74303	πυκνά	pos: A
G74318	Πύρρος	pos: N<br />full-citation-form: Πύρρος, ου, ὁ<br />bdag-headword: Πύρρος<br />danker-entry: Πύρρος, ου, ὁ<br />mounce-headword: Πύρρος<br />gk: 4795<br />mounce-morphcat: n-2a
G74325	πώς	pos: D<br />bdag-headword: πώς<br />danker-entry: πώς<br />mounce-headword: πώς<br />gk: 4803<br />mounce-morphcat: particle
G74394	Σαλείμ	pos: N<br />full-citation-form: Σαλείμ, τό<br />bdag-headword: Σαλείμ<br />danker-entry: Σαλείμ, τό
G74427	Σαρών	pos: N<br />full-citation-form: Σαρών, ῶνος, ὁ<br />bdag-headword: Σαρων<br />danker-entry: Σαρων, ωνος, ὁ<br />mounce-headword: Σαρών<br />gk: 4926<br />mounce-morphcat: n-3f(1a)
G74479	σιρικός	pos: A<br />full-citation-form: σιρικός, ή, όν<br />bdag-headword: σιρικός<br />danker-entry: σιρικός, ή, όν<br />mounce-headword: σιρικός<br />gk: 4986<br />mounce-morphcat: a-1a(2a)
G74481	σιτίον	pos: N<br />full-citation-form: σιτίον, ου, τό<br />bdag-headword: σιτίον<br />danker-entry: σιτίον, ου, τό<br />mounce-headword: σιτίον<br />gk: 4989<br />mounce-morphcat: n-2c
G74523	σκῦλα	pos: N<br />full-citation-form: σκῦλα, ων, τά<br />danker-entry: σκῦλον, ου, τό
G74571	στάδιος	pos: N<br />full-citation-form: στάδιος, ου, ὁ
G74573	στασιαστής	pos: N<br />full-citation-form: στασιαστής, οῦ, ὁ<br />bdag-headword: στασιαστής<br />danker-entry: στασιαστής, οῦ, ὁ<br />mounce-headword: στασιαστής<br />gk: 5086<br />mounce-morphcat: n-1f
G74602	στιβάς	pos: N<br />full-citation-form: στιβάς, άδος, ἡ<br />bdag-headword: στιβάς<br />danker-entry: στιβάς, άδος, ἡ<br />mounce-headword: στιβάς<br />gk: 5115<br />mounce-morphcat: n-3c(2)
G74692	συμμορφίζομαι	pos: V<br />bdag-headword: συμμορφίζω<br />danker-entry: συμμορφίζω<br />mounce-headword: συμμορφίζω<br />gk: 5214<br />mounce-morphcat: cv-2a(1)
G74704	συμπίπτω	pos: V<br />bdag-headword: συμπίπτω<br />danker-entry: συμπίπτω<br />mounce-headword: συμπίπτω<br />gk: 5229<br />mounce-morphcat: cv-1b(3)
G74713	σύμφορον	pos: A<br />full-citation-form: σύμφορος, ον<br />bdag-headword: σύμφορος<br />danker-entry: σύμφορος, ον<br />mounce-headword: σύμφορος<br />gk: 5239<br />mounce-morphcat: a-3a
G74733	συναλλάσσω	pos: V<br />bdag-headword: συναλλάσσω<br />danker-entry: συναλλάσσω<br />mounce-headword: συναλλάσσω<br />gk: 5261<br />mounce-morphcat: cv-2b
G74760	συνεπιτίθεμαι	pos: V<br />bdag-headword: συνεπιτίθημι<br />danker-entry: συνεπιτίθημι<br />mounce-headword: συνεπιτίθημι<br />gk: 5298<br />mounce-morphcat: cv-6a
G74781	συνιστάνω	pos: V<br />danker-entry: συνίστημι, συνιστάνω, συνιστάω
G74790	συνοράω	pos: V<br />bdag-headword: συνοράω<br />danker-entry: συνοράω<br />mounce-headword: συνοράω<br />gk: 5328<br />mounce-morphcat: cv-1d(1a)
G74875	ταπεινόφρων	pos: A<br />full-citation-form: ταπεινόφρων, ον, gen. ονος<br />bdag-headword: ταπεινόφρων<br />danker-entry: ταπεινόφρων, ον, gen. ονος<br />mounce-headword: ταπεινόφρων<br />gk: 5426<br />mounce-morphcat: a-4b(1)
G74959	Τίτιος	pos: N<br />full-citation-form: Τίτιος, ου, ὁ<br />bdag-headword: Τίτιος<br />danker-entry: Τίτιος, ου, ὁ<br />mounce-headword: Τίτιος<br />gk: 5517<br />mounce-morphcat: n-2a
G74993	τρῆμα	pos: N<br />full-citation-form: τρῆμα, ατος, τό<br />bdag-headword: τρῆμα<br />danker-entry: τρῆμα, ατος, τό<br />mounce-headword: τρῆμα<br />gk: 5557<br />mounce-morphcat: n-3c(4)
G75000	τρίμηνον	pos: A<br />full-citation-form: τρίμηνος, ον<br />danker-entry: τρίμηνος, ον
G75004	τρίτον	pos: D/A?<br />danker-entry: τρίτος, η, ον
G75029	τυπικῶς	pos: D<br />bdag-headword: τυπικῶς<br />danker-entry: τυπικῶς<br />mounce-headword: τυπικῶς<br />gk: 5595<br />mounce-morphcat: adverb
G75082	ὑπερεκπερισσοῦ	pos: D<br />bdag-headword: ὑπερεκπερισσοῦ<br />danker-entry: ὑπερεκπερισσοῦ<br />mounce-headword: ὑπερεκπερισσοῦ<br />gk: 5655<br />mounce-morphcat: adverb
G75089	ὑπερλίαν	pos: D<br />bdag-headword: ὑπερλίαν<br />danker-entry: ὑπερλίαν<br />mounce-headword: ὑπερλίαν<br />gk: 5663<br />mounce-morphcat: adverb
G75121	ὑπόλειμμα	pos: N<br />full-citation-form: ὑπόλειμμα, ατος, τό<br />bdag-headword: ὑπόλειμμα<br />danker-entry: ὑπόλειμμα, ατος, τό<br />mounce-headword: ὑπόλειμμα<br />gk: 5698<br />mounce-morphcat: n-3c(4)
G75179	φάρμακον	pos: N<br />full-citation-form: φάρμακον, ου, τό<br />bdag-headword: φάρμακον<br />danker-entry: φάρμακον, ου, τό<br />mounce-headword: φάρμακον<br />gk: 5760<br />mounce-morphcat: n-2c
G75431	ψίξ	pos: N<br />full-citation-form: ψίξ, ιχός, ἡ<br />bdag-headword: ψίξ<br />danker-entry: ψίξ, ψιχός, ἡ
G75460	ὠτάριον	pos: N<br />full-citation-form: ὠτάριον, ου, τό<br />bdag-headword: ὠτάριον<br />danker-entry: ὠτάριον, ου, τό<br />mounce-headword: ὠτάριον<br />gk: 6064<br />mounce-morphcat: n-2c
